name,bio,location,investment_stages,investment_markets,portfolio_companies
Aadil Ebrahim,,singapore,seed,,
Aadil Mamujee,"Aadil has spent the last decade working in technology in Europe and USA. He was most recently VP of Product Management at Pocket Gems, a mobile entertainment company, where he was one of the founding employees and first product manager. He helped grow the company profitably to 200+ staff and 200M users. Previously Aadil worked in the early-stage investment team at Index Ventures and at Google in London. Aadil has a MEng from Cambridge University and an MBA from Harvard Business School. Aadil was born and raised in Mombasa, Kenya.",new-york-new-york,"Pre-Seed, Seed, seed, Series A","fintech,healthcare,agtech-food,edtech",
Aaél Ma PJ,"Founder, Happiest Community (happiestcommunity.com), Happiest Work (happiestwork.com)",malibu-california,"early_stage_venture, seed",,
Aakash Anand,Aakash Anand is the Founder of Unikon.ai. He previously worked at Square Yards as a VP and Head of SquareConnect. Aakash Anand attended Northumbria University.,gurgaon-haryana,,,
Aakash Kumar,"So many ups and downs in life from financial, depression and others. I always come out with a better version of myself due to my hunger, passion, and attitude that keeps me saying ""I am down but the race will be over when I want it to be over. I am a believer to improve myself on daily basis.""

My hunger for more makes me unique and a better leader because success is a journey, not a milestone and I want to reach the pinnacle.

The interesting part about me is I can't be easily satisfied because my brain keeps taunting me, is that your best? 
I believe that I am not like others. I am different, one of my kind.

When I was in my teens I played for UPCA under-16, under-19 after that coming to engineering and got the attention in technology industry when I cracked Microsoft latest Operating System Windows 10 after that, Microsoft Corp. offered me a job at their Head Quarter Redmond - Washington DC.
At the same time due to some of my works in the technology industry, media compared me with - Satya Nadela CEO Microsoft, Sundar Pichai CEO Google, Steve Jobs Founder Apple.Inc and Bill Gates Founder Microsoft.Inc.
That flashing news was one of the reasons that I didn't join Microsoft. Although the bigger reason was something else.

My passion is to provide excellent & meaningful innovations to the world, in a manner that generates fair and equitable returns, and superior value to users.

There are 2 categories I found ""first - who do the change"" & ""second - who see the change"", and my purpose of doing everything is to be in the first category.

I love helping people, governments, universities, and organizations with my knowledge.

People will see the changes in their life soon, I and my team are working on it with all the passion to make their life happier and easier.

Thanks for your time

""One of my kind.""",noida-uttar-pradesh,,,
Aakash Moondhra,"A Chartered Accountant and Company Secretary, Moondhra is also an MBA from the Southern Methodist University - Cox School of Business, in the US with Beta Gamma Sigma Honors. Previously, he worked as the CFO of Snapdeal, where he was also responsible for Legal, Corporate Affairs, Internal Controls and Risk. During his time at Snapdeal, Moondhra contributed to their 100X growth in GMV, raised USD 1 billion from marquee investors and closed multiple acquisitions. Over the last 20 years, Moondhra has worked with ANZ Grindlays Bank, Andersen Consulting, AT&T and Bharti Group in various roles and even spent time as an entrepreneur selling readymade kitchens in India.",amsterdam-noord-holland,,fintech,
Aakash Sachdev,"Aakash Sachdev is based out of Mumbai, Maharashtra and is the Managing Partner and Founder of Sky Impact Capital. Aakash previously worked at Edunation Services Pvt. Ltd. as a Co-Founder. Aakash Sachdev attended the University of Michigan - Stephen M. Ross School of Business.",mumbai-maharashtra,,,
Aakash Tulsani,"Aakash Tulsani is a Senior Principal at B Capital. Prior to B Capital, Aakash was a Principal at The Parthenon Group specializing in private equity diligence and strategy projects across emerging markets – leading teams across SE Asia, China, and Africa.

Aakash holds a Bachelor in Engineering from IIT Delhi and an MBA from Chicago Booth School of Business.",singapore,,"saas-enterprise,ai-ml,edtech",
Aakrit Vaish,"Aakrit Vaish is the co-founder and CEO of Haptik, who pioneered the wave of conversational AI starting back in 2013. Today, Haptik is one of the world's largest companies in the space with offices in New York, Los Angeles, Mumbai, Singapore, and clients that include names such as KFC, Starhub, Zurich Insurance, Ola Cabs, Hotstar, Oyo Rooms, Kotak Life. In April 2019, Reliance Industries acquired the majority shareholding in the company in a $100 million transaction, making Haptik one of the highest valued AI companies globally. Outside of Haptik, Aakrit is an investor in startups in the areas of consumer/consumer tech and B2B SaaS. Notable investments include Unacademy (valued at >$200 million), Pepper Content, Park+, Flat White Capital, Third Wave Coffee, Ayoconnect, Boxhub, Dataweave, Haikujam (Ligthtbox backed), Flatchat (sold to Commonfloor in 2014), Tookitaki, Dil Mil, Ayopop, iON Energy, Talent Litmus, among others.

Prior to Haptik,Aakrit was an early member of the team at Flurry, one of the world's largest mobile analytics and advertising platforms, acquired by Yahoo in 2014. Aakrit received his BS in Industrial Engineering from the University of Illinois, Urbana Champaign and was named as a contender to the Forbes India 30 under 30 list in 2015.",mumbai-maharashtra,seed,,
Aakshat Nimavat,"At Website Design Johannesburg, our team of innovators and digital marketers in tech and design bring skills above and beyond the ordinary to every project.

We have designed and developed numerous websites to a detailed specification for many clients across the South Africa.",south-africa,early_stage_venture,,
A Alberto Lugo,"A. Alberto Lugo, as the CEO and Founder of Framing Futures Architectural Firm (FFAF), has been instrumental in steering the firm toward success since 2019. Positioned in Southern California, he expertly manages the firm's daily operations and the intricate design processes accompanying the array of projects FFAF is renowned for. His role involves close coordination with a board of executives to recruit and mentor top-tier architects, fostering a culture of innovation in designing state-of-the-art commercial and public buildings. Before embarking on his entrepreneurial journey with FFAF, he distinguished himself in architecture, dedicating ten years as a Senior Architect at several leading firms. His extensive experience includes tenure at Parkins and Rhodon in New York and Fentrell Architects in San Francisco. His formative years in the profession were spent at a company founded by his father in 1990, where he evolved from an intern to a Project Architect. Preceding his architectural pursuits, he provided consultancy services to a small business development firm in New York City.

His academic foundation was laid at the University of Pennsylvania, where he earned a Bachelor of Business. However, his passion for architectural design prompted a shift in his career path, leading him to Cornell University to pursue a Master of Architecture, a degree he earned with honors. His quest for knowledge continued with advanced studies in Building Science and Technology and a further specialization in Environmental Systems. Throughout his career, which spans over twenty years, A. Alberto Lugo has made significant contributions to numerous prestigious architectural endeavors, including in Eastchester, NY. His notable collaborations include working with the San Francisco Historic Buildings Committee and designing a pioneering sustainable structure for the Hagman's Group of NYC. During his tenure at previous firms, he led the design of a comprehensive shopping center, conceptualized a multi-story religious tower, and played a vital role in developing affordable housing in collaboration with urban development teams, with additional impactful projects in Eastchester.

Renovations with the San Francisco Historic Buildings Committee (2012)

In 2012, A. Alberto Lugo embarked on one of his most defining projects — a collaboration with the San Francisco Historic Buildings Committee to revitalize key public service spaces in the city. This project was not just an architectural challenge; it was an opportunity to blend modern design principles with the preservation of historical character, a task that required both technical expertise and creative vision.

Lugo's role in the project involved overseeing the renovation of several century-old municipal buildings. Each structure presented unique challenges, from deteriorating facades to outdated interiors that no longer served the community's needs. Rather than imposing modern designs that would clash with the original architecture, he focused on honoring the past while adapting the spaces to meet contemporary standards. His approach involved meticulous research into the architectural history of San Francisco, ensuring that every alteration would remain faithful to the spirit of the original designs.

One critical aspect of the renovation was upgrading the buildings to align with modern environmental standards. Lugo incorporated sustainable elements such as energy-efficient lighting, reclaimed wood, and advanced water-saving technologies. These updates helped maintain the structures' historical integrity while making them more eco-friendly and functional for public use.

Lugo's leadership extended beyond design. He worked closely with local authorities, preservationists, and contractors to navigate the complexities of city regulations. His ability to balance stakeholders' expectations with the demands of urban development earned him respect from both the committee and the community.

This project was a defining moment in A. Alberto Lugo's career, reinforcing his philosophy that architecture should bridge the past and future while serving the environment. The completed renovations were widely praised for their seamless integration of modern functionality and historic charm, transforming the spaces into hubs of community engagement. His work with the San Francisco Historic Buildings Committee exemplifies his commitment to sustainable design, historic preservation, and urban revitalization, setting a new standard for future architectural endeavors.",greenwich-connecticut,,,
Aamer Naeem,"Aamer Naeem is the Director of Innov8 Creative Solutions Ltd, a consultancy providing strategic and operational support to a range of organizations as well as delivers Leadership Development Programmes across public, private and voluntary sectors.",united-kingdom,,,
Aamir Naik,"Aamir Naik is an Indian singer from district Ramban of Jammu and Kashmir India.He recently debut from a music video FARAK and UDAAN.Aamir Naik is a famous Indian Tech YouTuber, singer, musician, actor, and internet celebrity born in Ramban, India.Aamir Naik was born in Ramban,Jammu and Kashmir. His father’s name is Shahijahan Naik and his mother’s name is Gulshan Begum is a housewife.At the age of 16, he made his own identity in YouTube as a Tech YouTuber “Aamir Naik Music” in Jammu,where Aamir used to make videos related to music, but in the year 2017 due to YouTube’s community guidelines, Aamir channel Suspended by YouTube. Over 40,000 subscribers were lost overnight, meaning Aamir Naik channel was suspended by YouTube and aamir used to simultaneously edit music videos for Jammu’s music company. Aamir Naik also made his musical interest together, after which in the year 2018, aamir made a mashup song of FARAK song which became quite popular. After which, Aamir Naik became a musician keeping his interest in music. Apart from this, Aamir has also made a film like (Dark Web: FARAK, Ek Pyaar, etc.) Aamir is also the director at this time who has made many films.Aamir Naik has been interested in singing, acting, technology, mobile, computers since childhood, as well as he also takes a lot of interest. He studied till in BE Civil Engineering. Career – He is starting his career as a music video editor, in the past 2016 and current activities in the music industry. He is also known as an actor and music director. Aamir Naik has two brothers Waseem Naik and Sameer Naik and one sister Muskaan Naik.",jammu-jammu-and-kashmir,,,
Aamir Nasir,,dubai-united-arab-emirates,"convertible_note, early_stage_venture, seed",,
Aamir Qutub,GBEA Young Entrepreneur of the Year. Tech Investor & CEO Enterprise Monkey.,geelong-victoria,early_stage_venture,,
Aamir Virani,"Co-Founder and COO of Dropcam.
Aamir is interested in data -- it doesn't matter if it's in hardware, software, or people. Lots of interesting things remain to be learned.",san-francisco-california,,,
Aanand Radia,"Aanand Radia is a Managing Director at University Ventures. Prior to University Ventures, Aanand was a private equity investor at BlackRock, the world’s largest asset manager, where he focused on Financial Services and Special Situations. Prior to BlackRock, Aanand worked at EdisonLearning (formerly Edison Schools), an early pioneer in the charter school movement and later a diversified K-12 education technology and services company, where he focused on corporate strategy, business development, new product and finance initiatives. While at Edison, Aanand helped to develop an alternative education product offering delivered through a hybrid/blended learning environment. Aanand started his career at Patriot Capital, a middle market private equity firm, where he made investments across a broad range of industries. Aanand received his B.S. in Economics from Carnegie Mellon University. “Aanand helps lead the firm’s investment in Galvanize, Revature, and the firm’s student finance related investments.",new-york-new-york,,edtech,
Aanaya Arora,"AANAYA ARORA PROVIDES CONSULTING FOR: - AFFORDABLE INTERNATIONAL MEDICAL TOURISM TO CLIENT`S FROM ALL OVER THE WORLD AND SERVICES IN 106 COUNTRIES. - BUSINESS CONSULTING, IMMIGRATION SERVICES, EDUCATION CONSULTING, COMPANY FORMATION, BANK ACCOUNT OPENING, VIRTUAL OFFICES, VOIP SERVICES, OFFSHORE CONSULTING, TRADEMARK REGISTRATION, LEGAL SERVICES,HUMAN RESOURCES, IT SOLUTIONS AND MUCH MORE IN 109 COUNTRIES. For More Details Please Visit https://www.nitinaroras.com",united-kingdom,"crowdfunding, late_stage_venture, private_equity, venture",,
Aan Kreasinova,"Hey, I’m Kreasinova. I’m a photographer living in magelang. I am a fan of photography",magelang-jawa-tengah,private_equity,,
Aan Setyawan,"Aan Setyawan is Full-Time Blogger, Internet Marketer & Entepreneurship since 2016.

He live in Depok, Indonesia and use 60% daily time  to improve blogging skill, trading and internet marketing and other self improvement  40% for life relation. He also run business ecommerce to sell cow, tool kits, clothes, food products, and serve service in advertising, conten marketing, amd linkbuilding,",,secondary_market,,
Aaref Hilaly,"Aaref Hilaly is a Founder and Partner at Bain Capital Ventures. Aaref previously worked at CenterRun as a Founder and CEO. He attended Harvard Business School, McGill University, and University of Oxford.

Aaref works with enterprise, internet, and mobile companies. Prior to joining [Sequoia Capital](http://www.sequoiacap.com) in 2012, he was the CEO of [Clearwell](http://www.crunchbase.com/organization/clearwell-systems), a leading provider of analytics software for electronic discovery. Aaref grew Clearwell from a handful of engineers into a profitable company with an annual revenue run-rate of over $100 million, leading to its acquisition by Symantec in 2011.

Prior to that, Aaref was the Founder and CEO of CenterRun, a pioneer in datacenter automation, which was acquired by Sun Microsystems.

Aaref holds an MBA from Harvard Business School, a Masters degree in Economics from McGill University, and BA degree from Oxford University. (Sequoia Capital)",san-francisco-california,"Seed, Series B+, seed, Series A","saas-enterprise,fintech,ai-ml,iot-hardware,cloud-infrastructure","Clari, Tecton"
Aare Järvan,,brussels-brussels-hoofdstedelijk-gewest,seed,,
Aariya Rafi,"Aariya Rafi is a Serial Entrepreneur, Author and He is the Founder & CEO of RankFame, a Result-Driven PR Agency. He Works with Six-Figure Business Owners and helps them to Attract Dream Clients, Become Industry Leaders And Dominate Google First Page.",,private_equity,,
Aarjav Trivedi,"Aarjav is the founder and CEO of RideCell. Before RideCell, Aarjav worked in engineering at SpiDynamics (Acquired by HP) and as a research engineer at CipherTrust and Secure Computing (Acquired by McAfee) where he helped invent and ship security systems used by over 40% of the Fortune 500 as well as the Pentagon. Aarjav has a Masters degree in Computer Science from Georgia Tech and a Bachelors in in Computer Science from University of Mumbai.",san-francisco-california,seed,,
Aarna Patil,"Independent Escorts: Mumbai's independent escorts are highly educated and speak several languages. They can converse with high-profile clients and suggest various issues for them. Some of these girls are even members of the high-class social crowd. Whether you're planning an extravagant evening for two or are simply looking for a little adventure, these call girls will satisfy your needs and keep you satisfied.",mumbai-maharashtra,venture,,
Aaron Allon,"Aaron Allon is the Senior Product Manager, at Amazon Transportation Services of Amazon. He attended Columbia Business School.",new-york-new-york,seed,,
Aaron Allsbrook,"Aaron Allsbrook, ClearBlade CTO and product visionary for the ClearBlade Platform and EDGE brings decades of application tooling development and runtime experience to the emerging technologies in the Internet of Things.  Early on, Aaron engineered software at IBM building scalable performant platforms for developers to design, develop, and execute modern workloads.  As a practitioner, Aaron began working in the field with enterprises to enable cutting edge solutions while leveraging existing technical assets. Today he provides a depth of expertise necessary to understand the challenges, opportunities and transitions required for large Enterprises to engage with the IoT.",austin-texas,seed,,
Aaron Applbaum,,tel-aviv-yafo-tel-aviv,"seed, convertible_note, early_stage_venture, venture","saas-enterprise,ai-ml,iot-hardware,cloud-infrastructure,logistics-supply-chain",
Aaron Asher,,,seed,,
Aaron Barr,Aaron Barr is a Co-Founder and Chief Technology Officer at PiiQ Media. He attended Colorado Technical University.,seattle-washington,,,
Aaron Batalion,"Aaron Batalion is a hacker, entrepreneur, public speaker, senior technology leader, and the co-founder and CTO of LivingSocial, an online marketplace that trades deals on various products and services. Prior to that, he worked at Blockbuster, RevolutionHealth, and HungryMachine. Batalion is a regular speaker on technology and entrepreneurship at conferences such as SxSW, Tech Cocktail, RailsConf, and more. He also invests in and advises startups on product, technology, and growth.


Batalion received a B.S. in Computer Science and a B.A. in Asian Studies, with a concentration in Japanese language and religion from Lehigh University.


Aaron Batalion lives in San Francisco.",san-francisco-california,seed,"saas-enterprise,ecommerce-retail,iot-hardware,marketing-adtech,gaming",
Aaron Benway,"Aaron holds long-standing interests on such diverse topics as mutual funds, behavior psychology, nutrition, and US government food policy. HSA Coach represents an opportunity to make consumer health plans, and in particular, health savings accounts (HSA’s), work, while integrating with people's broader financial lives. With a particular emphasis on financial wellness, Aaron is passionate about enabling everyone to live the life they want through daily decisions that support their vision. Aaron has an electrical engineering degree from the US Naval Academy and an MBA from Harvard Business School.",mclean-virginia,,,
Aaron Bertinetti,"Aaron Bertinetti is responsible for Glass Lewis’ research and engagement activities across all markets globally and is a member of Glass Lewis’ executive leadership team. He leads a staff of more than 200 across seven global locations that annually publishes research on approximately 25,000 meetings and engages with more than 3,000 companies. Aaron originally joined Glass Lewis in 2008 via the Australian subsidiary, CGI Glass Lewis, specializing in research, engagement and business development to expand the Australian client base and operations. He ultimately served as General Manager of CGI Glass Lewis for 2 years before being promoted in 2015 to head Glass Lewis’ global research and engagement operations and relocating to San Francisco. 

He is an angel investor in dozens of technology-focused startups, non-executive chairman of private gaming company Surprise Attack and an advisor to the venture capital firm and startup accelerator Capital Pitch. 

He has a Bachelor of Economics from the University of Sydney and is a graduate of the Future Directors Institute.",san-francisco-california,seed,"saas-enterprise,fintech,media-entertainment,robotics-automation,gaming",
Aaron Bhatnagar,"Aaron Bhatnagar is an investor and venture capitalist based in Auckland, New Zealand. Aaron invests significant funds in early growth businesses ready to commercialise their offerings to the market.",auckland-auckland,,,
Aaron Bird,Aaron Bird is the Founding Partner at Pienza. He is also a Co-Founder and Board Chair at Inflection.io.,seattle-washington,seed,,
Aaron Block,"Aaron is Co-Founder and Managing Partner of MetaProp, a New York-based venture capital firm focused on the real estate technology (“PropTech”) industry. Founded in 2015, MetaProp’s investment team has invested in 100+ technology companies across the real estate value chain. The firm manages multiple investment funds for both financial and strategic real estate investors representing a pilot- and test-ready sandbox of 15+ billion square feet across every real estate asset type and global market.

Aaron served as Chairman of Chicago-based BayRu, LLC, the US-Russia ecommerce shopping and shipping specialist and eBay.com’s exclusive drop shipping partner for Russia/CIS consumers. After Aaron joined the company in 2010 as an investor and CEO, BayRu grew to become the 8th largest international online retailer in Russia. In 2013, BayRu was #11 on the Inc5000 “Top 100 Retail Companies” list and was named “Exporter of the Year” by the official export promotion magazine of the U.S. Department of Commerce.

Prior to BayRu, Aaron was a commercial real estate executive with Cushman & Wakefield and oversaw more than 270 professionals as leader of the Chicago region. Aaron received numerous honors and awards during his real estate career including Top Producer, Most Creative Deal, Agency of the Year and Most Promising Brokerage Professional.

Aaron has a BA from the Univesity of Illinois and an MBA from DePaul University. He is co-author of PropTech 101 (proptech101.com) published by Advantage Media. He has also been featured in dozens of international publications and media including The Wall Street Journal, Forbes, Yahoo Finance, Chicago Tribune, Crain’s, CBS Radio, The Moscow Times, RIA Novosti, RBK, Vedomosti, and Kommersant.

Outside of work, Aaron served as a board member of numerous organizations including Young Presidents Organization (“YPO”), New York City Community Board Five, and Friends of the Chicago River. In addition to English, Aaron also enjoys speaking Spanish and Russian.",new-york-new-york,"late_stage_venture, Pre-Seed, venture, Series A, Seed, seed, early_stage_venture",real-estate,
Aaron Burcell,"Aaron Burcell  is the Managing Director, Growth & Digital Marketing at Roc360. He attended Stanford University.",san-francisco-bay-area-california,,,
Aaron Chatterley,"Aaron Chatterley is Co-Founder of Europe’s largest online beauty retailer feelunique. He is also an active investor, advisor and NED in several tech and disruptive businesses.

He was voted one of the 50 most powerful people in Online Retail for 2014 by Retail Week, IoD Director of the Year for a Large Organisation 2013 and finalist in the UK Ernst & Young Entrepreneur of the Year 2012. 
",jersey,,,
Aaron DeBevoise,"Aaron DeBevoise serves as Chairman, CEO and Founder at Network of One, the leading data science and technology company discovering, valuing and investing in digital content at scale. Over the last two years, the company has built the largest cross platform database measuring human behavior specific to video, audio and images. Network of One currently tracks over 1 trillion data points measuring human intent of over 2 billion annual uniques. Network of One’s technology platform is focused on predicting viewership of any digital asset and as a result, the company expects to invest over $300 million over the next 12 months to empower content creators. DeBevoise is a recognized industry leader and pioneer in the next generation of digital content. As an entrepreneur and founder of multiple venture-backed technology companies, his expertise spans across content creation, digital marketing, predictive analytics, big data systems, data visualization and business intelligence. Prior to Network of One, for over eight years, DeBevoise was Co-Founder and EVP of Network Programming at Machinima, the original Multi-Channel Network with over 3 billion monthly views and 250 million monthly unique visitors. Additionally, DeBevoise co-founded StyleHaul in 2010, the largest global fashion and style community of content creators, which in 2014 was acquired by RTL Group, the European TV and radio conglomerate, for $200 million. Prior, DeBevoise spent five years at JPMorgan Entertainment Industries Group, where he leveraged large data sets and predictive analytics to deploy nearly $7 billion of deficit-financing for independent production companies creating films such as “The Dark Knight” and “Superman.” DeBevoise graduated Magna Cum Laude and Phi Beta Kappa from Williams College with a B.A. in Economics. He currently resides in Los Angeles with his wife and two children.",los-angeles-california,seed,,
Aaron Dignan,Aaron Dignan is the Co-Founder and Chief Executive Officer of Plumb. He previously worked at Undercurrent as a Chief Executive Officer. Aaron Dignan attended the University of Colorado Boulder.,new-york-new-york,seed,,
Aaron Doades,,new-york-new-york,seed,,
Aaron Dungca Needham,"Aaron Dungca Needham  enjoy listening to podcasts that entertain and teach me about my surroundings.  Podcasts like, StarTalk, Mysterious Universe, Brain Science, TED Education, TED Science and Medicine, Ed Mylett Show, Stuff to Blow Your Mind, Joe Rogan Experience, and Myths and Legends.",greater-boston-area,initial_coin_offering,,
Aaron Endré,"10+ years of experience helping dozens of growth-stage tech companies get to the next level. The results include 9+ startup acquisitions by the likes of Facebook, Oracle, and Citrix and more than $2 billion in VC funding raised to date. Endré Communications is the winner of the 2020 Public Relations and Marketing Excellence Award from the Business Intelligence Group.",san-francisco-california,,,
Aaron Everhart,"Aaron is a commercialization, communications, and tech expert serving clients since 1995, mostly for WPP companies Grey and Landor. He founded a boutique communications agency in Vietnam in 2005, now named ABLINK. He founded HATCH! for entrepreneurs in Vietnam in 2012 (acquired by Draper Startup House International (Singapore) in 2021). HATCH! has supported 1,000’s of founders in Southeast Asia, and continues its mission today as Draper Startup House Vietnam. He has been a top-rated mentor for Founder Institute cohorts since 2014.",da-nang-na---vietnam,"convertible_note, seed, non_equity_assistance, private_equity, early_stage_venture","saas-enterprise,travel-hospitality",
Aaron Fjellman,"Aaron Fjellman (Born on 7th November 1976 in Lake Arrowhead,  California) is an American writer and director. Recently, he made his feature film debut with Caged, a psychological thriller about the horrific, mind-bending effects of solitary confinement. The film stars Edi Gathegi (X-men First Class), Melora Hardin (The Office), and Angela Sarafyan (Westworld).

Born and raised in Southern California, he attended film school at the Academy of Art University in San Francisco. After college, he moved back to Los Angeles and began his career as a director, working on music videos, commercials, and digital shorts with an array of American and European clients. His short-form work garnered opportunities to travel the world, forging significant friendships and loyal business partners along the way. A boyhood infatuation with genre filmmaking influences his project choices and distinct visual style to this day. Little did he know that an obsession with pop culture's dark side would one day fuse with his desire to promote meaningful social change through art.

Telling stories without limits that explore social issues in unexpected ways has become more than just the byline of his CV. It's a personal mantra at his newly formed production company Panic House Films (co-founded with Caged producer Pete Kirtley), and a worthy litmus test for the projects he intends to pursue in the future.",los-angeles-california,,,
Aaron Florence,"Founder of Brimstone - UXO and former British Army officer, Aaron quickly established Brimstone as the fastest growing UXO company and only privately owned company to be government assured for explosive ordnance disposal activities in the UK.",united-kingdom,,,
Aaron Frank,"As a born-again fintech evangelist, Aaron manages Final's relationships with partners and investors, and explores the effects of new technology on personal payments. As a former IBM’er and then employee #1 of Techstars company Simple Energy, Aaron built the engineering team and architecture to deliver utility data to millions of users around the country. He holds BAs from the University of Maryland in Math and Physics.",oakland-california,,,
Aaron Fu,"Aaron has 10+ years of global experience building, scaling and investing in technology products in corporate and startup environments. He has co-founded both B2B & B2C businesses, in Africa - he has led seed stage equity investments in 20+ startups (totaling $2m+), driven the exit of 3 startups in Africa, he also sits on the board of of startups ranging from AgriTech to Transport and has worked with 100s through partners like Visa, MTN, Airbus, Société Générale and the World Bank.

Prior to the Catalyst Fund, he was the Managing Director of MEST, Africa’s Largest Pre-Seed Incubator, and Managing Partner for Africa at Nest.vc, a Hong Kong based fund, which he joined after a career in financial services.",nairobi-nairobi-area,seed,,
Aaron Fyke,Aaron Fyke is the Founder & Managing Partner at Thin Line Capital.,los-angeles-california,,,
Aaron Galvin,"Aaron Galvin is the Founder of Luxury Living, a vertically integrated, Chicago-based residential real estate company offering boutique brokerage services balanced with best-in-class multifamily consulting, marketing, leasing, and development.

Under his leadership, which began in 2007, the firm has captured the leasing and renewal of 27,000 apartments, $200 million in for-sale condos and homes, and the generation of $10 billion in capitalized value for multifamily developers and owners. 

The company’s growth has been recognized as an Inc. 5000 fastest-growing company on six occasions and was also highlighted on Financial Times' fastest growing companies in America list. Additionally, Luxury Living has been consistently recognized for its marketing and consulting work, earning numerous awards from the Chicagoland Apartment Association (CAA), Multi-Housing News, GlobeSt, and more.

Day-to-day, Aaron is focused on strategic growth, with an emphasis on expanding Luxury Living’s portfolio of Class A multifamily properties where the company has an ownership stake. He also provides consulting and third-party leasing for Chicago’s most prominent multifamily developers and capital partners.

Aaron is a trusted expert in the multifamily industry. His thought leadership has been featured in The Wall Street Journal, Insider, Crain’s Chicago Business, The Chicago Tribune, NBC Nightly News, The Real Deal, Multifamily Executive, and numerous other outlets. He has earned top industry and business accolades, including winning Executive of the Year at the 2022 Illinois Real Estate Journal Awards and being named a Crain’s Notable Entrepreneur in 2019. He is also a member of the Chicagoland Apartment Association Multifamily Preview planning committee and the Urban Land Institute. 

Furthermore, Aaron is an early-stage investor and advisory board member for a number of real estate technology companies.

A graduate of Miami University (OH) — where he studied public relations and marketing — Aaron’s passion has always been interacting with people and helping others achieve success.

He is an avid tennis and pickleball player and cyclist. Above all, he loves to spend time with his wife, Amy, and their two daughters.",chicago-illinois,,,
Aaron Gershenberg,"Aaron Gershenberg is a founder of Silicon Valley Bank’s fund of funds and direct investment group, SVB Capital. Aaron joined SVB in 1999 and has been part of the venture capital industry since 1996. Under his leadership, the group has over $1.7 billion under management across fund of funds, direct funds and separate accounts. Aaron’s expertise is evaluating venture capital funds and growth funds globally. He has published numerous articles on the health and future of venture capital and is frequently invited to speak as well as participate on panels across the globe.

Prior to joining SVB, Aaron oversaw the opening of FirstCorp’s Northern California office, a venture leasing company focused on early stage companies. In this capacity, Aaron was responsible for providing venture financing to more than 50 startup technology companies. Previously, Aaron was part of the investment banking group for Union Bank of California and the real estate consulting practice of Deloitte & Touche.

Aaron earned a bachelor’s degree in Economics and African Studies from Wesleyan University and a master’s degree in finance from the John F. Kennedy School of Government at Harvard University.

Aaron combines his passion for philanthropy with his love of the outdoors. In 1984 he joined 50 students biking from Boston to Los Angeles, raising money for Oxfam America. In 1993, Aaron was a founder of the Hearst Castle Best Buddies ride, a 100 mile ride from Carmel to the Hearst Castle benefiting the intellectually and developmentally disabled. This is his 10th consecutive year of participation. SVB team had 245 members and raised over $600,000.00 Aaron serves as a board member of Best Buddies International.",menlo-park-california,,,
Aaron Gillum,Aaron Gillum is a Senior Vice President in the Private Equity Group at 50 South Capital Advisors. He is responsible for sourcing and analyzing venture capital partnership investment opportunities in the U.S. Aaron is also responsible for fundraising activities and portfolio management.,chicago-illinois,,,
Aaron Giroux,"Aaron Giroux is Chairman of AuraLife, helping to advise on strategy, business development, and capital raising initiatives.",newport-beach-california,seed,,
Aaron Golbin,"Aaron Golbin is the Founder and Chief Executive Officer of The American Post and DebateIsland.com.

An entrepreneur and investor with experience in the Internet, Media, and Financial Technology (Fintech) sectors, Aaron has over 7 years in successfully leading startups and companies, running business units and functions, and creating revolutionary products and units utilizing Artificial Intelligence (AI) and technology. He utilizes an innovation, product, technology, and strategy-oriented attitude to significantly develop and grow the ventures he participates in and has expertise in efficiently hiring diverse and capable teams.

Golbin currently leads The American Post, a speedily-growing startup that offers the first and only online platform that enables people to discover curated opinion articles on a wide-range of political topics and also publishes fact-based, nonpartisan pieces. Additionally, he heads DebateIsland.com: once a small venture started by him in 2016 at the age of 12, which is now a global technology enterprise that’s the largest online debate platform in the world, pioneering innovative AI products, casual online debating, and an award-winning Education Technology (EdTech) solution, all grown with virtually no advertisement spending.

In 2021, Aaron joined POWAN Initiative, a ~100 person 501(c)(3) nonprofit organization that is revolutionizing education by introducing free, live, and personalized online education to K-12 students for a variety of topics, academic and personal, to lead their strategy function. There, he spearheaded its successful pivot in mid-2021, helped increase its consumer unit’s strategic partnerships, develops organizational strategies, and is involved in program management.

Golbin is also a Strategic Advisor in UpNext, a Fintech startup that operates a Decentralized Finance (DeFi)-powered application for entrepreneurs to raise capital for, and grow, their venture.

Before joining POWAN, Aaron was the Chief Technology Officer and Director of Strategy at Hatchr — an organization he co-founded — and was the Board Member and Director of Organizational Strategy and Operations at iDEA, an entrepreneurship-focused nonprofit organization.

Golbin, experienced in business, entrepreneurship, finance, politics, cryptocurrency, DeFi, AI, and FinTech, has been featured twice in Forbes and Inc., MSN Money, Bold TV, and many other media outlets. He’s also a frequent writer, with his work being in The American Post, the United States Holocaust Memorial Museum, and other entities, and often participates in Podcasts.",washington-dc-metro-area,,,
Aaron Goldman,"Aaron Goldman is a Managing Director and Head of General Atlantic’s Enterprise Technology sector, where he leads the firms efforts around enterprise and vertical software and innovative technologies. Prior to his current role, Aaron Co-Headed Financial Services where he focused on Fintech and Payments. In addition to the companies listed below Aaron has been involved in our investments in Clip, d:local, Fireblocks, Mollie, Outsystems, NYDIG, PingPong, Riskified, Spendesk, Strike and Visma. 

Prior to joining General Atlantic in 2007, Aaron was part of the growth equity arm of the Fremont Group in San Francisco where he made several investments in the Internet, communications and healthcare sectors. While at the Fremont Group, he served as President and Chief Financial Officer of LPL Technologies, a growth stage company focused on the early diagnosis of ovarian cancer. Prior to that, Aaron was an Analyst in Donaldson, Lufkin and Jenrette’s Leveraged Finance group.

Aaron serves on the boards of current portfolio companies Fresha, Gen II, Guideline, Jobber, and Modulr. He is also an observer on the boards of ISS STOXX, Spendesk, Talos, and HighLevel. 

Aaron graduated magna cum laude with a B.S. in economics and a concentration in finance from The Wharton School of Business at the University of Pennsylvania. He also earned an M.B.A. from Harvard Business School where he graduated with highest distinction and was a Baker Scholar. Aaron serves on the board of directors of Citymeals-on-Wheels.",new-york-new-york,,"fintech,ecommerce-retail",
Aaron Harris,,san-francisco-california,seed,,
Aaron Henshaw,Aaron Henshaw is the Head of Engineering at Grand St.,brooklyn-new-york,,,
Aaron Higbee,"Aaron is the co-founder and CTO of  Cofense, formerly known as PhishMe. He is responsible for directing all aspects of development and research that drives the feature set of this market-leading solution.",leesburg-virginia-fa31,,,
Aaron Hirschhorn,Aaron Hirschhorn is the Founder of Gallant. He UCLA Anderson School of Management from 2003 to 2005.,santa-monica-california,,,
Aaron Holiday,"Aaron is the co-founder and Managing Partner at 645 Ventures. He oversees the firm’s investing approach, strategy, investor relations, and governance.

Prior to 645, he developed advanced equities program trading and foreign exchange derivatives software at Goldman Sachs and GFI Group, and he established operational experience working with CEOs to build high-growth tech companies.

As the first Managing Entrepreneurial Officer at Cornell Tech, Aaron worked in tandem with Greg Pass (former Chief Technology Officer of Twitter) to create and pioneer the campus Studio culture and pedagogy. He also guided complex technology startups toward commercial success, including companies like Nanit, where he led 645's seed stage investment. Aaron is now on the governing board of Cornell Tech, alongside a small group of tech and business leaders.

Aaron received a B.S. in Computer Science with honors from Morehouse College and an MBA from Cornell University’s Johnson School of Management.",new-york-new-york,"Seed, Series A","saas-enterprise,ai-ml,hr-future-of-work",FiscalNote
Aaron Hurst,"Aaron Hurst is based out of Decatur, Georgia and is the Founder and General Partner of Dogwood Ventures. Aaron previously worked at Endeavor Atlanta as a Managing Director and Founder. Aaron Hurst attended the Georgia Institute of Technology.",decatur-georgia,,"saas-enterprise,fintech,cybersecurity,healthcare,agtech-food",
Aaron Ishikawa,"Tech strategist with 10+ years of experience directing teams to build, fund, and acquire aerospace technologies.","Los Angeles, California","Pre-Seed, Seed, Series A","data-analytics,logistics-supply-chain,aerospace-defense",
Aaron Jacobson,"Aaron Jacobson joined NEA in 2011 and is a Partner focused on investing in entrepreneurs seeking to build, scale and secure the next-generation of SaaS applications, big data platforms, and cloud infrastructure. He serves on the board of Tigera and illusive networks, and is an observer at NGINX, Streamsets, Move Guides, Mimosa Networks, Juvo, and Built Robotics. He has also worked closely with many other NEA portfolio companies including Box (NYSE:Box), Databricks, MapR, UnifyID, Bloom Energy, and Coursera. In 2016 he was named to Forbes Magazine’s “30 under 30” in Venture Capital and the Silicon Valley Business Journal’s ""40 Under 40”.

Prior to joining NEA, Aaron spent two years at Qatalyst Partners in San Francisco. At Qatalyst, Aaron worked as an Analyst engaged in various M&A transactions, which included the sale of PopCap Games to Electronic Arts, the sale of Riot Games to Tencent, the strategic investment in Go Daddy from KKR / Silver Lake / TCV, the sale of Palm to HP, and Conexant's sale to Golden Gate Capital, among others.

Aaron graduated Summa Cum Laude from the Jerome Fisher Program in Management and Technology at the University of Pennsylvania, where he earned dual Bachelor of Science degrees in Economics and Electrical Engineering, and carried a minor in Math.",menlo-park-california,,"saas-enterprise,ai-ml,cybersecurity,healthcare,cloud-infrastructure",
Aaron Kemmer,Aaron Kemmer is the Co-Founder of Magic.,miami-florida,,,
Aaron King,Aaron King is the Owner and Founder of Fusion75. He previously worked at Atlanta Interactive Marketing Association (AIMA) as a Board Member and Director of Technology.,atlanta-georgia,,,
Aaron Kwittken,"Aaron Kwittken is based out of New York, New York, and is the Founder and CEO of PRophet. Aaron previously worked at The Drum as a Member, US Editorial Advisory Board, Columnist. Aaron Kwittken attended the George Washington University. Aaron Kwittken has been certified as a Fire Service Professional.",new-york-new-york,,,
Aaron Lacheta,Co-Founder CSO of @SupportLocal. ,denver-colorado-b063,seed,,
Aaron Larue,"Currently building Balance Homes. Previously Product Leader @ Zillow, SoFi & Clara Lending (Acquired by SoFi). Excited about remote work. Film nerd at heart. Amateur pit master. Occasional writer.","San Francisco, California","Pre-Seed, Seed","saas-enterprise,fintech,marketing-adtech",
Aaron Levie,"Aaron Levie is Chief Executive Officer, Cofounder and Chairman at Box, which he launched in 2005 with CFO and cofounder Dylan Smith. He is the visionary behind the Box product and platform strategy, incorporating the best of secure content collaboration with an intuitive user experience suited to the way people work today. Aaron leads the company in its mission to transform the way people and businesses work so they can achieve their greatest ambitions. He has served on the Board of Directors since April 2005.

Aaron attended the University of Southern California from 2003 to 2005 before leaving to found Box.",san-francisco-bay-area-california,seed,"saas-enterprise,cloud-infrastructure",
Aaron L. Greenspan,"Aaron L. Greenspan is a Canadian executive producer, digital strategist/consultant, and technologist specializing in digital transformation, inclusive innovation, and media production.

He is completing a Master of Science in Digital Management at Ivey Business School (Western University), building on a B.A. in Media, Information & Technology (Dean’s Honour List) and a Certificate in Marketing Management (CMMP®) from Dalhousie University.

Aaron’s professional work spans consulting, teaching, and creative production. He has advised on IoT and sustainability projects in Brazil, taught business decision-making at the University of Rwanda through Ivey’s Service Learning in Africa initiative, and led cross-functional teams as Executive Producer and Creative Director for TEDxWesternU—producing talks that collectively exceeded 750,000 views, including one of the top 10 TEDx talks globally in 2023.

His portfolio includes projects with Amazon, Havas, U SPORTS Canada, and Camp Kodiak, as well as contributions to Canadian journalism (The Western Gazette, Maclean’s, University Affairs). His work has been recognized nationally, including an Honourable Mention at the Digital Publishing Awards.

Passionate about the intersection of technology and society, Aaron focuses on leveraging emerging tools—AI, XR, blockchain, and assistive tech—for accessibility, sustainability, and impact at scale.",toronto-ontario,,,
Aaron Liu,"an Investor at Northzone and focuses on early-stage companies in the enterprise, web 3, food tech, and gaming spaces.  Prior to Northzone, Aaron was on the Strategy & Operations team at Cloudkitchens","New York, New York","Series B+, Seed, Series A","saas-enterprise,fintech,ai-ml,agtech-food,edtech",
Aaron Magness,"As chief marketing officer, Aaron Magness brings over a decade of experience running marketing at fast-growth brands to his role leading the Thistle team in building relationships with the community the company serves. Magness oversees marketing, advertising, public relations, social media, and customer service. Prior to Thistle, Aaron worked with customer-obsessed brands such as Zappos, Coastal.com, Betabrand, and Brandless. Aaron received his BBA from the University of Wisconsin – Madison with a double major in Marketing and Management & Human Resources.",san-francisco-california,,,
Aaron Martin,Aaron Martin is the Vice President HealthcareVice of Amazon. He Previously worked at DexCare as a Founder and Board Member. Aaron Martin attended Austin College.,seattle-washington,,,
Aaron McDonald,Aaron McDonald is based out of Auckland and is the CEO and Co-Founder of Futureverse. Aaron previously worked at DN3010 as a Director. Aaron McDonald attended Horowhenua College.,auckland-auckland,,,
Aaron McIntosh,"Known in the tech sector as an accomplished marketing professional with broad experience in B2C and B2B product and corporate marketing, customer communications, product development, product management, and strategic planning.  He has helped previously lead the product and marketing efforts at several of Canada's largest broadband providers, and now within the cybersecurity space.  Mr. McIntosh has been recognized as a leader in developing successful grassroots partnerships, devoting much of his career and personal time on fostering government, community and business projects.",toronto-ontario,,,
Aaron Michel,"Named to venture capital’s 40 Under 40 by VC Journal in 2020, Aaron is the co-founder of PathSource, an edtech startup that rose to be the top career app in the App Store until its acquisition in 2017. Aaron also created the online game Fantasy Politics for the 2012 election. Inducted into the annual Innovation Rockstar list by the Boston Business Journal, Aaron has written for Entrepreneur Magazine, Fast Company and a range of business outlets. He holds an MBA from Harvard Business School and an MPA from Harvard Kennedy School of Government.",san-francisco-california,"Pre-Seed, Seed","saas-enterprise,fintech,ai-ml,ecommerce-retail,logistics-supply-chain",
Aaron Nelson,,boston-massachusetts,,biotech-pharma,
Aaron Orendorff,"By day, Aaron Orendorff is the Head of Marketing at Recart. By night, he’s busy “saving the world from bad content” as the founder of iconiContent. Previously the Editor in Chief of Shopify Plus and VP of Marketing at Common Thread Collective, his work has appeared on The New York Times, Mashable, Entrepreneur, Business Insider, Success, and more.",portland-oregon,,,
Aaron Patzer,"In January, I started another company, Vital Software, with Dr. Justin Schrager of Emory University. Vital makes software for hospital emergency rooms. This includes a mobile patient check-in for patients, and the fastest, most usable electronic medical records you've seen for doctors and nurses. We use extensive machine learning and natural language processing to determine patient severity and anticipated actions. Our longer term goal is to cut ER wait times in half, as they are often 4-5 hours long. You might not know it, but there are 140M ER visits in the US alone each year.

Medical / sales are in the US, while development is all in Auckland New Zealand. My long-time partner Rebecca, an architect, is a Kiwi and I am now a resident of New Zealand as well.
",san-francisco-california,seed,,
Aaron Perman,"Aaron Perman joined S3 Ventures in 2013 and is currently a Vice President. He works closely with Chrono.gg, Datical, LevelSet, Liveoak Technologies, and Pivot3, and previously served on the board of Invodo (acquired by CoCreativ). He attended the University of Southern California - Marshall School of Business and The Australian National University.

Prior to joining S3, Aaron invested in small-cap publicly traded companies at Western Standard, a long/short equity hedge fund. Earlier in his career, Aaron spent time in the corporate strategy group at Southern California Edison and started a successful small business liquidating computer hardware. Aaron serves as a mentor for the DivInc Accelerator and leads the Emerging Venture Capitalist Association's Austin chapter. He received his BS in International Business from the University of Southern California.",austin-texas,,"saas-enterprise,cybersecurity,healthcare",
Aaron Rankin,,chicago-illinois,,saas-enterprise,
Aaron Rasmussen,"Aaron Rasmussen is somewhere between an inventor and a mad scientist. While attending Boston University for a BS and a BA, Rasmussen created the world’s first sentry gun, gaining international attention across the Internet, and garnering him a visit from the US Army's experimental weapons research department in his dorm room.

Throughout the years he has started and sold companies involved in software, robotics, and energy potions. He loves to bring technologies and products from fiction into reality.

Currently, he's devoted to blending his creative and technical skills working on creating the best online education in the world from the best people in the world at MasterClass as Co-Founder, Creative Director, and CTO.",san-francisco-california,,,
Aaron Rego,Entrepreneur,mangalore-karnataka,,,
Aaron Rodgers,Aaron Rodgers is a Founder at Rx3 Growth Partners.,green-bay-wisconsin,seed,,
Aaron Rosenson,"Aaron is a General Partner at Aleph, an early stage venture capital fund with $850M under management. Aleph focuses on partnering with great Israeli entrepreneurs to build large, meaningful companies and impactful global brands. Since its founding in 2013, Aleph has invested in over 50 companies (not all announced) including Lemonade (NYSE:LMND), Luminate (acq: SYMC), Melio, Placer, JoyTunes, Coralogix, Fabric, Honeybook and Bringg.

Aaron began his career at Insight Partners, where he sourced deals including HelloFresh (Xetra: HFG), WalkMe (WKME), Moat (acquired Oracle), and Gainsight (acq. Vista). He graduated magna cum laude from The Wharton School of the University of Pennsylvania.",tel-aviv-tel-aviv,,"saas-enterprise,ai-ml",
Aaron Ross,"Aaron is founder of Cake and CityHawk, two of London's fastest growing restaurant applications. 

With CityHawk diners can discover the best places to eat, with Cake they can pay for their bar and restaurant bills straight from their phones. 

Aaron is an experienced entrepreneur having co-founded FirstCare, Europe's largest absence management company in late 2004 and grew it, as Chief Executive, to a £6m turnover in 5 years.",london-england,seed,,
Aaron Royston,"Aaron Royston joined venBio with experience in life science venture capital, healthcare strategy, and entrepreneurship. Aaron Royston received his undergraduate degree from Duke University, his M.D. and M.B.A. degrees from the University of Pennsylvania, and coordinated clinical research at Mount Sinai Medical Center, where his research has been published and presented in multiple medical journals and conferences. Aaron Royston has prior experience in life science venture capital with Vivo Capital, and previously worked at Bain & Company, where he advised healthcare companies on strategic issues such as business model innovation and therapeutic area strategies.

In 2009, Aaron Royston developed and launched a technology platform in the health and fitness space, for which he was selected as a recipient of the Champion of Change Award in Technology and Innovation from the United States White House.",san-francisco-california,,healthcare,
Aaron Samuels,"Aaron Samuels is Founder and Managing Partner of Collide Capital. Prior to Collide Capital, Aaron began his career as a spoken word artist before working at Bain & Co. as a strategy consultant and TeleSign as a Product Manager. Combining his love for storytelling, strategy, and technology, Aaron co-founded and served as COO at Blavity, the largest global Black Media company for Millennials and Gen-Z, and AfroTech, the largest Black Tech conference in the world. 

Born and raised in Providence, RI to a Black & Jewish household, Aaron’s exposure to intersectional communities influenced him to share his experiences through writing and entrepreneurship. Aaron graduated Magna Cum Laude from Washington University in St. Louis and received his MBA from Stanford University’s Graduate School of Business as an Arbuckle Leadership Fellow. Aaron is a Forbes Under 30 list member, a Cave Canem fellow, and a nationally-acclaimed spoken word artist. His debut collection of poetry is titled, Yarmulkes and Fitted Caps.",los-angeles-california,"Pre-Seed, Series A, seed, Seed, early_stage_venture","saas-enterprise,fintech,ecommerce-retail,hr-future-of-work,logistics-supply-chain",
Aaron Schildkrout,Aaron Schildkrout is the Investor of Addition. He attended Harvard University.,new-york-new-york,,saas-enterprise,
Aaron Schumm,"Aaron is the founder and CEO of Vestwell, a digital platform that has re-imaged and redesigned the retirement solutions available to financial advisors, companies, and employees.  The firm has created a completely new, independent 401(k) & 403(b) offering, that removes the barriers to saving as an employee in America, while always looking out for the best interests of employees, their employers and financial advisors serving them.

Prior to founding Vestwell, Aaron co-founded FolioDynamix, a wealth management and advisory services company powering $800 billion in assets for over 100,000 advisors.  At FolioDynamix, Aaron oversaw the strategy, revenue, marketing, customers, and product. FolioDynamix was sold to Actua, (NASDAQ: ACTA) in 2014.

Before FolioDynamix, Aaron was a vice president at Citigroup where helped advance the Asset Manager Solutions global strategy efforts.   Other past positions include the head of WealthSolutions products at BISYS (now part of Citigroup) and product manager at CheckFree Investment Services (now part of Fiserv) overseeing and the Unified Managed Account (UMA) platform. 

Outside of Vestwell, Schumm on the board of directors at Chalice Wealth Partners, as well as an advisory board member at Quovo, a financial services data science & performance analytics provider to advisors, Vestorly, an AI financial content marketing platform, and WorthFM, a women-focused financial advice and investment management platform.

Aaron was named to the 40 under 40 Class of 2017 by Crain's InvestmentNews.  He holds a B.S. degree in finance from the University of Illinois, Urbana-Champaign and an M.B.A. degree from Duke University, The Fuqua School of Business.",new-york-new-york,,fintech,
Aaron Schwartz,"Aaron Schwartz is a Co-founder and Advisor at Passport. He attended the University of California, Berkeley, Haas School of Business.",san-francisco-california,seed,"saas-enterprise,ecommerce-retail,logistics-supply-chain,consulting-services",
Aaron Sisto,"Aaron Sisto is based out of San Francisco, California and is the CEO and Co-Founder of Chronicle Studios. Aaron previously worked at the University of Pittsburgh School of Computing and Information as a Board of Visitors. Aaron Sisto attended Stanford University.",san-francisco-bay-area-california,,"saas-enterprise,ai-ml,ecommerce-retail,edtech,biotech-pharma",
Aaron Skonnard,"Aaron Skonnard is based out of Draper, Utah and serves as the co-founder and CEO of Pluralsight. He also serves an an Independent Director of Kadence.",draper-utah,seed,saas-enterprise,
Aaron Sloman,"Im a hands on Entrepreneur, working with emerging companies, taking my experience building teams & products based on the latest technologies. I’m involved with some great companies & great people !!",newport-beach-california,,,
Aaron Sokasian,"Since 2001, Dr. Sokasian has been actively involved in the development of computer-driven trading models for various types of assets. His career commenced as the Co-Founder and CEO of Financial Labs, and after the company's acquisition by Bank of America, he assumed the role of Head of Quantitative Strategies for FX and later Interest Rates at the bank. During his tenure at Bank of America, he spearheaded the creation of FX algorithmic trading and risk systems for the bank's client platform.

More recently, Dr. Sokasian co-founded Crypto-Systems, a proprietary trading firm dedicated to offering liquidity services to institutional clients within the digital asset sector. Following DriveWealth's acquisition of Crypto-Systems in 2022, Dr. Sokasian became a part of DriveWealth's leadership team and was appointed as the Chief Technology Officer (CTO) in 2023.

In addition to his expertise in quantitative finance and technology, Dr. Sokasian is an active investor in new startups, contributing his knowledge and capital to emerging ventures. He holds a Bachelor of Arts degree in Astrophysics from Cornell University and obtained his Ph.D. in Computational Astrophysics from Harvard University.",franklin-lakes-new-jersey,,,
Aaron Stachel,"Aaron joined FirstMile in 2013.  Since joining the firm, Aaron has led 15 investments.  Most of his investments are in Colorado, but they cover a number of areas including SaaS, Distributed Ledgers, Security, Marketplaces, Fintech and Robotics.  He knows the next big opportunity won't look like the last and is always looking for founding teams that have figured something out that others haven't.
 
Prior to joining FirstMile, Aaron had a diverse set experiences that provide great perspective as an investor.  He spent 10 years as an Army officer and helicopter pilot, leading teams in a number of challenging environments including two overseas deployments.  The lessons the military instilled on leadership, teamwork and execution have greatly influenced his thoughts on management and investing.
 
It was during his MBA that Aaron first developed a desire to work with early-stage companies.  He volunteered at a technology incubator, then worked as a summer intern and part-time employee at Novinda, a venture-backed company in the clean coal market.  Most recently, Aaron worked in the Corporate Strategy Group at Newmont Mining, the #2 gold miner in the world.  He worked on M&A, investor relations and negotiated a mineral agreement with a foreign government.
 
Aaron grew up in Michigan before studying economics at West Point.  After graduation, he attended flight school in Alabama and moved to Korea for his first assignment as a platoon leader.  He received his MBA with a concentration in Finance from the Daniels College at the University of Denver.","Denver, Colorado","Seed, seed","saas-enterprise,fintech,ai-ml,ecommerce-retail,cybersecurity",
Aaron Thomas,Serial entrepreneur. Previously co-founded a company that was the official performance nutrition product of the CrossFit Games.,tulsa-oklahoma,,,
Aaron VanDevender,Aaron VanDevender is a CEO at Methid. He attended the Massachusetts Institute of Technology.,san-francisco-california,,,
Aaron Vermut,,san-francisco-california,"early_stage_venture, late_stage_venture, seed, venture",,
Aaron Wetzler,"Previously PhD Technion, Camerai (Acquired), Apple, stealth mode ...",rishon-le-zion-hamerkaz,early_stage_venture,,
Aaron White,"Award winning Founder, Innovator, and Dad. Creative builder for companies and community.",tampa-florida,"early_stage_venture, seed",,
Aaron Woodman,"He has consulting experience with Sales Inc. a leading national leasing company. Aaron has consulted for many major real estate brands including Exit Realty, Berkshire Hathaway, Keller Williams, and others. He has also worked with
Deutsche Bank, hedge funds, and private family funds.

Real Estate has opened many doors for Aaron; it has allowed him to build an extensive network, travel the world, and develop into the global connector he is today. Aaron has helped develop technology start-ups, mentor small and large business owners, and developed strategic growth plans in foreign countries. His innovative approach and understanding Of Real Estate, Business, Technology, and Networking, make him highly sought after as both a lecturer, writer, and mentor.",los-angeles-california,,,
Aaron Zucker,Aaron Zucker is the Founder and Managing Partner at Sapir Venture Partners. Aaron Zucker attended MIT Sloan School of Management.,jerusalem-yerushalayim,"seed, early_stage_venture",,
Aarthi Ramamurthy,"Aarthi Ramamurthy is based out of San Francisco, California and is the Founder of Schema Ventures. Aarthi previously worked at Rithum as a Chief Technology and Product Officer. Aarthi Ramamurthy attended PSG College of Technology.",san-francisco-california,,,
Aarti Gill,Aarti Gill is the Co-Founder and CEO at OZiva and FitCircle.,mumbai-maharashtra,,,
Aaryan Kakani,Aaryan is the Product Manager at Salt.,bangalore-karnataka,seed,,
Aaryn Flynn,"Aaryn Flynn is a games industry veteran and the Founder and Chief Executive Officer at Inflexion Games. He previously worked as Improbable’s General Manager for North America. Flynn is based in the downtown district of Edmonton, Alberta, where he’s building a new Improbable office.

Flynn has been associated with many of the most successful games and franchises produced by BioWare, which he joined after leaving university and where he worked for 17 years. Initially working on games such as Neverwinter Nights, Star Wars: Knights of the Old Republic and Jade Empire, Flynn became Director of Programming on Mass Effect 2 and Dragon Age: Origins and took on the role of General Manager of BioWare during the production of games including Mass Effect 3, Dragon Age 2 and Dragon Age: Inquisition.",edmonton-alberta,,,
Aashay Sanghvi,"Aashay works on all investment activity at Haystack, from identifying founders to helping portfolio companies post-investment. Prior to Haystack, Aashay was an undergraduate at Harvard, where he studied economics and history.",san-francisco-california,"Pre-Seed, Seed, Series A",saas-enterprise,"Applied Intuition, Ironclad, Opendoor, DoorDash, Mux, Instacart, Carta, Astranis, Figma"
Aashima Gupta,Aashima Gupta is the Board of Directors of Waystar. Aashima Gupta attended the Delhi University.,san-francisco-california,,,
Aashish Dalal,"Aashish Dalal co-founded the largest eparking provider in the world, which is now the market leader. He is a leading expert on eparking, speaks frequently at industry conferences, and is published regularly in industry trade journals Parking and Parking Today. His role as industry catalyst earned him a spot on Crain's Chicago Tech 25 and awards from Nokia and American Express. Before creating ParkWhiz, Aashish was with IBM Global Business Services. He earned his M.S. from DePaul University and B.A. from Northwestern University. To date, ParkWhiz has raised over $12 million in funding.",chicago-illinois,,,
Aashis Mohanty,"Digital Entrepreneur, Marketer, and Farmer
Founder of 9Start & DOT SEO TOOLS
Author of Nomad Entrepreneur Blueprint: Leaving 9-5 Behind",bangalore-karnataka,,,
Aasim Saeed,Aasim Saeed is the Founder and CEO of Amenities Health. He previously worked at Presidential Leadership Scholars as a Presidential Leadership Scholar. Aasim Saeed attended Duke University School of Medicine.,dallas-texas,,,
Aatif Awan,"Aatif Awan is the head of growth and international products at [LinkedIn](https://www.crunchbase.com/organization/linkedin#/entity), a professional networking site that allows its members to create business connections, search for jobs, and find potential clients. Previously, he held various managerial positions at Microsoft.

Awan holds a bachelor’s degree in computer science and engineering from Ghulam Ishaq Khan Institute of Engineering Sciences and Technology and a master’s degree in computer science from the University of Illinois at Urbana-Champaign.",san-francisco-california,,"ecommerce-retail,healthcare,edtech",
Aatul Jain,"Aatul Jain is a young online entrepreneur who uses his digital abilities to manage Brand success. He is a Jalandhar-based entrepreneur, who has a family business and is a digital marketer, who works with brands and influencers to provide services. He has created a name for himself in the world of digital marketing.Whether a Brand is new to the industry or already a top player, getting a trusted and well-connected company to represent them will help boost their career. Brands need a professional Digital Marketer who can manage their daily media stress while they themselves can focus on their sales. Meet AATUL JAIN – a young Digital Entrepreneur, who meticulously manage all social media nuances for brands.He has extensive experience creating top Brands social media profiles and taking them to newer heights. Eventually he learned all about digital marketing. Today he manages and monetizes the online marketing of high profile brands. And AATUL is well-known for his ability to grow online businesses at an incredible rate. Says AATUL“ I directed my energy and passion into digital marketing and brands management. Though I have seen many ups and downs during my entrepreneurial journey, I am glad I chose this field. Today I am successfully running my own agency of digital marketing.’ He works with a diverse range of celebrities across the entertainment and fashion world, providing a personalised digital marketing and PR services to all his clients. He has access to hundreds of personalities from the world of Real Estate and more. Till date, He has worked with more than 500+ clients across India as well other countries. AATUL, has well-established connections with a brands & international personalities. He enhance their reach to a wider audience and helps to expand their growth on social media. He provides total digital solutions to his clients. From social media branding, PR strategies, online campaigns to events and performances – he can provide a digital solution to suit any occasion.",,private_equity,,
Aayaan Bhatia,"Aayaan Bhatia, commonly known as Aayaan is an entrepreneur,  Branding,  Consultant, PR Consultant & Digital Marketer. He is the founder of the Surat-based Digital media institute FrameLine Institute of Digital Education.

Aayaan was born in Surat, Gujarat Coming from a Punjabi family. He started his career as a digital Marketer in 2014. Later, started working PR Consultant in the Indian film industry. 

He has worked with many celebrities in Bollywood and in other film industries like Gujarati, Maharthi, etc.",,,,
Aayush Gupta,Aayush Gupta is the Co-steward at ZKEmail.,san-francisco-bay-area-california,,,
Aayush Jain,"Aayush Jain is Principal and Founding Member at Unicorn India Ventures. He comes with over 7 years of experience in corporate and product strategy, capital raise, business/corporate development and M&As across sectors including technology, media, cloud, digital, consumer and education. Aayush heads Unicorn’s Delhi operations and partners with portfolio entrepreneurs in recruiting talent, acquiring customers and partners, performance monitoring, capital raising, strategic brainstorming and business modeling. 

Prior to this, Aayush was Head of Corporate Strategy, Investments and New Initiatives at PlanetCast Media Services (formerly Essel Shyam Communication), India’s largest technology-led solution provider to the media and broadcasting industry. Aayush focused on strategic investments, acquisitions, corporate strategy, product strategy and portfolio monitoring. He was instrumental in setting up company's Southeast Asian operations and in launching a cloud-based distribution and an Over-the-Top digital streaming product platform for the company. 

Aayush has also worked with investment banking teams at Grant Thornton India and Centrum Capital, where he advised technology, media, consumer and education companies and worked on IPOs, financing and M&A transactions (with a total deal value in excess of $700M). He worked on deal sourcing, deal execution and hiring for the team.

An alumnus of IIT Madras, Aayush is very active within the IIT alumni networks, as the Joint Secretary of Delhi Chapter, IIT Madras Alumni Association. Aayush loves to play golf, capture landscape photographs, trek in the Himalayas and brainstorm product, customer acquisition and scale-up strategies with entrepreneurs.",new-delhi-delhi,,,
Aayush Narang,Aayush Narang is the Founder and CEO of Spark Eighteen. Aayush Narang attended the Jaypee University of Information Technology.,delhi-india,,,
Aayush Phumbhra,Aayush Phumbhra is the Co-Founder and Chief Executive Officer at Nectar.,san-francisco-california,seed,"fintech,cybersecurity,iot-hardware,consumer-lifestyle,consulting-services",
Abadesi Osunsade,Abadesi Osunsade is the Founder and CEO of Hustle Crew.,london-england,,saas-enterprise,
Abakar Saidov,,london-england,,saas-enterprise,
AB Al Mahin Billah,AB Al Mahin Billah is based out of Barisal and currently works as a Photographer for Photography. AB Al Mahin Billah attended Biola University.,barisal-bangladesh,,,
Abaniwonda Segun,"Segun Wonda is an Entrepreneur, Digital marketer, Crypto trader, WordPress developer, Travel agent, Internet Savvy and a Promoter.",federal-capital-territory-nigeria,early_stage_venture,,
Abba Abdullahi Garba,"Abba Abdullahi Garba is an ordinary Nigerian citizen who blogs and writes when he is free. He is a technology nerd and, in other attire, a songwriter and up-and-coming artist.

In reality, he doesn't do much and believes that life is simple; it depends on the way you take it, and the art of a simple life is to be wholly simple.

He lives in one of the small villages in Nigeria (Zugachi, Kano State).",,seed,,
Ab Banerjee,"Ab Banerjee is based out of London, England and is the CEO and Founder of ViewsHub. Ab  previously worked at Ceeders.com as a Co-Founder. Ab Banerjee attended 
University of Cambridge.",london-england,seed,,
Abbas Alidina,"Abbas Alidina is the Founder/CEO at Crowdbabble.

He's responsible for Crowdbabble's overall vision and product direction. He focuses on making sure Crowdbabble delights customers by keeping things simple. When he's not dreaming about pie charts, you'll most likely find him watching or playing basketball!",toronto-ontario,seed,,
Abbas Hijazi,Entrepreneur Investor and CEO in Financial and Invesment Industry.,kuwait,seed,,
Abbas Khan,"Hi Friend, my name is Abbas khan  (Dvl 08) and i am from India. I am blogger or youtuber so you can check my site ( dvl08.com/ ) or getting more information about me on Google.",india,seed,,
Abbas Mashaollah,Abbas Mashaollah is the Founder and CEO at Solaxy Group Corp.,san-jose-california,"crowdfunding, early_stage_venture, private_equity, seed",,
Abby Abraham,Abby Abraham has been Vice President of Clinical Solutions at Algorics Inc since July 2014.,bengaluru-karnataka,,,
Abby Albright,"Coming from neurobiology and cancer research, Abby recently drove augmented reality enterprise adoption for 3+ years at Daqri (across sectors including aerospace, AEC, manufacturing, automotive, oil & gas, media & entertainment, etc). Advanced adoption of new media tech across gaming and entertainment verticals for Spredfast, has lead several startups to successful capital procurement including Entrypoint, and advised Mucker Capital on VR/AR strategy.","San Francisco, California","Pre-Seed, Seed, Series A",ai-ml,
Abby Kearns,Abby Kearns is the current Chief Technology Officer of Alembic. She previously worked at Storm Ventures an EIR. Abby Kearns attended Chapman University.,san-francisco-california,early_stage_venture,"saas-enterprise,cloud-infrastructure",
Abby Levy,"Abby has spent her career helping businesses and consumer brands grow as an operator, entrepreneur and advisor, most notably in the wellness sector. 

Prior to Primetime Partners, Abby was an executive at SoulCycle, where she oversaw business development and revenue growth outside the consumer studio business, with an emphasis on building new digital products as the Senior Vice President of Strategy & Growth. Abby has also been a Founder herself, teaming with Arianna Huffington to launch Thrive Global, a behavior change technology company focused on employee productivity and wellness. Abby served as President of Thrive Global and remains on the Thrive Board. Abby began her career at McKinsey & Company then led product development at OXO International. She is a graduate of Princeton University and Harvard Business School.",new-york-new-york,"Seed, Series A",,
Abby Meyers,Abby Meyers is the Vice President of Ventures at Bain Capital. She previously worked at Bain & Company as a Associate Consultant. Abby graduated summa cum laude from Dartmouth College with a BA in economics and English.,new-york-new-york,,saas-enterprise,
AB Chakravarthy,"AB Chakravarthy is based out of Bengaluru, Karnataka and is the Co-CEO of Upaya Social Ventures. AB previously worked at Agri NewGen Ventures/ International Tractors Limited as a Principal. AB Chakravarthy attended Tamil Nadu Agricultural University.",bengaluru-karnataka,,,
Abdalla Alshamsi,"Abdalla  Alshamsi a famed entrepreneur and businessman being in public attention for his absolute luxe lifestyle. Abdalla Alshamsi is the Founder & CEO of multiple MNCs and few newer ventures like Abgulf etc. He was born in Dubai, United Arab Emirates",united-arab-emirates,private_equity,,
Abdallah Abu-Sheikh,Abdallah Abu-Sheikh is based out of Abu Dhabi and currently works as a Investor for Delivers.AI. Abdallah previously worked at Astra Tech as a Founder. Abdallah Abu-Sheikh attended London Business School.,abu-dhabi-united-arab-emirates,,,
Abdallah Alaili,"Abdallah Alaili is founder and CEO of MediaO2, a Design, Marketing and Advertising company providing services to English / French / Spanish / Arabic / Polish / Russian / German speaking businesses worldwide.",europe,,,
Abdallah Yafi,"Abdallah Yafi is the General Partner at B&Y Venture Partners with more than 13 years of experience in entrepreneurship, technology, strategy and management consulting across the Middle East, Europe and North America. He is also a Founding Partner at Y Venture Partners - an angel fund that invests in early stage companies and supports high impact entrepreneurs in building high growth venture - and is an active supporter of the Lebanese startup ecosystem.

Abdallah is a former founder himself with an online marketplace venture and a SAAS business under his belt and a successful track record of exiting companies in Canada and the UK. Between 2010 and 2015, Abdallah chaired the Strategy Committee and Executive Committee of Big Bus Tours - the leading global operator of open-top sightseeing - where he overviewed strategy and business development for the group and recently co-led a large private equity exit transaction of the business on behalf of the company shareholders.

Previously, Abdallah held a Management Consultant position with CSC (Computer Science Corporation) and a Manager position with Accenture France.

Abdallah holds an MBA from INSEAD, a Masters degree in Industrial Engineering from Ecole Polytechnique and a Bachelor degree in Mechanical Engineering from McGill University in Montreal.",abu-dhabi-abu-dhabi,,"saas-enterprise,fintech,ecommerce-retail,cybersecurity,agtech-food",
Abdalrhman Yassin,CEO & Founder @CyberVuln | Penetration Tester & Bug Bounty Hunter,,,,
ABDELLAH AMINE,,istanbul-istanbul,"early_stage_venture, seed",,
AB de Villiers,AB de Villiers is based out of Cape Town and currently works as a Cricketer for Royal Challengers Bengaluru. AB previously worked at Brisbane Heat as a Cricketer. AB de Villiers attended Afrikaans Hoër Seunskool.,cape-town-na---south-africa,,,
Abdo Achkar,Abdo Achkar is the Founder & CEO at Sowlutions.,stanford-california,,,
Abdo John Hajj,"Former founder. Invests in companies solving unique problems within space technology, mobility, interactive gaming, and industrial tech sectors.","Los Angeles, California","Pre-Seed, Seed, Series B+, Series A","ai-ml,iot-hardware,aerospace-defense",
Abdol Moabery,"Abdol Moabery is the founder, President and Chief Executive Officer of GA Telesis, a leader in integrated commercial aviation services. Founded in 2002 by Moabery, GA Telesis has quickly grown to one of the largest firms in its sector, amassing vertically integrated global aviation services businesses including engine, landing gear, component, aerostructural maintenance and engineering, aircraft replacement parts distribution and supply-chain management and finance, logistics, ground support equipment, Blockchain based SaaS development, aircraft and engine leasing, and investment management with operating units throughout the Americas, Europe and Asia. GA Telesis has won numerous awards and accolades, including the Air Transport Best Integrated Aviation Solutions Provider, Air Transport World MRO of the Year, The Boeing Gold Services Award, Honeywell Channel Partner of the Year and was also named among a select group of companies in the United States classified as a Good-to-Great company. 

A serial entrepreneur, Moabery is responsible for the start-up, organization and development of GA Telesis. He has 30 years of direct experience in various disciplines in aviation from flight, lease and structured finance to logistics and maintenance. Moabery previously served as Executive Vice President of Aviation Systems International, Inc., where his responsibilities included oversight and management of worldwide operations. Prior to joining ASI, he was with C-S Aviation Services, Inc. (a Soros Fund Management company), where he was responsible for the sale and marketing of the company’s aviation portfolio assets.

Moabery and his wife, through their family foundation, are prominent philanthropists that have donated and directed millions of dollars to charitable causes that directly impact children and young adults. The Moaberys also provide financial support to deserving special needs families through their commitment to cover expenses not generally covered by government programs or charitable organizations.

Moabery currently serves as the Chairman of the Board of Trustees at Florida Atlantic University and is President-elect of the Wings Club Foundation Board of Governors.  Abdol also serves as board member to several national and local charitable organizations. Moabery received the prestigious Wright Brothers Memorial Award in 2014 and the ISTAT Award in 2021 for his accomplishments in aviation. He is an honorably discharged veteran from the United States Navy and resides in Delray Beach, FL with his wife and two children. He is an avid explorer having traveled to over 120 countries across the globe and a passionate golfer.",florida-united-states,,,
Abdul Ahad,"Abdul Ahad is a Bangladeshi YouTuber, Freelancer, Social Media Influencer and Musical Artist. He was born in (19 Octobor 2002) Feni,Bangladesh. Abdul Ahad released his first music in 2021.He is mostly known as a Digital Marketer rather than Musician.He specializes in Website Design and Graphics Design. Abdul Ahad started his YouTube channel in 2019 now he has got some professional tags.Now, if you search about him on YouTube then you will see YouTube verified his channel as a musical artist or give him music note verification badge.Basically,he released his first soundtrack on Spotify,Amazon,Soundcloud,YouTube music,Deezer,Apple Music and other popular music platform in 2021.After the first release he is working for his next creation. That’s why YouTube officially verified his channel as a musical artist.He has an agency named Parallax Group and this agency provide online services like online marketing,website designing,graphics designing and more services.",feni-barisal,private_equity,,
Abdul Al- Halabi,Abdul Al- Halabi is based out of United Arab Emirates and is the Co-Founder and Managing Director of Embassy Capital. Abdul  previously worked at United Arab Bank as a Board Member. Abdul Al- Halabi attended,united-arab-emirates,,,
Abdul Ali,Abdul Ali is the Chief Growth Officer at Thakaa Technologies. Abdul Ali attended the University of Lucknow.,doha-ad-dawhah,seed,,
Abdulaziz Al Loughani,"Abdulaziz is co-founder & CEO of Floward, a full-fledged flowers & gifts ecommerce solution servicing the largest customer base in the MENA region. Abdulaziz is also co-founder & Managing Partner at Faith Capital, a venture capital practice that is focused on the MENA region. Previously, Abdulaziz was the founding Executive Vice Chairman of the Kuwait National Fund for SMEs Development, a USD7bn independent public institution responsible for developing the entrepreneurial ecosystem in Kuwait (2013-2017). Prior to this role, he was a co-founder and Managing Partner of Talabat.com<http://Talabat.com> until 2010, and has since then been investing in technology startups and involved in a number of local and regional entrepreneurial initiatives. Abdulaziz has also previously served as Director at Global Capital Management, the alternative investments arm of Global Investment House “Global” where he has played a major role in managing key investments within the Private Equity Group of Global by handling various assignments on corporate restructuring, business planning, deal structuring, due diligence and managing portfolio companies' to exit.  Abdulaziz has served as an executive and member of board on a number of companies within the MENA region in the technology, banking, healthcare, manufacturing, consumer finance, food & beverage and real estate sectors.

Abdulaziz holds a Bachelor's degree - double major in Information Systems and E-Commerce from University of Toledo, and an MBA degree from London Business School.",kuwait-al-kuwayt,early_stage_venture,,
Abdul Bashir,"Abdul Bashir, recognized by the moniker ""AB"", entered this world on March 19, 2002, in the culturally rich district of Rajshahi, Bangladesh. Currently pursuing a Bachelor of Science degree in Computer Science at Southeast University in Dhaka, he has become synonymous with excellence in the realms of graphic design and entrepreneurship.

Abdul Bashir's educational journey is marked by a commitment to academic distinction. Having completed his secondary education, he embarked on a path of specialization, obtaining a Diploma in Computer Engineering that laid the foundation for his intricate understanding of the technological landscape.

His recent endeavor involves the establishment of ""Exelig,"" a visionary company poised to redefine the digital solutions paradigm. As the Founder and CEO, Abdul Bashir steers Exelig with a potent blend of innovation and unwavering commitment to excellence.",,,,
Abdul Baytops,"Abdul Baytops is a dynamic C-suite executive, U.S. Air Force veteran, and the visionary Founder, President, and CEO of One Federal Solution (OFS)—a high-performing technology consulting firm delivering Software Development, Data Analytics, Cybersecurity, and Mission Support Services to the federal government. Under his leadership, OFS has grown into a trusted federal partner managing over $250 million in government contracts, supporting critical initiatives for agencies across defense, diplomacy, and public health. Abdul has positioned OFS at the forefront of agile innovation, with a focus on data science, AI/ML integration, and scalable enterprise solutions for national security and operational resilience.

With more than 23 years of leadership experience across both the public and private sectors, Abdul brings a rare blend of technical acumen and business insight. He has held key roles at industry leaders such as IBM, Lockheed Martin, and Engineering Systems Solutions, and he served with distinction in the United States Air Force. Abdul is recognized for his expertise in federal contracting, strategic operations, and growth acceleration. His career reflects a commitment to building diverse teams, driving mission impact, and creating long-term value through mentorship and collaborative leadership.

Beyond OFS, Abdul is a passionate entrepreneur, investor, and community leader. He is a partner at Ascend Capital, where he supports minority-led startups, and the founder of SuccessTheOnlyOption, a nonprofit focused on empowerment and coaching for underserved communities. Frequently featured in media and thought leadership platforms, he is known for his authentic, motivational voice and dedication to lifting others. Whether he’s advising CEOs, mentoring emerging professionals, or working to modernize education through technology, Abdul’s mission is clear: empower people, elevate businesses, and leave a legacy of positive change.",alexandria-virginia,,,
Abdul Ghaffar,"Nice Website. This Site provided me a very useful and important information. This Website is very interesting, and full of informative thanks; i m seo expert blogger. Online Home Based Work, I Have a website On Entertainment Pinoy. Please Visit Us my Site https://ako.su",pakistan,"early_stage_venture, late_stage_venture, seed",,
Abdulhamid Hassan,"Abdul ""AB"" Hassan is the Founder and CEO of Mono, an open banking platform facilitating secure access to customers' financial accounts for financial data, direct bank payments, and identity verification. With a decade of experience in technology and payments, he has held roles in product management and entrepreneurship. In 2016, Abdul founded Hyphen.AI, a chatbot platform later sold in 2017. He then initiated OyaPay, an offline mobile payment collection service via QR codes before joining Paystack in 2019.",united-kingdom,,,
Abdul Hye,,charlotte-north-carolina,seed,saas-enterprise,
Abdul Kabeer Shaikh,"HELLO! I am [Ab.Kabeer Shaikh], a seasoned blogger with a passion for creating engaging and informative content. Over the past 5 years, I have honed my skills in the ever-evolving world of blogging, establishing myself as a reliable source of valuable information.",,seed,,
Abdul Khalid,"Abdul Khalid is the Co-Founder of Easy Eat. He is an entrepreneur, problem solver and someone who understands technology in deep. Knows how to build tech products and how to scale it. Attended Indian Institute of Technology, Delhi.",gurgaon-haryana,,,
Abdulla AlBanna,Abdulla AlBanna is a Partner at Mubadala. He Attended CFA Institute from 2009-2013.,san-francisco-bay-area-california,,,
Abdulla Al Khalifa,"Shaikh Abdulla Rashed Al Khalifa was appointed as the Kingdom of Bahrain’s Ambassador to the United States in July 2017. Through his daily work in Washington, DC, he leads the Kingdom of Bahrain’s mission to strengthen ties between the US and the American people and drive the countries’ shared values and visions.  


Having earned his BA & MBA in the United States, the Bahrain Ambassador to the US is also a lifelong supporter of education and an advocate for Bahrainis in the US, especially Bahraini students.",washington-district-of-columbia,,,
Abdulla Elyas,Abdulla Elyas is the Co-Founder of Careem. He previously worked at enwani (Acquired by Careem) as a Co-Founder. Abdulla Elyas attended RWTH Aachen University.,jeddah-makkah,,,
Abdullah Abid,"Branding Expert | CEO & Founder at Rafenthic.
Graduated in Software Engineering.",,,,
Abdullah Al Riaz,"Abdullah Al Riaz is a talented Bangladeshi software developer and blog writer, whose artistic vision has left an indelible mark on the world of digitalization. Born on December 24, 1998, in the culturally rich country of Bangladesh, Riaz's passion for capturing the essence of life through his lens began at an early age. He embarked on a journey of education and personal growth, beginning his academic pursuits at Sreeula Govt. Primary School, where he completed his primary education from grades 1 to 5. Subsequently, his family moved to Satkhira, where Adib continued his studies at Satkhira Govt. High School (SGHS) from grades 6 to 10. However, he later returned to Satkhira Govt. High School to complete his Secondary School Certificate (SSC) and successfully obtained the qualification Furthering his educational journey, Adib enrolled at Satkhira Govt. College, where he studied from grades 11 to 12, embracing new experiences and expanding his knowledge base. With determination and hard work, he completed his Higher Secondary Certificate (HSC) from this esteemed institution, further enhancing his educational foundation. Throughout his early life, Adib demonstrated a commitment to learning, adapting to new environments, and embracing educational opportunities. These formative years provided him with a solid educational background and laid the groundwork for his future academic and personal accomplishments.

Growing up in a vibrant and diverse community, Abdullah Al Riaz developed an insatiable curiosity about different cultures, landscapes, and people. This inquisitive spirit eventually led him on a journey of self-discovery, as he embarked on an adventurous path to become a renowned software developer. From a young age, Riaz exhibited a passion for learning and creativity, setting the stage for an inspiring journey filled with accomplishments. Adib's quest for knowledge and academic excellence led him to pursue his higher education at Northern College Bangladesh. Throughout his early life, Riaz demonstrated a commitment to learning, adapting to new environments, and embracing educational opportunities. These formative years provided him with a solid educational background and laid the groundwork for his future academic and personal accomplishments.

Abdullah Al Riaz highly motivated and technically proficient Computer Science and Engineering student with a strong foundation in programming, data structures, and algorithms. He is eager to embark on a rewarding career in the technology industry, bringing a blend of academic knowledge and hands-on experience in software development and problem-solving. Possessing excellent analytical skills and a passion for innovation, he is committed to utilizing emerging technologies to create impactful solutions.

As a keen observer, Abdullah Al Riaz mastered the art of finding the extraordinary in the ordinary, transforming everyday moments into captivating pieces of art. His work exudes a unique blend of emotion, storytelling, and technical finesse, captivating audiences and evoking a sense of connection to the world. Despite his rising success, Riaz remains grounded and committed to using his talent to make a positive impact on society. He actively supports various charitable initiatives, using his lens to shed light on important humanitarian issues and advocating for positive change.",dhaka-dhaka,,,
Abdullah Al-Shaksy,,dubai-united-arab-emirates,,,
Abdullah Al-Turki,"Saudi-born Abdullah Al-Turki, 34, is a London-based contemporary art collector and co-founder of Saudi arts initiative 21,39 Jeddah Arts. He also sits on Tate’s Middle East north African acquisition committee.",london-england,seed,,
Abdullah Awan,"Abdullah Awan – Youngest Emerging Entrepreneur  of Pakistan
Who is Abdullah Awan?
Abdullah Awan is a famous Pakistani Tech Expert, Businessman, and internet celebrity born in Neelum Valley Azad Kashmir, Pakistan.
Is Abdullah Awan an Entrepreneur?
Abdullah Awan is considered the youngest emerging entrepreneur in Pakistan.
Abdullah Awan – A short story
 Abdullah Awan is the Youngest Japanese, Pakistan-based Entrepreneur. He was born on 12 September 2000 in Neelum valley Azad Kashmir. Currently, He lives in japan also he is running his non-profit organization, named Abdullah Awan Foundation
Abdullah Awan’s file photo
Abdullah Awan’s file photo
Abdullah Awan’s file photo
Early Life:
 He was born on 12 September 2000, in the village of Bunchattar, Neelum Valley, AJK. He spent the early years of his life there and got elementary education. He was very generous from a very young age and tried to help people by raising charity funds and providing necessary things to the needy.  He always wanted to be someone who works at the frontline while helping humanity.
When Abdullah Awan was born?
Abdullah Awan was born on 12th September 2000.
Where is Abdullah Awan from?
Abdullah Awan is from Neelum Valley, Azad Kashmir
Education:
He got his early education in his hometown and came all the way to Islamabad to get higher education. He got admission to NUML and learned the Japanese language as well as business administration there. He also managed to take a different seminar from big organizations on resource management and helping needy people in society. He always aimed to help the people of his country.
Abdullah Awan – A Philanthropist:
 He is very much concerned about poverty, lack of education, and lack of basic essentials in society. So he started raising funds for the needy and helped them by providing shelter and food. Abdullah Awan is a humanity lover.  He is a young, passionate tycoon currently running a non-profit organization named Abdullah Awan Foundation. The main purpose is to help the needy and poor people who are helpless in certain areas of their life. Their foundation is helping them in every way specifically in Kashmir, and generally all over Pakistan. 
He is serving mankind to combat the issue of violence against the basic rights of humanity, health issues, illiteracy, poverty, and youth empowerment in Pakistan.
He owns a team of 100 members from different areas of Pakistan who help him to play his role effectively. He implements different approaches to address the problems, primarily issues that include providing awareness and different opportunities to the youth. Other main tasks are providing the abuse survivors with emotional, financial, and legal help.
Who is the CEO of the Abdullah Awan Foundation?
Abdullah Awan is the CEO and current director of Abdullah Awan Foundation.
Abdullah Awan – The spirited wanderer:
 He is a traveler, mountaineer, and adventure lover. He writes experiences, and stories about his adventure (Checkout Blog by Abdullah Awan). He also writes on the current issues faced by the people of his nation. He loves to travel across different regions and meet new people and discover their cultures and lifestyle.
Is Abdullah Awan a blogger?
Abdullah Awan is a blogger and writer who writes about his travel experiences and adventures.
 Abdullah Awan – Social Media Activist:
 He is also very active on social media and speaks out on social issues in society. He is an active voice of the oppressed in society and he also collaborates with different International organizations to speak about and solve issues of people who are suffering through any hurdle in their lives.
Is Abdullah Awan a social media activist?
Abdullah Awan is a Japan-based Pakistani entrepreneur, businessman and social media activist who always stands for those in need in society.
#AbdullahAwan #YoungestEntrepreneur #AbdulahAwanFoundation
Abdullah Awan ©",tokyo-tokyo,"early_stage_venture, private_equity, secondary_market, venture",,
Abdullah Bashammakh,Abdullah Bashammakh is the CEO of Tharwat for Financial Securities. He previously worked at Riyad Bank as a Head of Private Banking. Abdullah Bashammakh attended King Saud University.,riyadh-ar-riyad,early_stage_venture,,
Abdullah Boulad,"Abdullah Boulad is an Entrepreneur, Innovator and Accelerator with twenty years business experience in Business Model Design & Digital Transformation, Venture Capital & Private Equity, Mergers & Acquisitions and Capital Markets & Investor Relations. Aiming to drive ideas and business with digital help to the next level.",zürich-zurich,,,
Abdullah Diarbakerli,"Abdullah DIARBAKERLI, Entrepreneur, Investor and the CEO of DEIDIN Group which includes Deidin Real Estate, Mega Investment Inc. Kabul Turk, Edmov Technologies Inc. and Honiz Food Industries.",istanbul-istanbul,,,
Abdullah Shifaan,"Abdullah Shifaan is a writer, comedian, poet, scholar and Internet personality. He has a wide range of followers on social media platforms. He won numerous awards in different fields.

Shifaan is also known for his speeches. He has higher level of intelligence. His personality is charismatic. He also takes part in social work. He fights for human rights. He is known for his own level of Paronomasia, mental quickness and intelligence.",,seed,,
Abdullah Snobar,"Abdullah Snobar is based out of Mississauga, Ontario and is the Board of Director of SPEC Labs and also Executive Director of DMZ. Abdullah Snobar attended the Toronto Metropolitan University.",mississauga-ontario,,,
Abdul Ly,Abdul Ly serves as a Principal at Initialized Capital.,san-francisco-california,,saas-enterprise,
Abdul Mannan,"Abdul Mannan is the CIO - Growth, Integrations & Partnerships at Bykea. He attended Shaheed Zulfikar Ali Bhutto Institute of Science and Technology.",karachi-sindh,,,
Abdul Mujeeb Meera Sahib,"Abdul Mujeeb Meera Sahib is the helmsman of the Global VoIP Corporation. Today it plays an imperative role in the telecommunication industry. At present, Global VoIP Corporation is one of the remarkable organizations that provide feasible and reliable voice solutions to businesses. Now the organization controls voice traffic around 324 live connections, including the leading players across the continents and regions such as North America, Europe, Middle East, Africa, and South-East Asia.",canada,,,
Abdul Qadir,"Abdul Qadir has been living and breathing all things digital since 2003, at times (some might say sadly) he even dreams about digital marketing and new ways to improve and enhance the experience and profitability of business owners. He has worked with Emirates, Jumeirah Group, Dubai Government Entities, VISA, Rocket Internet and several other big and small businesses.

He loves spreading his knowledge and educating and helping small and medium-sized businesses in how they can embrace and benefit from the power of the internet and enjoys contributing to their growth and success. 

He tends to shun the spotlight, likes to work behind the scenes, and isn't the kind of guy who feels comfortable blowing his own trumpet – maybe that’s not a good thing, or then again.

Over the past 14 years, he has observed success and failure of people across the digital and online marketing world and has concluded that online marketing takes a lot of sustained effort, trial, and error, detailed learning, and patience.

His expertise is really to do with maximizing the full range of tools available to succeed online and bringing all resources into play to ensure maximum growth.",dubai-dubai,"early_stage_venture, seed",,
Abdulrahman Al-Qahtani,Abdulrahman Al-Qahtani is the Chief Executive Officer at DAAL. He attended Prince Mohammad Bin Fahd University.,al-khobar-ash-sharqiyah,,,
Abdulrahman Tarabzouni,"Abdulrahman Tarabzouni is the Founding Chairman of Saudi Venture Capital and Private Equity Association. Previously, held executive leadership roles at Google’s headquarters in California. Headed the company’s global efforts to build new businesses and partnerships for Android, Mobile, and Wireless Communications. Abdulrahman Tarabzouni attended Massachusetts Institute of Technology.",saudi-arabia,,,
Abdulrahman Tobaige,"Abdulrahman Tobaige provides electrical engineering services and work hard to become trusted electrical advisor, someone who will work seamlessly with your staff to deliver the specialized solutions you need.",dubai-dubai,early_stage_venture,,
ABDULRASAK ABDULAKEEM,"Abdulrasak Abdulakeem is a serial entrepreneur and the CEO and Founder of FirstOne Network and roomsms, a team that specializes in social needs, technological advancement, and development for the growing economy, giving the fairest performance for the society and business world.",nigeria,seed,,
Abdulrasaq Ameenat,A professional digital marketer and social media marketing expert with years of experience,,early_stage_venture,,
Abdul Rehman,"A passionate mobile app enthusiast and a visionary in the mobile app sphere. Leads our team with a blend of innovation and practical know-how. His expertise has been the driving force behind several successful apps, making a significant impact in the app world with his unique approach and visionary leadership.",,,,
Abdul Sami Abbas,"Greetings! I am Abdul Sami Abbas, your seasoned technology expert and the Chief Executive Officer at 910 Creatives. With over a decade of experience, I specialize in delivering comprehensive technology solutions to elevate your online presence and revolutionize your business operations. As your go-to technology partner, I bring strategic thinking and a wealth of expertise to the forefront.",united-states,venture,,
Abdulvahap Yakup,"Abdulvahap Yakup is a skilled web developer and entrepreneur based in Turkey. He holds a degree in Computer Engineering from a prestigious university in Turkey, where he gained a strong foundation in software development, web technologies, and digital innovation. With a passion for creating user-friendly and functional websites, Abdulvahap has established himself as a prominent figure in the Turkish digital landscape.

Abdulvahap is the proud owner and operator of two popular Turkish websites: memurhaber365.com and kacgun2017.com. memurhaber365com is a leading news platform dedicated to providing up-to-date information and resources for civil servants in Turkey, offering insights into career developments, legal updates, and lifestyle tips tailored to public sector employees. kacgun2017.com, on the other hand, is a practical and widely-used online tool that helps users calculate time differences, countdowns, and date-related queries with ease.

Through his work, Abdulvahap has demonstrated a deep understanding of the needs of his audience, combining technical expertise with a commitment to delivering valuable content and services. His websites have become trusted resources for thousands of users, reflecting his dedication to quality and innovation.

Abdulvahap continues to explore new opportunities in the digital world, striving to create platforms that simplify life and provide meaningful solutions to everyday challenges. His vision and entrepreneurial spirit make him a standout figure in Turkey's tech community.",turkije-zeeland,,,
Abdur Chowdhury,Abdur Chowdhury is the CEO and Co-Founder of Aura frames. He attended the Illinois Institute of Technology.,san-francisco-california,seed,,
Abdur Rehman,Web developer and Founder at Byteio Digital Solutions,,seed,,
Abdur-Rehman Qadeer,"Writer, poet and eMarket expert making small efforts to change the world.",sialkot-punjab,,,
Abdus samad,Abdussamad Ashraf is the Founder of LinkPG.,new-delhi-delhi,seed,,
Abe Burns,Abe Burns was a former Partner at A-Grade Investments.,united-states,,,
Abeer Almadawy,"PhD/ Abeer Almadawy  is a public figure known as researcher ,novelist and entrepreneur..She is the founder, Owner and CEO of both British companies ;
1- castle journal company Ltd.It’s British company for international newspaper and magazines.
Also 
Castle Orientation Holding Corporation Ltd
For investment in scientific journals, production companies in journalism, news and advertising agencies .
 Abeer Almadawy is known as a famous  novelist and writer....
She is also founder and president of charity Foundation (( Makany for Social and Skills development (MSSD) in her country Egypt",united-kingdom,late_stage_venture,,
Abe Gurjal,"Abe Gurjal is the technical co-founder of Nifti, a Boston-based startup dedicated to helping people save time and money in online shopping. Abe grew up in Queens, New York and received his AB and SM in Computer Science from Harvard University. Abe was a strategy consultant at NERA Economic Consulting and Oliver Wyman before attending the Tuck School of Business at Dartmouth. At Tuck, Abe partnered with a classmate to launch a mobile app company, MobiTech 3000 LLC that quickly grew to more than 9 million unique users across its suite of 10 apps including the best selling business app JotNot Scanner. Abe was first a technical adviser to Nifti before joining to fulfill Nifti’s potential to completely change the way shoppers and merchants engage.",cambridge-massachusetts,seed,,
Abel Boreto,Abel Boreto is the Associate Investment Director of Novastar Ventures. He is a former Board Observer of Ignitia. He attended Harvard University and the Massachusetts Institute of Technology.,nairobi-nairobi-area,,"fintech,ecommerce-retail,iot-hardware,agtech-food",
Abe Murray,"Abe is a General Partner leading Robotics investments and incubation at AlleyCorp. Abe has more than 20 years of engineering experience, having spent time as a product and engineering leader in various roles at Alphabet, where he launched Play Books and Magazines at Android, built the Verily Life Science product teams and Boston office, and shipped several AI/ML and computer vision products across Google while building the Google Research product management team. Before that, he founded a Web 2.0 startup and worked on unmanned aerial vehicles in the defense industry.

Abe holds an MBA from Harvard Business School, a master’s degree in electrical engineering from Worcester Polytechnic Institute, and a bachelor’s degree in computer engineering from the University of Rhode Island.

Prior to all of this, he dropped out of high school to run fishing boats and factories in the family aquaculture business.",cohasset-massachusetts,"seed, early_stage_venture","ai-ml,iot-hardware,agtech-food,robotics-automation,aerospace-defense",
Abe Peled,Abe Peled is the,washington-district-of-columbia,seed,,
Aber Whitcomb,"Aber Whitcomb is co-founder and CTO of Jam City, where he oversees the software architecture underlying the company’s global gaming and analytics platform. 
Director and Co-founder at Core Scientific.",los-angeles-california,seed,,
Abe Yokell,"Abe Yokell is Managing Partner and co-founder of Congruent Ventures, an early stage venture firm that backs companies in the sustainable technology ecosystem. ​ Prior to co-founding Congruent Ventures, Abe spent 13 years at RockPort Capital, helping the RockPort team build nearly half of its portfolio, with a primary focus on business models and software solutions that address climate change challenges. While at RockPort, he was responsible for opening the West Coast office in 2007, where he helped lead investments in energy fintech, residential solar, companies focused on blending software and hardware, data analytics platforms, urban transportation solutions, and energy storage companies.

His RockPort board seats included Renovate America, RePower, Qnovo, Flywheel, and EcoFactor, and he was previously involved with Enphase Energy (NASDAQ: ENPH), Streetline Networks (acquired by Kapsch), Recurve (acquired by Tendril), and Eka Systems (acquired by Cooper Power), among others.

Abe graduated from the University of Pennsylvania with a BA in Economics, with minors in Chemistry and Biology.",san-francisco-california,"Pre-Seed, Seed, Series A","saas-enterprise,fintech,ecommerce-retail,iot-hardware,climate-sustainability",
Abhas Gupta,"Abhas Gupta is the Co-Founder and CEO at Calyx Health. Abhas Gupta focuses on automation and analytics opportunities across all verticals, particularly those in financial services, retail & logistics, and digital health. His other interests include robotics, enterprise workflow automation, and digital marketing. A previous entrepreneur with a background in computer science and strategy consulting, Abhas engages with portfolio company executives on all topics ranging from technology infrastructure to corporate strategy. Abhas works closely with Wildcat portfolio companies Clover Health and Earnest, as well as Mohr Davidow companies BuildDirect, Neon, and WorkFusion. He frequently lectures on entrepreneurship and technology trends; Abhas recently taught the Lean Launchpad course at UCSF with Steve Blank. He attended Brown University in 1998. He Previously worked at Venture For America as Board Member.",san-francisco-california,,"saas-enterprise,fintech,ai-ml,ecommerce-retail,edtech",
Abhay Bhat,Abhay Bhat is the founder of estackk. He is a former project manager at Randstad Singapore.,singapore,,,
Abhay Kumar,Abhay Kumar is the Chief Executive Officer of Helium Foundation. He previously worked at Nova Labs as a Chief Product Officer. Abhay Kumar attended New York University.,san-francisco-california,,,
Abhay Raj Solanki,"Abhay Raj Solanki is an Indian publishing executive. He is the Founder and CEO of Suman Publications, one of India's leading publishing houses. His contributions to the industry have been recognized with numerous awards, including the Best Entrepreneur Award from Indian Achievers Forum.

Born and raised in India, Abhay Raj Solanki developed a passion for literature and books from an early age. He pursued higher education in a field related to publishing, gaining in-depth knowledge of the industry and its various aspects. With a vision to revolutionize the publishing landscape in India, he embarked on his entrepreneurial journey by establishing Suman Publications.

Under Abhay Raj Solanki's leadership, Suman Publications has experienced remarkable growth and success. He has been instrumental in driving the company's expansion, building a strong team, and fostering partnerships with both domestic and international authors, agents, and distributors. Through his strategic vision, he has positioned Suman Publications as a frontrunner in the Indian publishing industry.

Recognizing the importance of aligning Indian publishing standards with international benchmarks, Abhay Raj Solanki has spearheaded efforts to elevate the quality and standards of publications in India. He has introduced innovative practices, modernized production techniques, and embraced digital advancements to ensure that Suman Publications consistently delivers content that meets global standards.

Beyond his role at Suman Publications, Abhay Raj Solanki is actively involved in various industry forums, sharing his expertise and insights to contribute to the overall growth and development of the publishing sector in India. He has been invited as a speaker at conferences, seminars, and workshops, where he discusses emerging trends, challenges, and opportunities in the field.

Abhay Raj Solanki's passion for promoting literature and empowering authors has earned him immense respect within the publishing community. He is known for his commitment to nurturing talent, supporting emerging writers, and providing them with a platform to showcase their work.

Through his relentless dedication, visionary leadership, and pursuit of international standards, Abhay Raj Solanki has made a lasting impact on the Indian publishing industry. His contributions have not only transformed Suman Publications into a renowned publishing house but have also paved the way for the growth and recognition of Indian literature on a global scale.",noida-uttar-pradesh,,,
Abhay Singhal,"Abhay is the co-founder and CEO of InMobi. An entrepreneur at heart, during his undergraduate years, he co-founded TeN and raised VC money shortly. He headed sales at TeN and contributed to a significant revenue growth under him. His love for entrepreneurship and urge to build a company of a global scale took him to Mumbai along with Naveen, Amit and Mohit where the disruptive journey of InMobi began at their shared apartment growing to 1.4 billion unique users across over 240 countries today. Abhay innovates future growth opportunities at InMobi by taking care of sales and global revenue strategies development. He dedicated around two years to build the Europe business for InMobi and headed human resources for over a year too. He has spoken globally about entrepreneurship, people, and culture and has been instrumental in getting InMobi recognitions like 50 Most Disruptive Companies in the world by MIT Technology Review, Outstanding startup of the year award by Forbes and many more. His love for innovation took him to Indian Institute of Technology, Kanpur (IIT) for his bachelors where in 2013 he was also honored with the esteemed ‘Distinguished Alumnus Award’ for his excellence in entrepreneurship.

His leadership mantra is simple - the essence of leadership is not only to have a vision but also what it takes to translate it into action.

(source: http://www.inmobi.com/organization/leadership/abhay-singhal#profile)",bangalore-karnataka,seed,,
Abhay Tandon,Abhay Tandon is the Head - of Digital and AI Innovation at TVS Motor Company. He attended SPJIMR SP Jain Institute of Management & Research.,india,,,
Abheek Anand,"Managing Director of SEA Investments Authentic founders who are just getting started on a business that they want to build for the rest of their lives. I believe that the most iconic companies take time to build, there are no shortcuts to building something meaningful, and that founder market fit is critical, especially in the early years. I love hearing the why behind the how, and the how behind the what. Why a founder started a business, how the idea came to them, and what drives their conviction and excitement while starting their business. The best founders are insanely curious because curiosity drives growth, and the best founders don’t have a choice but to grow immensely in their startup’s journey. I spend most of my time with seed and Series A founders, not only because that is the best time to help bend the arc, but also because, selfishly, it helps scratch the founder’s itch within me.",singapore-central-region,"Series B+, Seed, Series A",,
Abhi Anuket,"Abhi Anuket is the Founder and Managing Director of Magnivia Ventures. He previously worked at Starburst Aerospace as a Co-Founder, Managing Partner and CEO. Abhi Anuket attended Pace University.",new-york-new-york,seed,"saas-enterprise,fintech,aerospace-defense",
Abhi Arunachalam,"Abhi is the Managing Partner at Alkeon, enterprise-infrastructure investing on the West Coast in sectors such as cloud infrastructure, cybersecurity and big-data analytics. He has more than 12 years of operational and investment experience. Abhi is currently involved in Battery investments including Databricks, Expel, Fungible, InfluxData, Jask, JFrog, and Streamsets.

Before joining Battery, Abhi was a partner at Intel Capital, the investment arm of chip giant Intel Corp., where he focused on early- and growth-stage investing in areas including big-data analytics, mobile/IoT and broader infrastructure. At Intel Capital, he helped lead investments in category-defining companies such as Recon Instruments (acquired by Intel), EyeFluence (acquired by Google), iZettle, Urban Airship, Inrix and Brit+Co. He also served as a board observer at Kaltura, CashStar and Apperian.

Prior to Intel Capital Abhi spent over six years at Qualcomm Research in various operational roles. He built the industry leading APM solution for mobile handsets and backbone networks. Abhi was also involved with the incubation and design of Qualcomm’s LTE technology and managed strategic partnerships with OEMs, infrastructure vendors and carriers.

Abhi holds an MS in computer science from the State University of New York at Buffalo and an MBA, with honors, from the UCLA Anderson School of Management.",san-francisco-california,,"saas-enterprise,ecommerce-retail,cybersecurity",
Abhi Arya,"Abhi has 15+ years of diverse experience in the education (learning), technology, and consumer goods industries. He has successfully exited multiple entrepreneurial ventures and worked in various roles across operations, business transformation, strategy, and P&L management at P&G, Cadbury and most recently at Pearson as head of digital consumer for language learning business. He is also currently engaged with two of our portfolio companies, leading FEN’s learning businesses and serving on the Hopster board.",london-england,,,
Abhi Chakrabarti,"Abhi is a tech entrepreneur with expertise in language technology and freelancing marketplaces. Co-founder at Linguavista, Bentolingo, Uplancer.",new-york-new-york,,,
Abhi Das,"Co-Founder at 
Brainpan Innovations",new-york-new-york,early_stage_venture,,
Abhijay Thacker,Abhijay Thacker is the Senior Vice President at Picus Capital.,,,"fintech,cloud-infrastructure",
Abhijeet Kumar,"Abhijeet Kumar is based out of Mumbai, Maharashtra and is the Partner and Co-Founder of ah! Ventures Fund. Abhijeet previously worked at SMARTup Conclave as a Core Team Member. Abhijeet attended the Indian Institute of Technology, Bombay.",mumbai-maharashtra,,,
Abhijeet Mahagaonkar,Abhijeet Mahagaonkar is the Chief Technology Officer of Polychain Capital.,san-francisco-bay-area-california,,,
Abhijeet Singh,"Founder at STEPVUE, alumnus of Delhi College of Engineering and Rotterdam School of Management, Netherlands",,early_stage_venture,,
Abhijit Aitwade,"With a team of young enthusiastic and tech-savvy designers and developers, Abhijit founded Auspian Technologies in the year 2011. Abhijit has hands-on experience of more than 11 years as a web developer catering to various industries such as IT, Real Estate, E-commerce, Retail, etc. He believes in integrating creativity and innovation in each project to deliver best-in-class products in the most cost-effective manner.

Abhijit possesses in-depth knowledge of Web application development, CMS (Content Management Systems), E-Commerce, SaaS application development, and Mobile application development. His expertise includes; PHP, asp.net, c#, HTML, Javascript, Ajax, jquery, CSS, Java, MySQL, WordPress, Joomla, Android, and Windows phone.",kolhapur-maharashtra,,,
Abhijit Chaudhary,Abhijit Chaudhary is the Founder and CEO at Niral Networks. He attended Indian Institute of Science (IISc).,bengaluru-karnataka,,,
Abhijit Choudhury,"Entrepreneur, Artificial Intelligence, Natural Language Processing",bengaluru-karnataka,"debt, seed",,
Abhijit Pawar,"Abhijit Pawar is the Founder and Chairman of AP Globale. He was on the Executive Committee of the Mahratta Chamber of Commerce, Industries, and Agriculture (MCCIA). Abhijit is a member of the Young Presidents' Organization (YPO), an international peer network for CEOs and business leaders. In 2016, the Young Presidents Organisation - World Presidents Organisations (YPO-WPO) awarded him the first Global Impact Legacy Honour for his transformational efforts in the sphere of women's empowerment. Abhijit Pawar attended Shivaji University.",pune-maharashtra,,,
Abhijit Solanki,"Abhijit (Abhi) Solanki is the Strategic Alliances and Business Development at Proofpoint.

Abhijit founded Whiteboard Venture Partners in 2017. He is focused on helping entrepreneurs create, build and scale the next generation of enterprise companies.

Most recently, Abhijit was the cybersecurity investment lead at NexStar Partners. He joined NexStar from Symantec where he led the turn around of a $100M+ security product portfolio for the company. Prior to Symantec, Abhijit was with the Strategy & Corporate Development team at VMware. Abhijit started his career at McKinsey & Company where he worked with growth-stage and Fortune 500 companies in IT infrastructure, industrials, and consumer electronics.",palo-alto-california,,"saas-enterprise,fintech,cybersecurity,iot-hardware,cloud-infrastructure",
Abhik Choudhury,"Chief strategist and founder of Salt and Paper Consulting. He is also a visiting faculty of Marketing Research & Campaign Planning at the Indian Institute of Mass Communication, New Delhi and a multilingual songwriter featured on Rolling Stone India. He has cross-category experience with over 75 global brands and contributes to publications like Forbes, Adweek, Entrepreneur US, BusinessInsider, The Indian Express and The Hindu amongst others. See his insights at www.abhikchoudhury.com",delhi-delhi,,,
Abhilasha Purwar,Abhilasha Purwar is a Founder and CEO at Blue Sky Analytics. He Attended Yale School of the Environment.,united-states,,,
Abhilash Gopal,Abhilash Gopal is an Engineering leader at Microsoft. He attended Visvesvaraya Technological University.,bangalore-karnataka,,,
Abhilash Prabhakar,"Abhilash Prabhakar is highly motivated entrepreneur and goal oriented individual seeking to further his knowledge and experience in any way, shape or form possible. He is currently serving as Chairman of the Board at both Emperyan Heaven Private Limited and Emperyan Heaven Infrastructure Private Limited, both businesses he founded in Bangalore, India. He is an avid learner, quick on his feet, and calm under pressure. He is inventive and looks for any opportunities available to enhance his character. 

Abhilash graduated from RV Institute of Management in Bangalore, India in 2003 with his Master of Business Administration in Finance and Financial Management Services. Soon after, he founded his first business, Emperyan Holdings, which he later merged to form Emperyan Heaven Private Limited in 2012. Then, in 2014, he founded Emperyan Heaven Infrastructure Private Limited, a construction business based out of India. 

In his business, Abhilash Prabhakar operates on the belief that customer service should take precedence above all else. He also places a lot of emphasis on the well-being of his employees and the company culture as well, infusing the science of happiness into his business models. 

In his personal life, Abhilash Prabhakar is married and living in India with his wife. They love traveling together and seeing new sites while experiencing new cultures with new people. Abhilash also loves to read, is a jet skiing enthusiast, plays billiards whenever possible, and loves to swim. ",bangalore-karnataka,"crowdfunding, debt, early_stage_venture",,
Abhimanyu Dhamija,"Abhimanyu Dhamija: Data Scientist Turned Entrepreneur
Founder@KoalaLab, @AmberStudent
VP-Business@Khatabook
Data Scince@Housing, Quant@citi",mumbai-maharashtra,,,
Abhimanyu Lal,"Abhimanyu spent 8 years at eBay India in a variety of roles including Marketing, Category Management and Strategy. Abhimanyu built the Retention Marketing function at eBay India and he was most recently the Head of Marketing & Category Management functions. A graduate of IIM Ahmedabad, Abhimanyu is passionate about Marketplaces and their role in providing market access to ‘small’ establishments.",mumbai-maharashtra,seed,,
Abhinaba Das,"Abhinaba Das founded WebGo Software Labs in Bengaluru, embarking on his entrepreneurial journey in 2020. Having previously contributed to several startup ventures, Abhinaba aims to revolutionize the business landscape through WebGo Software Labs. His vision is to empower small and mid-level businesses, facilitating their transition to the digital realm and driving significant sales growth in a short timeframe.",bengaluru-karnataka,"early_stage_venture, seed",,
Abhi Nandan,"Product Manager at Xoxoday, ""data is my bread and butter"" and help businesses to find the subject and medium that best fits their unique identity.",hyderabad-andhra-pradesh,seed,,
Abhinandan Pandey,"As a digital marketing professional with over 10 years of experience, I have a proven track record of driving business growth for leading brands through innovative, data-driven strategies. My expertise lies in SEO, app marketing, paid media, AI-driven tactics, and content optimization, making me a versatile marketer in the fast-evolving digital landscape.

I excel in leveraging advanced tools like SEMrush, Google Analytics, Google Ads, Adobe Analytics, Screaming Frog, and AI platforms to design high-impact campaigns that not only boost visibility but also improve ROI. Whether it's growing organic traffic, enhancing app performance, or scaling paid media efforts, my focus is always on delivering measurable results.

Key Specializations:

1. SEO & Content Strategy: Spearheading technical SEO and content initiatives to drive organic traffic and maximize lead generation for global brands.
2. Paid Media & PPC: Developing high-ROI paid media campaigns on Google Ads, social media platforms, and app ecosystems, with a track record of increasing lead generation by 1760%.
3. App Marketing: Crafting and executing app marketing strategies that improve visibility, downloads, and engagement on iOS and Google Play.
4. Data-Driven Campaigns: Using tools like Adobe Analytics, SEMrush, and Google Search Console to translate insights into action, ensuring data-backed decision-making for continuous optimization.
5. Leadership & Collaboration: Leading cross-functional teams of 50+ members and managing vendor relationships to align marketing efforts with overall business goals.

Some of my notable achievements include:

1. Achieving a 1520% growth in Search Volume and Share of Voice for top-tier keywords.
2. Increasing loan inquiries by 944% for a financial client through strategic SEO efforts.
3. Maintaining top rankings for prime keywords across industries such as finance, retail, healthcare, and e-commerce.

My goal is to bring my expertise in growth marketing to advertising, PR agencies, or brands seeking to elevate their digital presence and deliver outstanding business results. I’m always excited about opportunities that challenge me to innovate, lead, and transform digital strategies into tangible growth.",delhi-delhi,,,
Abhinav Asthana,Abhinav Asthana is the Co-Founder and CEO of Postman. He was the CTO of photo app TeliportMe.,bengaluru-karnataka,,"saas-enterprise,cloud-infrastructure",
Abhinav Bansal,,gurgaon-haryana,"early_stage_venture, private_equity",,
Abhinav Chaturvedi,"Abhinav Chaturvedi joined Accel in 2012. Prior to joining Accel, Abhinav held engineering and product management positions at Amazon.com where he built online payment systems. Abhinav holds an MBA from Harvard Business School and a Bachelor’s degree in Computer Science and Engineering from the Indian Institute of Technology, Roorkee.",bengaluru-karnataka,"Series B+, Seed, Series A","saas-enterprise,fintech,ai-ml,cybersecurity",
Abhinav Girdhar,"Abhinav Girdhar is the Founder & CEO of AppyPie. Abhinav has more than 10 years of combined expertise in the fields of business and technical development.
His profound understanding of mobile app development technology and his astute remarks add significantly to the blog.
His specialties include the most recent developments in artificial intelligence and machine learning, mobile app trends, and SEO.
He enjoys working out and loves to run and work out hard in the gym to receive his daily dosage of endorphins.  Abhinav Girdhar attended the University of Westminster.",london-england,,,
Abhinav Grover,,new-delhi-delhi,seed,,
Abhinav Pathak,Abhinav Pathak is based out of and is the Founder and CEO of Escape Plan. Abhinav previously worked at Perpule as a Co-Founder and CEO. Abhinav Pathak attended National Institute of Technology Karnataka.,new-delhi-delhi,,,
Abhinav Shashank,"Abhinav Shashank is based out of San Francisco, California, and is the Co-Founder and CEO of Innovaccer. Abhinav previously worked at ASME as a Executive Committee Member. Abhinav Shashank attended Indian Institute of Technology Kharagpur.",san-francisco-california,,,
Abhinav Singhvi,Abhinav Singhvi is a Chief Financial Officer at Volatus Aerospace. He Attended Schulich School of Business - York University.,toronto-ontario,"early_stage_venture, seed",,
Abhinay Peddisetty,Abhinay Peddisetty is the Co-Founder of BukuWarung. He was an Angel Investor at Go Swift and the Head of Enterprise Business of APAC at Carousell before that.,jakarta-jakarta-raya,,,
Abhinay Rai,"Abhinay Rai is an indian lawyer specializes in commercial and taxation law. The Founder of Indian tax preparation company TaxCaller. having Professional Experience More than 8+ years in the field of Taxation Law. Rai was born on 2 January 1994 in the Lucknow city, India.",ghaziabad-uttar-pradesh,,,
Abhiraj Singh,Building Everyday to create an impact in this world.,delhi-delhi,,,
Abhiraj Singh Bhal,Abhiraj Singh Bhal is the Co-founder and CEO at Urban Company.,gurgaon-haryana,,,
Abhir Dayaram,"Abhir Dayaram is an international negotiator and a specialist in private equity and finance. He has previously worked in the Venture Capital, Mergers and Acquisitions, Corporate Finance and Private Equity divisions of Standard Bank in South Africa. His responsibilities included assessing performed deal valuations and credit analysis on opportunities for both financial and strategic acquisition on behalf of corporate clients, as well as the bank’s private equity division.

He is currently CEO of Quantum Capital Fund, a multi-staged venture capital firm that is largely invested in Quantitative Trading, Information Technology and the Online Media sectors. He spearheads the valuation process of investment opportunities and has functional responsibilities for the quality, consistency and improvement of its investment processes within and across each business line.

He is also a blogger on technology issues on his blog site Abhirdayaram.com, where he provides unbiased and independent opinionated news, analysis and forecasts relating to technology and private equity issues.",durban-na---south-africa,,,
Abhiroop Jayanthi,,mumbai-maharashtra,,fintech,
Abhiroop Srivastava,"Abhiroop (Abhi) Srivastava is a Co-Founder & COO at Prodo. He attended Saïd Business School, University of Oxford.",gurgaon-haryana,early_stage_venture,,
Abhishant Pant,"Abhishant Pant is a Mumbai based Fintech expert and has more than a decade of hands-on experience of payments landscape.

He has spoken about the Fintech landscape via Ted Talks, Lectures at NUS, IIM and IIT’s and at various Banking conferences, he is closely associated with the Fintech world (as mentor) via incubators like Barclays Rise and writes regularly on Fintech landscape opportunity and challenges.

He is extensively covered by Media both India (TOI, HT, ET, Zee News, India News , Mid-Day etc ) and abroad (BBC, Dagnes Nayhter) and was recently named among TOP100 Fintech Professionals in Asia.",mumbai-maharashtra,,,
Abhishek Bhatewara,,pune-maharashtra,seed,,
Abhishek Chaudhary,Abhishek Chaudhary is the React Developer at YUGMA. He attended Bharati Vidyapeeth.,mumbai-maharashtra,crowdfunding,,
Abhishek Chhajlani,"Abhishek Chhajlani is the Chief Operating Officer at Diaspark. He previously worked at Burrp and attended Birla Institute of Technology and Science, Pilani.",east-brunswick-new-jersey,,,
Abhishek Jha,"Hey everyoneeeee! Abhishek here! I am a serial entrepreneur and a website/software designer with a passion for building things that make peoples' lives simpler, better and happier! Also a NFTs lover!

Let us give a look at my journey!

2020: Always had the plan to create something innovative!

July 2021: Pandemic hit but things changed! Beginning of Book Buffet 'An initiative to create a world of books and readers that never ends'!

End of July 2021: Got my first order! That was a great moment for me!

2022: Working on more projects related to Book Buffet!

February 2022: We are now a team of 4-5 members!


Future: God knows what will happen!

That was my journey! 

Do visit us on our website!

Byeeeeeeeeeeee!",new-delhi-delhi,"debt, non_equity_assistance, private_equity",,
Abhishek Kankani,Abhishek Kankani is the Co-Founder & CEO at dyte.,faridabad-haryana,,,
Abhishek Krishna,Abhishek is a Serial Entrepreneur with 5+ years of Startup Ex. A nerd with insatiable desire for knowledge across domains who has been coding since school and has groomed and led Product Teams He’s a Musician and has organised Music events with 200+ Musicians Graduated From IIT Roorkee,singapore,,,
Abhishek Kumar Burman,Abhishek Kumar Burman is the chairman and managing director at NexMoney.,ranchi-jharkhand,,,
Abhishek Mahankal,"With over 8 years of experience with trading in the stock market, managing 3 brokerage firms and a complete passion and goal to motivate millions, Abhishek Mahankal is the man behind TRADR.",nagpur-maharashtra,private_equity,,
Abhishek Mahto,"Abhishek Mahto is a 21-year-old entrepreneur with 8 years of experience as the founder of start-ups. Currently, he is the CEO of a digital currency trading platform called Nomoex. He is also the Founder of MBT Ventures. 

At MBT Ventures, He are committed to shaping a future where technology and innovation create opportunities and drive sustainable growth. 

As a co-founder, He is  at the forefront of steering investments in cutting-edge sectors including Web3, AI, Cloud Computing, and Lifestyle Innovations. With a portfolio exceeding $60M, He is not just building businesses, He is crafting legacies for tomorrow. At MBT Ventures, committed to shaping a future where technology and innovation create opportunities and drive sustainable growth. As a co-founder, He is at the forefront of steering investments in cutting-edge sectors including Web3, AI, Cloud Computing, and Lifestyle Innovations. With a portfolio exceeding $60M, we're not just building businesses, He is crafting legacies for tomorrow.",bangalore-karnataka,"initial_coin_offering, seed",,
Abhishek Malani,"Yestreday I was reading about the Abhishek Malani, an awarded web designer. Abhishek Malani is also a Social worker and always help other for their better life and lifestyles. According to Abhishek Malani quest for Success, Mr. Abhishek Malani has helped most of his clients to speed up the lengthy process of Bankruptcy. Usually, a normal bankruptcy case takes several months to complete and the time gaps add a lot of stress for the debtor. Mr Abhishek Malani has helped all his clients to understand the critical process and make them confident about it.",greater-seattle-area,,,
Abhishek Mishra,"A Few Meta Tags To Define Me

""Chatur"",""Consultant"",""Developer"",""Hacker"",""Crazy"",""Gossip King"",""Traveler"",""Technology Lover"",""Human Being"",""Sadharan"".

A Long Bio because my height is 5""9 . So it should match with that :D

Career : Jivan Ek Sangharsh : Papa ki Marr : Dhokha : Engineering kar lo bahut scope hae .

After Struggle , Cheating i Sucessfully Become The Engineer (Not an Engineer : Bahut mehnat se clear hue hae) .

Life Sucks : Sarkari Naukri mil gai : Weight gain : Boring : 1 Years .

Life jahannum : Pair pe Kulhadi : Private Job : Paise ki Lalach : 1 years 3 months : 12 companies : 50 + interviews .

Start Up ka Bhoot : Business Consultant : Salah dena : Business Badhana : Low Bank Balance High Appreciation .

Sikhne ki koi Umar nai hote : Web Development : Dosto ki free me Website Banai : Ladai hue to Delete .

Achievement : Best Web Developer : Best Digital Marketer : Best Hacker : Top Security Advisor : Top Consulting Firm .

Failure : Paise Barbaad : Dhokha : Sab Band : Futt Futt ke RoYa : Depression .

Think Tank : Market Research : Finding Investor (Koi Nai Mila) .

Website Development Company : Web Maky : 1 Years : 180 + Clients .

Thoda Paisa Aya : Lalach Badhi : Hum hosiyar Hue : New Ventures .

Online Accountant Website : Hire CA : 1 Years : India's Number 1 E-accountant Website .

Be Social : Jamane ka Bhala Karo : Angel Investor : Invested in Start Ups .

Filmoen Me interest Badha : Kahaania Website : Chote Se Producer : Har Dost Ko Hero Banna tha .",delhi-india,seed,,
Abhishek Mohan,Abhishek Mohan is the Principal of Sequoia Capital.,gurgaon-haryana,,,
Abhishek Nair,Founder: Code Samaaj,mangalore-karnataka,seed,,
Abhishek Panwar,,india,seed,,
Abhishek Prasad,Abhishek Prasad is a Managing Partner at Cornerstone Venture Partners.,,,"saas-enterprise,fintech,ai-ml,ecommerce-retail,cloud-infrastructure",
Abhishek Rungta,"Abhishek Rungta is the founder and CEO of Indusnet Technologies, a firm that specializes in all things Internet - design, development, market, training and SEO. Indusnet currently has a team size of above 400 people spread across three offices - Kolkata (India), Chennai (India) and London (UK).

Abhishek has spoken at a number of national and international conferences on various topics like Internet, Entrepreneurship, Social Media etc. Abhishek holds a Masters in Computer Science from University of Bath, UK.",kolkata-west-bengal,seed,,
Abhishek Sharma,Founder & CEO of Nexustech System.He is a Software Engineer past 5 Years.He is much pretty and better skills in programming languages.,patna-city-bihar,private_equity,"saas-enterprise,ai-ml,healthcare,telecom-connectivity",
Abhishek Uniyal,,bangalore-karnataka,seed,,
Abhishek Vaid,Abhishek Vaid is a Data Engineering at Prophecy.io.,bengaluru-karnataka,,,
Abhishek Verma,https://www.entrepenuerstories.com/press-release/featured/leveraging-ai-to-help-students-learn-better/,bangalore-karnataka,seed,,
Abhishek Vishwakarma,"Abhishek vishwakarma is a young successful entrepreneur, Networker, Leadership consultant  
has started his business journey at the young age of 18, he learned various marketing related strategies, tactics and became a successful entrepreneur And Leadership consultant.",ghazipur-uttar-pradesh,,,
Abid Alli,"Abid Alli - offers WordPress Web Development, SEO, Paid Media Marketing, Social Media Management, Video Editing and Graphic Design Services online | helping people to start their own business with the help of the latest technologies also provides business services along with teaching people to be own their own with the advanced learning skills.",lahore-punjab,early_stage_venture,,
Abidex Exchange,": Early Life and Education

Abidemi Oyewole was born and raised in Ikire, Irewole Local Government Area of Osun State, Nigeria. His early life was marked by a strong sense of curiosity and enthusiasm for learning. Growing up, he was fascinated by the workings of machines and devices, often disassembling and reassembling them to understand their inner mechanics.

Abidemi's educational journey began in Ikire, where he attended primary and secondary schools. His academic prowess earned him admission to a prestigious higher institution in Nigeria, where he pursued a degree in a related field.

Career Development

After completing his education, Abidemi relocated to Lagos, the commercial hub of Nigeria, in pursuit of better opportunities. It was during this time that he discovered his passion for bike mechanics. He enrolled in a vocational training program, where he honed his skills in repairing and maintaining bicycles. His hard work and dedication earned him a reputation as a skilled bike mechanic, with clients from all over Lagos seeking his expertise.

Cryptocurrency Trading

In recent years, Abidemi's interests shifted towards the rapidly growing world of cryptocurrency. He began to study the market trends, analyzing data and making informed decisions to buy and sell various digital currencies. His success in cryptocurrency trading was swift and impressive, with his portfolio growing significantly over time.

Today, Abidemi is a successful cryptocurrency exchange trader, leveraging his analytical skills and technical expertise to navigate the ever-changing landscape of the cryptocurrency market. His experience as a bike mechanic has also given him a unique perspective on problem-solving and troubleshooting, skills that have proven invaluable in his trading endeavors.

Personal Life

When he's not busy trading cryptocurrencies or tinkering with bikes, Abidemi enjoys exploring the city of Lagos, discovering new restaurants and cafes, and spending time with friends and family. He is an avid learner, always seeking out new knowledge and skills to improve himself.

Achievements

Abidemi's achievements are a testament to his hard work and dedication. As a bike mechanic, he has won several awards for his outstanding services, including the ""Best Bike Mechanic"" award at the Lagos Bike Festival. In his cryptocurrency trading career, he has consistently outperformed market expectations, earning recognition from peers and industry leaders.

Conclusion

Abidemi Oyewole's journey from a small town in Osun State to becoming a successful cryptocurrency exchange trader is a testament to his resilience, determination, and passion for learning. His unique blend of technical expertise and analytical skills has enabled him to succeed in multiple fields, from bike mechanics to cryptocurrency trading. As he continues to navigate the ever-changing landscape of the digital world, one thing is certain: Abidemi Oyewole will remain an force to be reckoned with in the world of cryptocurrency trading.",lagos-nigeria,early_stage_venture,,
Abi Dharshan,"Abi Dharshan is the Product Lead for the Zerion API and a Co-Founder of Social Graph Ventures and Hydra Ventures, the first venture DAO fund of funds. He has been building, investing, and writing at the intersection of capital markets, web3, and AI since his late teens.

At Zerion, Abi leads the REST API and webhooks powering onchain data infrastructure for wallets and dapps like Rainbow Wallet, Uniswap Wallet, and Farcaster. Zerion is one of the world’s leading onchain asset management platforms, with over 500,000 monthly active users and $2 billion in transaction volume.

As a venture builder, Abi helped incubate Social Graph Ventures and Hydra Ventures, pioneering DAOs investing in next-gen funds like OrangeDAO (YC founder DAO) and Xoogler Ventures (ex-Google alumni). He previously invested in fintech at Radical Ventures, a $350 million AI-focused fund.

Prior to this, Abi held product and growth roles scaling multi-million dollar technologies at Wolfram|Alpha and other startups, with a focus on user-centric design, API infrastructure, and global go-to-market strategy. His work has spanned across the US, UK, Germany, Japan, South Korea, India, UAE, and Argentina.

Abi earned his B.S. in Computational Sciences and Business from Minerva University, graduating summa cum laude. Minerva has a 2% acceptance rate and is backed by Benchmark, SpaceX, Netflix, ByteDance, and TAL.

He is also a fellow of On Deck and Gitcoin KERNEL, and writes regularly at https://twitter.com/abishekinguout.",new-york-new-york,"early_stage_venture, seed",,
Abie J Cohen,"Experienced operator and investor, previously serving as a director at UBS Wealth Management.","New York, New York","Pre-Seed, Seed, Series A","saas-enterprise,fintech,ai-ml,ecommerce-retail,climate-sustainability",
Abie Katz,,san-francisco-california,,saas-enterprise,
Abigael Titcomb,"Abbey Titcomb is the Head of Community and Governance at Radicle.

Abbey is a Northeastern University student majoring in Mechanical Engineering with a Minor in Entrepreneurship due to graduate in Spring of 2018.

Abbey is focused on providing support for all Core Community initiatives including events, networking and recruiting new members, with a primary goal of making sure that every entrepreneur’s interaction with Underscore is a great one.

Abby has a passion for problem solving and experience design in technology and has already founded her own startup called Knightly, the ultimate safety network for college students.",boston-massachusetts,,,
Abigail Stone,Abigail Stone is a CEO and Co-Founder at Otherland. She attended Columbia Business School.,new-york-new-york,,,
Abinash Tripathy,Abinash Tripathy was the Co-Founder and CEO of Helpshift.,san-francisco-california,,,
Abin Roy Choudhury,"Abin is the VP of Global Sales & Operations at Deque Systems (APAC). He has completed his CFO program from IIM, Calcutta, and his MBA (Marketing) from MIT, Pune. With an entrepreneurial mindset deeply ingrained within me, I am renowned for championing startups and transforming their visions into tangible successes. Specializing in fostering revenue growth, nurturing team development, and cultivating robust company cultures, I consistently drive startups to flourish across various fronts. My particular affinity lies with SaaS product companies, drawn to their disruptive potential and ability to redefine consumer experiences through innovation.

Over my two-decade professional journey, I've embraced continuous learning and intellectual curiosity, seamlessly transitioning through diverse roles and responsibilities across organizations. This journey has honed my ability to craft innovative strategies, cultivate high-performing teams, and uphold operational excellence.

As a servant leader, my primary commitment is to champion the success and growth of my team members, fostering a collaborative and empowering work environment. With expertise spanning team management, business development, product expansion, and revenue enhancement strategies, I've spearheaded transformative initiatives that drive sustainable growth.

Navigating diverse operational and fiscal responsibilities, I've consistently optimized business performance and fueled substantial revenue enhancements. Fueled by a profound passion for startups, my strategic acumen, and execution excellence position me as a pivotal catalyst for driving growth and success in innovative ventures.",hyderabad-andhra-pradesh,"early_stage_venture, seed",,
Abiodun Ayobami,Entrepreneur,london-england,seed,,
Abiodun Sowemimo,"Sowemimo Abiodun (born on the 25th December 1986) He’s a Nigerian Billionaire, investor, multiple award-winning Computer Programmer, Financial Technologist, Data Scientist, Venture Capitalist, Computer Media Applications, Digital Reputation & Risk Governance Mogul with an estimated net worth of over $423.7 million. He is the Founder/CEO CapitalMetriQ Swift Bank, iNet Telecommunications, InfoMetriQ Data Network, Silicon Airways & Cyberpedia Internet Governance. He is best known as the founder of the global data system of information profiling application Cyberpedia. On the 17th of March 2019, he was honored & awarded by the Egyptian President & Chairperson of African Union Abdel Fattah El-Sisi at the World Youth Forum as the most promising youth in Africa. On the 28th of September 2023, Sowemimo bags the prestigious CHOISEUL Top 100 Africa Economic Leaders of Tomorrow 2023 list. On the 23rd of September 2022, he was awarded honorary young African leader award in pursuant to the 2021 declaration on sustainable partnership of France Government & Africa by his Excellency, President Emmanuel Macron at the Nouveau Sommet Afrique-France, in recognition of his change advocacy, entrepreneurial strides & commitment to societal good through philantropic gestures. On the 25th of September 2019, at the occasion of the High-Level Segment of the 74th UN General Assembly, the Permanent Mission of Nigeria to the United Nations, in collaboration with the World Award Foundation & Silicon Valley Nigeria Economic Development (SVNED), Sowemimo Abiodun Won the 2019 SDGs #9 honors in Industry, Innovations & Infrastructure alongside with Alicia Keys.
On the 12th of April 2021 he was appointed by the International Society of Diplomats as Ambassador for Critical Technology & Cyber Affairs, representing 55 countries in Africa as Special Attaché Innovation, Internet & Technical Committee. Sowemimo Abiodun is the Revolution of Innovation, he invented the world first Internet Identity Number through InfoMetriQ Data Application. On the 29th of July 2021 he was appointed by the Lagos State Governor Babajide Sanwo-Oolu to Champion Lagos State Sustainable Development Goals (SDGs). He is the current President & Chairperson of African Chamber of Innovation Internet Governance & Digital Inclusion. On the 26th of January 2019, he was conferred with Doctorate Degree (Ph.D.) in Information Technology Management, from the Prestigious ICON University of Management Science & Technology. He is a Rome Business School Alumni. On the 1st February 2019, he was appointed as the Rome Business School Italy, representative in Nigeria, a globally acclaimed & the most international business school in Europe. On the 20th of April 2018, he received the certificate of Leadership from the Accra Business School Ghana, Presented by the President of Accra Business School. Bishop Gideon Titi-Ofei. He is a fellow of the Nigeria Institute of Management Consultants & a Certified Management Consultants with (ICMI) license granted by the International Council of Management Consulting Institutes, which is globally accepted & reciprocally recognized in over 50 countries. On the 25th of September 2018, he was appointed as Ecowas Youth Council Ambassador, representing over 200 million youths in 16 West Africa Countries at all level of governance, conferences & in line with promoting the United Nations Sustainable Development Goals. Before he rose to this supreme office. He has gained a lot of experience in Computer programming, Information Technology Management, Data Entry Processing & Online Reputation Management. On the 17th of January 2020 he was awarded the Royal African Medal, inducted into the Royal Court, honored & regarded as one of the top & influential “Super 20” for his outstanding achievement in empowerment & entrepreneurship at the Royal African Leadership Forum by his Imperial Majesty Ooni Adeyeye Enitan Ogunwusi. On the 5th day of July 2018, he received the (SVNED) Silicon Valley Nigeria Economic Development Certification & Award for his exemplary performance at the (SVNED) Silicon Valley 2nd Immersion Programme. On the 30th of April, 2019 he was certified by Oracle in (loT) Internet of things, Block-chain, (Al) Artificial Intelligence & Chat-bots. Over the past years, He has led a company involved in the web- design and development of public and private application design projects in many communities. In addition, he has formed and led companies in the development, building, auction & sales of premium web domains. He understands the design, development, content & auction. 
He knows how to get it built and sold as well; on the 17th of February 2018 he launched a book titled (The Future of Money) with Unachukwu Emeka. On the 10th of April 2019 he was nominated to receive the Doctors of Business Administration (Honoris Causa) degree by the Academic Council of the Commonwealth University in conjunction with London Graduate School. This making his second doctorate degree. Dr. Sowemimo Abiodun has served as the Chief Executive Officer of PagePedia Global Data System of Information from January 2016 till July 2017. He gained invaluable understanding of the public process and the numerous challenges that a municipality faces long term as well as any given day. He understands the budgetary constraints, & the maintenance issues of web & mobile application. In 2022, He launched a cyber arbitration and fact checking platform ‘Cyberpedia.app. The platform is dedicated to verify and authenticate malicious and false news and to ensure that only accurate information is disseminated. It also stands a neutral third party to mediate these disputes that may arise from online activities and is committed to fairness and accuracy.
He’s an outstanding true global citizen that shows natural genius for planning things. He can erect, construct and practically assemble applications to make things work with a unique cerebral excellence. Over the years, He has helped many clients, both public and private, deal with creating content & design, permitting, and development challenges. Dr. Sowemimo has been fortunate to have worked with experienced, talented, professional, and dedicated partners, staff, and sub-consultants. The approach has always been to build a team (Group) to get the job done. He is an embodiment of professionalism and an achiever per excellence. Dr. Sowemimo Abiodun branded networks and numerous specialty firms provide profiling of individuals, corporate promotional content description for organization, advertising, business networking, global directory, strategic media planning and buying, digital and interactive marketing, direct and promotional marketing, public relations and other specialty communications services to Millions of clients in more than 100 countries. As a strategic multi resourceful individual he manages a portfolio of global market leaders comprised of many global profiles' agency networks, numerous leading national advertising agencies; a global network of million marketing services companies; and a media group. That includes several world’s premier providers of media planning and buying services. Dr. Sowemimo Abiodun offer services in over 50 world marketing communications disciplines across more than 200 strategic brand platforms. The only epithets that can aptly capture the essence of this man with a lion heart is a colossus. A personality that encompasses simplicity and a knack for qualitative service to humanity and especially imparting knowledge to our generation. Dr. Sowemimo is garbed with enviable success with a guiding mantra that says (Preparing generation for total greatness) this is apt because this great man of words does not only live and exemplify the fertile knowledge, he has for years drummed into countless number of individuals who have been lucky to encounter him. A man who has attracted multiple honorees with a catalog and a dazzling height success.
Dr. Sowemimo Abiodun is leading light and a formidable beckon of hope in our generation.",,"early_stage_venture, post_ipo, private_equity, seed, venture",,
Able Joseph,"Able Joseph is the founder of Aisle.co. Aisle is all set to revolutionize the Indian matchmaking. Aisle promises to address the pain points that have risen over the years in the matchmaking community. With an array of individuals from different walks of life Aisle allows one to choose and connect with individuals based on their interests, favorites and a brief bio.

Able Joseph is a Google certified advertising & analytics professional, an ex-musician and a lover of aesthetically pleasing hardware and software. He has managed over $2M in online advertising. Joseph helped build and scale 3 e-commerce startups in Dubai after having to shut down his online pet clothing store headquartered in Bangalore. He drives the product, it’s design and it's positioning at Aisle.co",bengaluru-karnataka,,,
Ablorde Ashigbi,,chicago-illinois,,saas-enterprise,
Aboobacker Amani,"Aboobacker Amani is an Islamic scholar, historian, writer, author and editor publisher of several publications including Calicut Review. He is also Chairman of Quba Educational Trust and Islamic Educational Trust, and CEO of MicNode. He is involved in number of scholarly event conducted by many colleges and departments. Amani is a advisory board member and the director of Arakkal Museum.",kozhikode-kerala,venture,,
Aboud Khaddam,Aboud Khaddam Is The Managing Partner at London Impact Ventures.,london-england,late_stage_venture,,
Abraham Cababie Daniel,"Eager to find new development projects, Abraham Cababie Daniel uses his expertise to find ones that will help the industry’s growth. Through the years, the Gicsa CEO has been instrumental in the company's success in the real estate business. Under his leadership, Gisca remains to be one of the most trusted names in Mexican real estate. After successfully developing hotels, shopping malls, offices, and industrial warehouses, Abraham Cababie Daniel and Gisca are now setting their sights on luxury real estate.",mexico,,,
Abraham Robertson,"Abraham Robertson is based out of Greater Sydney and is the CEO and Co-Founder of Biocare. Abraham previously worked at the NSW Department as an Innovation NSW Program Manager. Abraham Robertson attended the University of Technology, Sydney.",sydney-new-south-wales,,,
Abraham Thomas,"Abraham Thomas is Quandl’s co-founder and Chief Data Officer. An expert data analyst, Abraham handles all data-related operations for Quandl: identification, acquisition, curation, organization and dissemination. Abraham co-founded Quandl after a successful career on Wall Street, where he was the youngest trader at a multi-billion-dollar hedge fund. At this fund, Abraham conceived, designed and executed a number of quantitative data-driven investment strategies while managing a $300m arbitrage portfolio.",toronto-ontario,,"saas-enterprise,fintech",
Abram Dawson,"Abram Dawson is based out of San Francisco, California and is the Founder of Splits Protocols. Abram previously worked at SV Angel as an Investor. Abram Dawson attended Santa Clara University Leavey School of Business.",san-francisco-california,,"saas-enterprise,aerospace-defense",
Abrar Ahmad,,dubai-dubai,"venture, late_stage_venture, early_stage_venture, private_equity",,
Abrar Bajwa,Abrar Bajwa is based out of Dubai and is the Co-Founder of Zambeel. Abrar previously worked at Tazah Technologies as a Co-Founder. Abrar Bajwa attended Lahore University of Management Sciences.,dubai-dubai,,,
ABS Shamim,"Managing Director of Airtech IT Limited, a Bangladesh-based IT company that provides a range of services, including web development, software development, and digital marketing. He has over 10 years of experience in the IT industry and has worked on a variety of projects, both in Bangladesh and internationally.

Shamim is a passionate advocate for the use of technology to solve real-world problems. He is also a strong believer in the importance of education and training, and he is actively involved in developing the skills of the next generation of IT professionals in Bangladesh.

Shamim is a graduate of the Northern University of Business and Technology Khulna, where he studied Computer Science and Engineering. He is also a member of the Bangladesh Association of Software and Information Services (BASIS).


Shamim is a highly respected and influential figure in the Bangladeshi IT industry. He is known for his expertise, his dedication to his work, and his commitment to social responsibility.

Here are some of his notable achievements:

Led Airtech IT Limited to become one of the leading IT companies in Bangladesh

Actively involved in developing the skills of the next generation of IT professionals in Bangladesh.",khulna-khulna,,,
Abtin Setyani,,berlin-berlin,"convertible_note, early_stage_venture, initial_coin_offering",,
Abu Bakar Siddik,"Abu Bakar Siddik is a Bangladeshi, musical, artist, Entrepreneur, Digital, Marketer, Influencer, & internet personality Who is Mostly known as a digital marketer rather than Musician. He born 2004 in Barisal",,"early_stage_venture, secondary_market",,
Abu Bakr Cassim,Abu Bakr Cassim is the Founder of Jozi Angels. He attended IE Business School.,johannesburg-na---south-africa,,,
Abu Bakr Mahim,Abu Bakr Mahim is the Musician at Spotify. Abu Bakr Mahim attended Baitush Sharaf Adarsha Kamil Madrasah.,chittagong-barisal,,,
Abul Khayer,"Abul Khayer is a social entrepreneur who co-founded several startups in Bangladesh. He's currently the CTO of Search English, an award winning English learning platform for ordinary people and the largest online English learning platform in Bangladesh.

He's a professional web developer and later on became an entrepreneur. His first initiative was a lifestyle e-commerce company ShopyBuzz, founded in 2014. Later one He founded a Bangla news portal call ePotrika.com in 2015. Both the initiative was straight failure. In late 2015, he co-founded Encouragebd, a community based platform to encourage and motivate frustrated people and guiding them to right career. Even though it was appreciated by many of its users but it wasn't also a profitable venture.
In the early 2016, he co-founded e-Commerce World, a community to discuss on e-Commurce ecosystem and learning business through collaboration. It closed in 7 months and he co-founded his first successful startup Search English with the same co-founders of e-Commerce World. People from all around the world loved the idea of Search English from the very early days. It's now have more than 1.5 million users and growing so fast. During the journey of Search English, in March 2017, he found a proprietorship web development agency called Biggestech which is still in operation and have a good traction every month.
2018 is the most successful year for Search English. It won several international awards and recognition for its social and economic impact. Search English raised grant from Startup Bangladesh and seed fund from GP Accelerator, the two top startup acceleration programs in the country.",dhaka-dhaka,,,
Abul Nuruzzaman,"Abul Nuruzzaman is a General Partner at Pegasus Tech Ventures and the Vice President of Marketing at Xperi Corporation. He previously worked as a Sr. Product Marketing Manager at Lattice Semiconductor, TE Connectivity, and Cypress. Abul attended the University of California, Los Angeles and Osaka University.",san-jose-california,,"fintech,ai-ml,ecommerce-retail,iot-hardware,cloud-infrastructure",
Abuzar Ghaffari,"I am Abuzar Ghaffari, a Content Creator with the aim to show the bright side of Pakistan to the world. I am passionate about all aspects of life and I am always on a mission to explore new things.",peshawar-north-west-frontier,,,
Abuzar Rajput,"Abuzar Rajput, better known as Abuxar, is an Indian YouTuber, streamer and rapper from Delhi, India. He is known for his music videos, comedic skits and reactions to various online topics on his channel Abuxar. He is founder of Abuxar Records. He has already verified on largest music platform Spotify, and has YouTube Official Artist channel.",india,seed,,
Aby Galsky,"Aby Galsky brings more than 15 years of expertise in commercial real estate investment to the table, having played pivotal roles in acquisition, legal affairs, financing, and asset management. He was a founder and managing principal of Elion Partners, a distinguished private real estate fund headquartered in Aventura, Florida. At Elion, he spearheaded financial operations and overall management, steering the fund to remarkable success in commercial real estate ventures across the United States.

Prior to Elion, he honed his skills at Acceso Partners, a prominent real estate fund, where his focus on property acquisition and management in Florida. Before entering the real estate sector, he served as a principal at Grupo Sindicato Pesquero del Peru, the world's largest fishmeal company, where he gained invaluable experience in business operations and strategic leadership.

He holds a Bachelor of Business Administration from the Universidad de Lima and furthered his education with an MBA from the University of California, Berkeley. His diverse background, coupled with his passion for real estate investment and business innovation, positions him as a dynamic leader in the industry",united-states,private_equity,,
ACC Video,"Phòng khám ACC tiên phong ứng dụng Trị liệu thần kinh cột sống -  Chiropractic, có sứ mệnh chữa lành cơn đau cơ xương khớp, hướng dẫn bệnh nhân thay đổi thói quen sinh hoạt, ngăn ngừa cơn đau tái phát.",,,,
Achal Upadhyaya,Founder at Interlagos,los-angeles-california,,iot-hardware,
Achim Bonsch,Achim Bonsch is the head of the retail division. Before founding Barzahlen he worked at Roland Berger Strategy Consultants in the department of Consumer Goods and Retail.,berlin-berlin,,,
Achmad Zaky,"Zaky is the Founder and CEO of Bukalapak, the largest marketplace for small sellers in Indonesia. He launched Bukalapak in March 2010 as a division of his Digital Consulting company, Suitmedia. Under his leadership, Bukalapak is experiencing tremendous growth until now. Currently, Bukalapak has more than 80k individual and small sellers by end of 2013. Achmad received a bachelor's degree in Computer Science at Institut Teknologi Bandung.",jakarta-jakarta-raya,,,
Acke Salem,Acke Salem is the Founder and Co-Owner of Loop Capital. He previously worked at Campus Vänner as a selection committee. Acke Salem attended Linköping University.,sweden,seed,,
Adalberto Flores,"Adalberto the CEO of Kueski, the fastest micro-lending service for Latin America. He is a seasoned executive with experience in the financial and software industries in both the USA and Latin America. Before Kueski, Adalberto started, grew and managed all operations of Ooyala Mexico, the largest International division of Ooyala, Inc. Adalberto opened two offices which grew to 29 employees in two different cities, encompassing software engineers, technical support, data science, sales, marketing, account management, HR, G&A, etc. 

Prior to Ooyala, Adalberto was the Cofounder and CEO of Inviko, a business referral engine. At Inviko, he was in charge of the fundraising, general management, sales and marketing, public relations and talent acquisition. While at Inviko, the company received several national and international awards including 1st place at the Mexico Intel Entrepreneurship Challenge. 

Adalberto has worked for, collaborated with and consulted on engineering, business, finance and strategy for 20+ companies & institutions in China, Brazil, the USA and Mexico. He can speak, read and write Chinese-Mandarin, Portuguese, English and Spanish. He has a B.S. in Industrial Engineering and a minor in Systems Engineering from Monterrey Institute of Technology (ITESM). 

Adalberto was awarded Mexico’s University Student of the Year for Finance by Ernst & Young and CNN-Expansion. He was also awarded the top prize in the E100 Mexico West Entrepreneurship Recognition (2012) and named the most outstanding Industrial & Systems Engineer alumni from Monterrey Institute of Technology (ITESM), Guadalajara, 2012. He was part of the initial founding team of SumaValley.mx, one of the largest entrepreneurial organizations in Mexico and has been a invited in several events including TEDx Zapopan.",guadalajara-jalisco,,fintech,
Adam Abate,Adam Abate was the Co-founder and Partner of Apposit. He attended Brown University.,ethiopia,,,
Adama Joseph Adama,"I'm the Founder and CEO of Ceepass Digital Bank.

One of the fastest growing neobanks in Nigeria.",abuja-federal-capital-territory,"early_stage_venture, private_equity, seed",,
Adam Arellano,"Adam Arellano is an entrepreneur, angel investor, author, and the nation’s #1 mobile app startup strategist. For more than a decade Adam has helped thousands of fellow entrepreneurs to refine their app startups and successfully helped hundreds of mobile app excel in the app stores. Mr. Arellano is the author of Automatic App Launch, How to Build, Launch, and Scale Your Own Million Dollar App. Mr. Arellano has empowered countless others around the world through his audio programs and educational videos. Mr. Arellano is the managing partner of a venture capital company comprised of more than 50 privately held app startups with combined sales exceeding $15 million annually. Mr. Arellano resides in Scottsdale Arizona with his wife Alice and their two children Ava and Ashton.",,private_equity,,
Adam Audette,Adam Audette is the SVP SEO at Blend360. Attended Oregon State University.,bend-oregon,,,
Adam Back,"Having worked on e-cash protocols since 1995, Adam is an applied cryptographer and inventor of the hashcash proof-of-work and decentralized mining used in Bitcoin.In addition to implementing credlib, he was an e-cash consultant to Nokia and later to Credentica (acquired by Microsoft). Adam was an architect and cryptographer at Zero-Knowledge Systems working on its Freedom network, a precursor to Tor. He has also consulted for leading security companies, including oneID, Vmware and QWcap. Most recently, Adam co-founded Picorp, which was acquired by EMC and where he was CSO of the company’s consumer division, Decho. Adam holds a Ph.D. in distributed systems and computer science from the University of Exeter.",malta-malta,,"cybersecurity,cloud-infrastructure",
Adam Bain,Adam Bain is a Principal at Stormont Capital Advisors and a Partner at Sway Ventures.,greater-los-angeles-area,"Series B+, Series A","saas-enterprise,fintech",Split
Adam Ballai,"Life long engineer and drive towards helping others through automation. Formerly Twilio, Stripe, and now on a journey with RevOps.",san-francisco-california,,,
Adam Beguelin,Adam Beguelin is the Co-Founder at Holberton School Puerto Rico.,san-juan-na---puerto-rico,seed,saas-enterprise,
Adam Benayoun,Adam Benayoun is the Founding at Collider Ventures. Adam Benayoun attended Minshar - School of Arts.,ramat-gan-tel-aviv,,saas-enterprise,
Adam Bendell,Adam Bendell is the current President of US Operations of Gelteq. He previously worked at Cole Haan as a Director of Strategy and Transformation. Adam Bendell attended George Washington University.,new-york-new-york,,,
Adam Berger,"Immediately prior to joining Insight, Adam served as Chairman and CEO of Digital Room Incorporated (“DRI”), an Insight portfolio company sold in 2017. During his tenure at DRI and continuing upon joining Insight, Adam served as Chairman, board member or interim CEO for several Insight portfolio companies including Campaign Monitor, Diligent, E2Open, and Virgin Pulse (2018 exit) where he helped guide transformational efforts. Today, Adam also serves as Chairman of Achieve3000, Illuminate, PDI Software and Vela, and as Executive Chairman of Episerver.  Prior operating roles included Chairman, CEO or President of various public and private companies including Spark Networks, WeddingChannel.com Inc. and The Franklin Mint. Adam also served as a board member of PeopleSupport (preand post-IPO) and Pictage.","Los Angeles, California","Series B+, Series A","saas-enterprise,fintech,ai-ml,ecommerce-retail,cybersecurity",
Adam Berke,"Adam Berke is co-founder and CEO of WorkPatterns and was President/CMO and part of the founding team at AdRoll (now NextRoll.)

In addition to his operational roles, Adam is an angel investor and advisor in a range of technology companies across industries.

He received his BA in Economics from John Hopkins University and studied econometrics at the University of New South Wales in Sydney, Australia.",san-francisco-california,,,
Adam Berrey,"Adam Berrey is an entrepreneur and executive with 25 years of experience in the software industry. He has helped to build seven startups including three that went public and two that were acquired. He has led product and strategy work on more than 31 products and consulted on dozens of others. 

Most recently, Adam was the CEO of PathCheck, an unprecedented spinout from MIT that mobilized more than 600 professional volunteers to build a groundbreaking system for exposure notification, which helped millions of people protect their communities from the spread of covid-19.

Prior to PathCheck, Adam was the Chief Product Officer at Circle Internet Financial, CEO and Co-Founder of Curoverse, and an EIR at Northbridge Venture Partners and General Catalyst. Adam served as SVP, Marketing & Product at Brightcove (NASDAQ: BCOV) from first product launch through $20M in annual revenue, and he was President and Co-Founder of Onfolio, a knowledge management tool, which was purchased by Microsoft in 2006. 

Before Onfolio, Adam was VP, Marketing at Macromedia where he led the launches of more than ten products including several 1.0 releases. He joined Macromedia when they merged with Allaire in 2001. He was part of the founding team at Allaire, which built web application servers, and during his five year tenure, he held a variety of positions leading product, marketing, and business strategy work that helped to grow the company from $500K to more than $100M, an IPO, and a $2B market cap on NASDAQ.

Adam is an active angel investor with investments in a variety of companies including Clypd (acquired by AT&T), Placester, Promoboxx, and Sagewell Financial.",boston-massachusetts,seed,,
Adam Besvinick,"Adam Besvinick is the founder of Looking Glass Capital. He has led investments in companies ranging from pre-product to Series C throughout his career and has worked closely with founders at each of those stages and beyond. Prior to forming Looking Glass in 2019, Adam invested in Series A and later companies at Anchorage Capital Group and in seed stage companies at Deep Fork Capital. Prior to starting Looking Glass, he made pre-seed and seed investments in companies including Transfix, BigID, One Concern, Ease, Winnie, StatMuse, Oasis, Primer, Invisible Universe, and Rebel (acquired by Salesforce). He also has made early stage investments in NomNom (acquired by Mars), Plant Prefab, Inkbox (acquired by BIC), and Carrot.",new-york-new-york,"Pre-Seed, Seed","saas-enterprise,edtech,climate-sustainability",
Adam Bierman,"Adam Bierman is the Co-Founder and currently the President of MedMen and ModMan enterprises, which is an award winning marketing and branding firm focused on wellness and health-related industries. In U.S., he has helped more than hundred businesses related to marijuana by directing them on how to turn in their licensing applications, and by assisting them in setting-up and managing everyday operations, which are necessary for running a marijuana business.",los-angeles-california,,,
Adam Bird,"Founder, CEO of Cronofy.",nottingham-nottingham,seed,,
Adam Blitzer,Adam Blitzer is the COO of Datadog. Adam Blitzer attended Duke University.,san-francisco-california,,saas-enterprise,
Adam Blumencranz,"oversees deal execution, board representation and general fund management. have a deep understanding of the Property and Casualty insurance industry that allows me to provide significant insights and value to our Insurtech portfolio companies.",new-york-new-york,"Seed, Series A","fintech,healthcare",
Adam Boalt,Adam Boalt is the CEO and CoFounder of HelloGov AI. He previously worked at Dental Whale® as a Board Member and Investor (sold in 2024). Adam Boalt attended Florida International University.,miami-florida,,,
Adam Boehler,Adam Boehler is the Co-founder of Honest. He previously worked at Centers for Medicare & Medicaid Services as a Deputy Administrator CMS and Director Innovation Center. Adam Boehler attended The Wharton School.,nashville-tennessee-4e91,,,
Adam Boyden,"Adam is a Managing Director at RPM Ventures. Previously, Adam was the Vice President of Business Development and Marketing, and then General Manager of Xfire a provider of communications and tools to more than 11.5 million gamers worldwide that was acquired by MTV Networks for $110 million in 2006. Prior to Xfire, Boyden was the cofounder and former CEO of Autodaq (now OpenLane), the leading online automotive marketing company. Additionally, Boyden was the founder and former General Manager of the China Consultancy, an advisory firm to companies entering the Chinese market. Boyden holds a 1st Class Honors B.Sc. in Engineering Science from Exeter University, and an M.B.A from Stanford University.",san-francisco-california,,,
Adam Breckler,Adam Breckler is the Co-Founder and Head of Product of Better Health. He previously worked at Prism Labs as a Founder. Adam Breckler attended UC San Diego.,san-francisco-california,seed,,
Adam Bridgman,"As an experienced digital industrial investor, he understands the adoption headwinds facing legacy industry innovators and the critical need for channel partners. In 2016, he established HOLT Ventures and in 2017, convened the original Ironspring Network to help serve this purpose. Adam co-founded Ironspring in 2019 to formalize this network-driven investment approach to digital industrial innovation.",san-antonio-texas,"Seed, Series A","saas-enterprise,iot-hardware,logistics-supply-chain,climate-sustainability,construction-industrial",
Adam Broadway,Adam Broadway is the Chief Executive Officer of platformOS. Adam Broadway attended Lilydale High School.,san-francisco-california,"early_stage_venture, seed",,
Adam B. Struck,"Adam is the Founder and Managing Partner at Struck Capital. 

Adam graduated from Northwestern University where he completed the Kellogg School of Management Certificate Program. He also graduated from Georgetown Law where he received his Juris Doctorate. Adam is a member of the NY Bar Association and has also been recognized by Forbes, making the coveted 30 Under 30 List for Venture Capital.",santa-monica-california,"Pre-Seed, Seed, Series A","saas-enterprise,fintech,ai-ml,edtech,real-estate",
Adam Burrows,"Over the last decade, Adam Burrows has been instrumental in building several of the most successful tech companies in Denver and is dedicated to partnering with the most ambitious founders in Colorado to create the next generation of big winners. As senior vice president and general manager at HomeAdvisor, Adam was part of the executive team that grew the company from $100M to over $1B in revenue, taking the company public in 2017 in Colorado’s largest tech IPO. As the first C-level executive at Guild Education, he helped the company raise its Series C and sign their largest clients towards a $1B+ valuation. Additionally, Adam has served as an advisor to the founders of two other successful Denver exits, Artifact Uprising and FareHarbor. Adam started his career in business strategy at The Boston Consulting Group and is a graduate of Harvard Law School and the University of Michigan.",denver-colorado-b063,"Seed, Series A","saas-enterprise,fintech,ecommerce-retail,real-estate",
Adam Carrigan,Adam Carrigan is the Co-Founder & COO at MindsDB. Adam attended Y Combinator.,berkeley-california,,,
Adam Carson,"As part of the Global Technology Strategy & Partnerships Team, Adam is focused on assisting with digital strategy and facilitating strategic and emerging technology relationships.  Areas where he is currently focused include digital customer experience, digital marketing, digital payments, partnerships with Digital companies and engagement with the FinTech ecosystem.

Adam joined JPMC in 2012 from eBay, where he led strategy and business development on the Global Shipping Team.  Prior to eBay, Adam worked with Bain & Company as a Consultant focused on the internet and ecommerce sector.  Adam started his career as an investment banker with Morgan Stanley and transitioned into a technology role leading the firm’s internet strategy.

Adam has an MBA from Tuck School of Business where he was a Tuck Scholar and a Center for Digital Strategies Fellow, and a B.S.E. in mechanical engineering from Duke University.",san-francisco-california,seed,fintech,
Adam Carver,"Adam Carver is the Co-Founder, Chief Executive Officer, President of BitGreen. He previously worked at The Fund as a Co Founder and Managing Director. Adam Carver attended Skidmore College.",new-york-new-york,,,
Adam Chandler,"Adam Chandler is a veteran on The Web and began experimenting with social networking in 1999 via LiveJournal when he was 12 years old. Today, he helps companies find their voice online with social media and he is heavily involved with 5 large scale projects including a literary style-guide for Twitter and Microblogging. Adam founded OurBlock.tv in 2008 and is currently a Lead Program Manager at Credit Karma and Vice President for the BMW Owners of America",charlotte-north-carolina,,,
Adam Cheyer,"Adam Cheyer is currently VP or AI Experience at Airbnb, coming through the acquisition of GamePlanner.ai, where Adam was co-founder and CEO.   Previously, Adam was co-founder and VP Engineering at Viv Labs, a company that simplifies the world by providing an intelligent interface to everything.  Viv Labs was acquired by Samsung in 2016.

Previously, Adam was co-founder and vice president of engineering of Siri Inc., and, after Apple acquired the company, a director of engineering in Apple’s iOS group. 

Adam was also a a member of the founding team at Change.org, an international community of more than 500 million members who fight for what’s right locally, nationally, and globally.  Adam also co-founded Sentient Technologies (formerly Genetic Finance), which distributes machine learning algorithms across a massive distributed cluster to discover novel solutions to complex problems.

As a researcher in Artificial Intelligence at SRI International, Adam authored more than 60 publications and 39 patents. He was Chief Architect of CALO, the largest AI project in US history. Adam graduated with highest honors from Brandeis University and received the “Outstanding Masters Student” from UCLA’s School of Engineering.",san-francisco-california,,,
Adam Claypool,Adam Claypool is the CEO and Founder of TruVise.ai. He Previously worked at Bridgepoint Investment Banking as a Co-Founder and Managing Principal. Adam Claypool attended the University of Iowa Tippie College of Business.,des-moines-iowa,,,
Adam Coccari,"Adam Coccari is based out of Seattle, Washington, and is the Managing Director at HubSpot Ventures. Adam previously worked at Intuit as a Managing Director - Intuit Ventures. Adam Coccari attended the University of Michigan.",seattle-washington,,,
Adam Corey,Adam Corey is the Co-Founder and Operating Partner at Village Global. He previously worked at Corigin Ventures and attended the D'Amore-McKim School of Business at Northeastern University.,culver-city-california,,"saas-enterprise,data-analytics,marketing-adtech",
Adam Cragg,"Co-founded Osney Capital a venture capital fund making investments in early-stage UK cybersecurity companies.

Co-founded Quake Capital a venture capital fund and accelerator based in NYC with offices in Los Angeles and Austin. Have invested in over scores of early-stage companies. Experienced building entrepreneurship programming at some of the world's top universities.",calgary-alberta,"convertible_note, venture, seed, private_equity, early_stage_venture","saas-enterprise,fintech,ai-ml,cybersecurity,iot-hardware",
Adam D’Angelo,"Adam D’Angelo is a Founder and CEO of Quora.

He previously served as Chief Technology Officer at Facebook, where he oversaw new product development and managed the engineering team. In addition, he guided the site’s architecture and infrastructure to ensure scalability as the site expanded.

Prior to serving as CTO, Adam led the Facebook Platform team and, as an engineer, built the initial infrastructure for news feed, ad targeting and delivery, and worked on scalability and optimization. He holds a Bachelor’s degree in Computer Science from the California Institute of Technology.",palo-alto-california,seed,ai-ml,
Adam D'Augelli,"Adam is a partner at True Ventures. He previously worked with True portfolio company B-Stock, an online marketplace for liquidating excess inventory, and initially joined the True Ventures team as an analyst in 2010.

Adam graduated magna cum laude from the University of Florida with a bachelor’s degree in science and a master’s degree in finance. As an undergraduate, he launched and ran an independent, donation-based record label and later created “Digital Frontiers,” a course exploring how the internet and technology are changing the global business landscape, which he taught at the University of Florida. He shares his thoughts on his blog, Life in Beta.",san-francisco-california,,"saas-enterprise,ai-ml,cybersecurity,iot-hardware,cloud-infrastructure",
Adam Debreczeni,"Sr. Director of Design at Meta.  Left a little mark at & sold startups to Google, Mapbox, and Shopify.",bozeman-montana,seed,,
Adam Dell,Adam Dell is the Co-Founder and CEO at Domain Money.,new-york-new-york,seed,,
Adam Devine,Adam Devine is the Co-Founder and Chief Revenue Officer of Foresight Data. He previously worked at Singularity Systems Inc. as a Board Advisor. Adam Devine attended the University of Vermont.,greater-new-york-area,,saas-enterprise,
Adam Dolder,Adam Dolder was a Board Member of Velentium.,greenwich-connecticut,,,
Adam Draper,"Adam Draper is the founder and managing director of Boost VC. Adam is a 2x entrepreneur and a 4th generation venture capitalist. For Adam, no idea is too crazy. He dreams of building an ironman suit and leads the deals in the wildest SciFi Tech investments exoskeletons, jetpacks, rockets... Go big or go home. The focus of Boost VC on future technology development stems from Adam Draper’s dream to create an Iron Man suit. He co-founded Boost VC after his success as an Angel Investor in companies like Coinbase, Amplitude and Plangrid. In a previous life, he wanted to be a professional tennis player and has an odd affinity for Australians.",san-francisco-california,"Seed, seed","ai-ml,ecommerce-retail,iot-hardware,agtech-food,marketing-adtech",
Adam D Smith,"Adam has over twenty years of experience managing and building large scale technical organizations for both start-ups and major corporations. Prior to Bowery, Adam was a General Partner at AOL Ventures. Before AOL, he spent 7 years as a product manager at Google where he earned the Founders Award for starting and leading the Ads Quality Team. He was also a key member in the Google search results page re-design. When he’s not working, Adam spends his “free” time rock climbing, running and enjoying the wonders of new fatherhood.",lisbon-lisboa,,,
Adam Ducquet,Adam Ducquet is the Director at Search Insights. Adam Ducquet attended Anglican Church Grammar School.,melbourne-victoria,private_equity,,
Adam Ely,"Adam Ely is an executive having founded a technology product company and held global leadership roles with several Fortune 100 companies. Ely currently serves as the Head of Digital Products and Engineering where he’s responsible for commercialization, product management, and engineering across Fidelity’s consumer products. Prior to this role he was the Chief Information Security Officer of Fidelity, Deputy CISO and CISO eCommerce at Walmart, co-founded Bluebox Security, acquired in 2016, and held similar roles at Salesforce and The Walt Disney Company.

In addition to his current role, Adam advises startups and Fortune 500 companies and teaches at Columbia University.",san-francisco-california,"early_stage_venture, seed, venture",,
Ada Merchant,"A Web Designer and Graphic Designer in a reputed IT firm. I have more than 5 years of experience. I love painting, travelling and reading. To remove my stress I love to do painting and drawing. Art is the only way through which you can express your feelings and emotions. Pablo Picasso said "" Art washes away from the soul the dust of everyday life.""",delhi-delhi,grant,,
Adam Erlebacher,,brooklyn-new-york,seed,,
Adam Eskin,Adam Eskin is the Founder & CEO at Dig Inn.,new-york-new-york,seed,,
Adam Ezra,Adam Ezra is the Co-Founder and Co-CEO at Zip Co.,sydney-new-south-wales,,,
Adam Famularo,"Adam Famularo serves as chief executive officer of erwin, maker of the market-leading data management solutions that help organizations promote strong data governance and derive maximum value from their big data-driven initiatives. At erwin, Adam is responsible for the company’s strategic direction, operational excellence and customer success.

Previously, Adam oversaw Verizon’s enterprise distribution channels – partners, value-added resellers and systems integrators – across the world.

Prior to that, Adam served as a senior vice president and general manager for CA Technologies Cloud Computing business and Storage & Data Management business units.",garden-city-new-york,,,
Adam Fine,"Adam Fine is a co-founder and CEO of Windham Venture Partners. Adam is currently Director at GlySens, CuraSeal and HelpAround, Board Observer to SpineView, MC10, Holaira and VytronUS. Adam is a mentor in Blueprint Health, a healthcare IT accelerator in NYC. Prior to Windham, Adam was VP & GM at I-many, Inc., an enterprise software company. Prior to joining I-many, Adam was a New Business Development Analyst at Cordis Corporation, a Johnson & Johnson company focused on interventional vascular devices such as stents. In that capacity, Adam worked on a range of licenses, acquisitions, divestments, as well as strategic investments with Johnson & Johnson Development Corporation (JJDC), J&J’s strategic venture arm. Prior to J&J, Adam was a research analyst at Coopers & Lybrand’s Integrated Healthcare Consulting practice.",new-york-new-york,"Series B+, Seed, Series A",,
Adam Fisher,"Adam is widely regarded as one of the top investors in Israel with experience investing across the technology stack. Managing Bessemer’s Israel office since 2007, Adam has invested in more than 30 Israeli startups and several European startups, a third of which were pre-product at the time of his initial investment. With more than 21 M&A and IPO exits over his career, he has also been recognized as one of the top investors. Adam’s life experiences–like his investments–are uniquely global. Born in South Africa, Adam was raised and educated in the US, where he studied at the School of Foreign Service at Georgetown University. Before joining Bessemer, he spent nine years at Jerusalem Venture Partners, where he was a partner in their New York, Jerusalem, and Beijing offices.",Israel,"Seed, Series B+, Series A","saas-enterprise,fintech,ai-ml,ecommerce-retail,cybersecurity",Nym
Adam Freed,"Adam Freed is a Managing Partner at GSV Ventures, an educationand workforce-focused venture firm investing in transformative learning companies across the Pre-K to Gray spectrum. Prior to TpT, Adam served as COO of Etsy. Adam also led International Product Management and International Sales Operations at Google — before, during, and after the company’s IPO. Before joining the education and technology worlds, Adam was a TV reporter and anchor in both English and Japanese.",new-york-new-york,"Series B+, Seed, seed, Series A",edtech,
Adam French,Partner at Houghton Street Ventures | Co-founder at Scalable Capital | Investing in and supporting early-stage businesses founded by LSE student and alumni entrepreneurs globally.,london-england,,"saas-enterprise,fintech,ai-ml,ecommerce-retail,healthcare",
Adam Gazzaley,"Adam Gazzaley is a Professor of Neurology, Psychiatry, and Physiology at UCSF. He is the Founder of Neuroscape, Akili Interactive Labs, JAZZ Venture Partners, and Sensync.

He graduated from the University of California, Berkeley, University of Pennsylvania, Mount Sinai School of Medicine, and Binghamton University.",san-francisco-california,"venture, late_stage_venture, early_stage_venture","ai-ml,media-entertainment,robotics-automation,gaming",
Adam Ghetti,Adam Ghetti serves as a Board Observer at STORD.,atlanta-georgia,,,
Adam Ghobarah,"Adam specializes in the effective application of data and analysis to improve products and transform large operations. At GV, he guides portfolio companies on data analysis and helps identify disruptive startups in the big data and analysis space.

Over the past 15 years, Adam has applied statistics, machine learning, and big data to solve problems in public health, engineering, finance, and most recently, online advertising. Adam joined Google in 2006 to direct a world-class team of statisticians focused on building models for predicting advertiser behavior and on automated model building and validation.

Prior to joining Google, Adam worked at Mathsoft, which developed mathematical software tools for mechanical and civil engineers. Adam received his Ph.D. in statistics from the University of Texas at Austin and was a postdoctoral fellow at Harvard University, where he focused on the application of statistics to public health and authored several highly-cited papers.",san-francisco-california,seed,ai-ml,
Adam Godson,Adam Godson is the CEO of Paradox.,scottsdale-arizona,,,
Adam Goldberg,"Adam Goldberg is the Co-Founder of Standard Crypto. Adam focuses primarily on investments in enterprise infrastructure, big data/analytics, datacenter technologies, IIoT, frontier technologies, and artificial intelligence.
At age 13, Adam enrolled as a full-time student at UC Berkeley, where he studied pure and applied mathematics and conducted research in number theory and machine learning. Prior to Lightspeed, he was an early product manager at Rubrik (a Lightspeed portfolio company) where he launched a product line. Previously, he has worked as an engineer at Dropbox and Palantir, as a mathematician at the Department of Defense, and as a researcher at Stanford InfoLab, Lawrence Berkeley National Laboratory, and the University of Wisconsin-Madison. He also was a technical consultant for HBO’s Silicon Valley.
Adam graduated from Stanford with a B.S. in Computer Science with a concentration in systems. At Stanford, he was a founding partner of the Dorm Room Fund in conjunction with First Round Capital.",san-francisco-california,,saas-enterprise,
Adam Goldenberg,"Adam Goldenberg has evolved from entrepreneurial prodigy to eCommerce industry thought leader.
 
While still in high school, Adam founded his first company, Gamer's Alliance, which he then sold to Intermix Media. The birthplace of MySpace, Intermix named Adam its Chief Operating Officer when Adam was just 19 - making him the youngest COO of a public company in history.
 
At Intermix, Adam co-founded Alena Media - a first-of-its-kind eCommerce platform that would go on to serve as the template for TechStyle - with future TechStyle co-CEO Don Ressler.  Adam and Don further cemented their burgeoning partnership by shepherding Intermix to a successful exit, selling Intermix to Fox News Corp. for $670 million dollars.
 
In 2006, Don and Adam launched Intelligent Beauty, a vertically integrated beauty brand incubator.   Intelligent Beauty scored a major success selling it’s flagship property Dermstore.com and portfolio of beauty brands to Target in 2013.
 
In 2010, Don and Adam founded TechStyle Fashion Group. TechStyle's mission: reimagine the fashion industry by creating the world's most innovative, digitally native fashion brands. To date, TechStyle has launched successful, category-redefining fashion brands such as JustFab, Shoedazzle, FabKids, Savage X Fenty, and Fabletics.
 
As of 2020, Don and Adam's roster of brands have generated over $8 billion dollars in sales.",los-angeles-california,seed,,
Adam Goldstein,Adam Goldstein is the Co-Founder of Archer Aviation. He previously worked at Vettery as a Cofounder. Adam Goldstein attended New York University.,palo-alto-california,,,
Adam Gordon,Entrepreneur and investor with expertise in SaaS and HR tech.,glasgow-glasgow-city,"crowdfunding, early_stage_venture, seed",,
Adam Goulburn,"Adam invests at the intersection of biology, healthcare, technology and data. He is interested in the digitization of healthcare; genomics and coding biology; the microbiome; bionics and cyborgs; neuroscience and brain-computer interfaces; next-gen bio-imaging; regenerative medicine; synthetic biology; human performance; and other areas of applied hard sciences","New York, New York","Seed, Series B+, Series A",healthcare,
Adam Grant,"Adam Grant is an A.Team advisor, organizational psychologist, and bestselling author.",philadelphia-pennsylvania,,saas-enterprise,
Adam Greenhood,Adam Greenhood is the president and CEO at AdWallet.,albuquerque-new-mexico,seed,,
Adam Greenspan,Adam Greenspan is the SEO Consultant at Hitch. He is also the SEO Advisor at RoverPass. attended McCombs School of Business - The University of Texas at Austin and the The University of Texas at Austin.,austin-texas,,,
Adam Gries,Adam Gries is a Co-Founder at Joor. He attended Brandeis University.,new-york-new-york,,"ai-ml,healthcare,hr-future-of-work,social-community",
Adam Grosser,"Previously, Adam was the Group Head of Silver Lake Kraftwerk for 11 years, a strategy of Silver Lake Partners; a global technology investment firm with approximately $75 billion of combined assets under management and committed capital, where he led successful private equity investments across the energy, automation, mobility, and data communications sectors. He currently serves on the board of Carbon, LineVision, a Google project, and the advisory board of Beta Technologies.",san-francisco-california,"Pre-Seed, Seed, Series B+, Series A","fintech,iot-hardware,logistics-supply-chain,aerospace-defense,travel-hospitality",
Adam Guild,Co-founder and CEO at Owner. Thiel Fellow,san-francisco-bay-area-california,,,
Adam Hanft,"Adam is an advertising entrepreneur — a former agency CEO and Creative Director — who has won more than 100 advertising awards, including an EFFIE. He is a columnist and blogger for Huffington Post, Fast Company,Salon, Wired, Mashable, and Slate. 

He is a member of the Board of Directors of Scotts Miracle-Gro; a strategic advisor to Conduit, Israel’s largest Internet company; advisor to Luminoso and Keas — the former a text analytics company spun out of the MIT Media Lab, the latter a wellness solution utilizing game mechanics that markets to the enterprise. In 2008, he served as digital advisor to the Obama campaign. He co-authored “Dictionary of the Future.",new-york-new-york,,,
Adam Hansmann,Adam Hansmann is the co-founder and COO of The Athletic.,san-francisco-california,,,
Adam Hazem,Adam Hazem is a tech entrepreneur from the UK. He is the Founder and CEO of Valitudo.,london-england,,,
Adam Hirsen,"Adam is the Co-Founder and CEO of UPshow. UPshow is the customizable engagement platform that capitalizes on businesses’ existing screens to deliver better audience experiences. UPshow’s technology seamlessly connects TV screens and mobile devices, creating a revolutionary in-venue network that drives customer and employee behaviors and maximizes profitability and efficiency. Founded in 2015, UPshow reaches audiences on screens around the world. Prior to UPshow, Adam was with Sterling Partners, a private equity investment firm that focused on building businesses in the health care, business services and education sector.",greater-chicago-area,,,
Adam Hochfelder,Adam Hochfelder is Principal at Turks Capital Partners. He attended The Wharton School.,old-westbury-new-york,,,
Adam Honig,Adam Honig is CEO at Spiro.ai.,boston-massachusetts,seed,,
Adam Ibrahim,"Adam has more than 14 years of experience in Finance and has been managing Investments for individuals and institutional clients for 10 years. Adam Ibrahim was born September 23th, 1992 on Great Neck, New York, United States.  He is a Co-Founder and principal of QED Capital Management LLC, which is CFTC and NFA registered Commodity Pool Operator. He is also a Co-founder principal of Candor Capital Partners, a Real Estate Private Equity firm based in Miami. Adam is also a Board Director of the Greater Miami-Miami Beach Police Foundation and a Board Director at Leatherstocking Cooperative Insurance Company",united-states,,,
Adam Ingersoll,"Adam began his career in test prep in 1993 at USC, where he was a student-athlete and worked in the admission office. Over the last two decades he has guided thousands of families to successful experiences with standardized tests. Adam is known nationally as a leading expert on college admission testing and is a frequent presenter at higher ed conferences, faculty development workshops, and school seminars.",los-angeles-california,seed,,
Adam Jiwan,"Adam Jiwan is the Founder, CEO, and Chairman of Spring Labs. He attended Harvard University.",toronto-ontario,,,
Adam John,"Adam has over 12 years of experience in the life science industry, most recently as head of commercial effectiveness in the Pacific Northwest at Campbell Alliance.

Past roles include global and European marketing positions for Johnson & Johnson and Merck. 

Adam holds his MBA from ESADE and an MSc in Health Science from the University of Bristol.",london-england,,,
Adam Johnson,"Adam is a Principal Product Manager for New Relic Serverless where he's focused on making it more fun for developers building modern applications on serverless. As a former co-founder and CEO of IOpipe (acquired by New Relic in November 2019), he has spent the past 3+ years helping enterprises get real-time visibility into the most granular behavior or their serverless applications.",san-francisco-california,,,
Adam Juegos,"Adam Juegos is a filmmaker, creative technologist, and founder of MOGIK Media. His studio focuses on storytelling, original IP, and innovation at the intersection of film and digital media. He studied Film and TV at NYU Tisch and Cinematography at USC, and has been recognized for his work in both narrative film and early-stage technology.

Before launching MOGIK, Adam co-developed a water desalination prototype and participated in youth accelerators at Harvard Business School and Camp Biz Smart. He has directed award-winning short films, including The Porns, and worked across VFX, immersive storytelling, and virtual production.

Adam previously partnered with a small family-run office focused on emerging technology and ethical AI. Today, he is focused full time on building MOGIK's creative slate and developing new media formats that combine emotional storytelling with visual innovation.",manhattan-new-york,"seed, venture",,
Adam Kalish,"Adam is a General Partner with Lux Capital. Before joining Lux, Adam served as a Director of Everest Capital, a leading multi-strategy, opportunistic hedge fund with several billion in assets. Prior to Everest, he worked at Quellos Capital Management (acquired by BlackRock: BLK - NYSE), a multi-billion dollar alternative investment firm. He also worked at DreamWorks SKG in Los Angeles, where he reported directly to the President of the Studio.

Adam holds dual degrees in Economics and Communications from the University of Miami. He also studied Economics and Finance at the University of Westminster in London, England. Adam has been a frequent lecturer at the Wharton School at the University of Pennsylvania, MIT, and Johns Hopkins, as well as featured in the New York Times. He helped appoint a technology expert to the Wall Street Journal, and was invited to open the NASDAQ market. Adam currently serves on the Communications Committee for the Prostate Cancer Foundation and has served as a coach for the Special Olympics. He is an avid supporter of the Make-A-Wish Foundation and the Melanoma Research Alliance",palo-alto-california,"Series B+, Seed, Series A","fintech,ai-ml,logistics-supply-chain",
Adam Kamani,Adam Kamani is the Chief Executive Officer at Kamani Property Group.,manchester-united-kingdom,,,
Adam Kaplan,"I’m currently on a mission to leverage Technology to improve Sports Media and Entertainment. I’m a husband, father, son, friend, golfer, and an Arizona Wildcat. I’m passionate about Growth, Enterprise Sales, Strategic Partnerships, Business Development, Technology, SaaS, Operations, Media, Search Engine Optimization (SEO), Digital Marketing, Innovation, and much more.",new-york-new-york,,"saas-enterprise,ai-ml,agtech-food,cloud-infrastructure,media-entertainment",
Adam Kay,"Adam Kay is CRO at Playroll, previously SVP Sales at Paddle",london-england,,,
Adam Kell,"Adam is a hardware guy.  Currently the portfolio director at Comet Labs, he previously co-founded a consumer electronics company, which designs, manufactures, and sells mobile phone accessories.  He has spent time living in China and working in a production environment.  He spent 2 years as a hands-on hardware lead at the StartX accelerator program.  Adam's background is designing capital equipment and processes for the semiconductor industry, including many semi-automated solar cell manufacturing pilot tools.  Adam studied Product Design and Mechanical Engineering at Rensselaer Polytechnic Institute, and Materials Science Engineering at Stanford University.  He is a 2014 Forbes 30-under-30 in energy and industry.",san-francisco-california,,,
Adam Klaber,"Adam is a former General Manager and Managing Partner of IBM and Senior Partner at PwC. At IBM, he held a number of senior executive roles including being responsible for creating and leading the Business Analytics and Optimization / Big Data services team as well as the Mobile Technology, Interactive Agency and eCommerce units.

He led technology and business services units for IBM in Latin America and in Southwest Europe. Prior to these roles, he was one of the early founders of the Customer Relationship Management Industry, leading services practices and developing technology solutions in that space. He oversaw the growth of the CRM practice from a boutique business of $20m in 1996 to over $700m in 2002 at the time of IBM’s acquisition of PwC’s Consulting. Throughout these roles, he continued to actively advise and consult with numerous clients on the effective use of technology in the Education, Health Care, Travel & Transportation, Retail and Financial Services Industry.

Adam graduated with a B.A. from the University of Hartford in 1983 and a M.B.A. from Columbia University in 1992.",new-york-new-york,,,
Adam Knight,"Commodity trader and business builder turned social finance entrepreneur and angel investor. Co-founder of SASC, trustee at RoundhouseLDN, and racing driver.",london-england,seed,"fintech,ai-ml",
Adam Knots,"Adam Knots
Waste Management Specialist | Owner, Smart Rubbish Removal Brisbane

I am a Waste Management Specialist with a passion for sustainable and efficient waste solutions. As the proud owner of Smart Rubbish Removal Brisbane, I am committed to providing environmentally friendly waste management services to residential and commercial clients.

With a Bachelor of Business Administration (BBA) degree from The University of Queensland, I have developed a strong foundation in business principles and strategies, which I apply to optimize waste management operations. My academic background, coupled with extensive industry experience, has equipped me with the skills to effectively analyze waste streams, identify opportunities for waste reduction and recycling, and implement cost-effective waste management plans.

As a certified waste management professional, I stay updated on the latest trends and technologies in the field. I have obtained relevant certifications, including [mention specific certifications here], enabling me to deliver comprehensive waste management solutions that comply with regulatory standards and promote sustainability.

Throughout my career, I have successfully implemented waste reduction initiatives, improved recycling rates, and streamlined waste collection processes. I collaborate closely with clients to understand their unique waste management challenges and provide tailored solutions that align with their sustainability goals.

If you are seeking a Waste Management Specialist who is dedicated to reducing waste, optimizing resource utilization, and promoting a greener future, let's connect. Together, we can make a positive impact on waste management practices and create a cleaner environment for generations to come.",brisbane-queensland,"crowdfunding, private_equity",,
Adam Koopersmith,"Adam is a Managing Partner of Pritzker Group Venture Capital. He was the VP of Business Development of Sportvision before that.

Prior to Sportvision, Adam worked at Berkshire Partners, a leading private equity investment firm with $11.0 billion of capital under management. His experience at Berkshire included investment evaluations and closed transactions in several industries, including business services, retail, and manufacturing, in addition to significant work helping portfolio companies achieve their strategic objectives. 

Before joining Berkshire, Adam worked as an investment banker for Alex Brown (now Deutsche Bank) and participated in a broad range of merger and acquisition and public equity transactions for mid-sized companies.

Adam currently serves on several corporate boards and is a member of the Investment Committee for Chicago Ventures - a seed-stage investment fund. He is also on the Board of Techstars Chicago, a mentor-driven seed investment program. 

Adam graduated with a B.S. in economics with concentrations in finance and international management from the Wharton School at the University of Pennsylvania and his M.B.A. from the Kellogg School of Management with concentrations in organizational behavior and decision sciences.",chicago-illinois,,saas-enterprise,
Adam Krongold,"Adam Krongold is Founder and Chief Executive Officer at Overtly Covert. Adam currently sits on the boards of The Jewish Museum of Australia and Shenkar College of Engineering, Design and Art, Tel Aviv, Israel.",melbourne-victoria,seed,"iot-hardware,hr-future-of-work,deeptech",
Adam Kuettel,Adam Kuettel  is the Partner of Argo Capital Partners,bentonville-arkansas,,,
Adam Labedzki,"Adam Labedzki loves to make things happen. He Helped to create Tricity area (Poland) startup community from the scratch (3HACK.PL, Startup Weekend Trojmiasto, AngelHack).",gdynia-pomorskie,,,
Adam Ladjadj,"Adam Ladjadj, a seasoned professional with deep roots in the realm of finance and investments, has proven himself to be a significant force in the development of the family office sector. As the Founder and Chairman of The Emirates Family Office Association, Oros Multi Family Office, and the Chief Investment Officer of a private Family Office, he has devoted his career to establishing and nurturing wealth management strategies that stand the test of time.

In addition to his leadership roles, Mr. Ladjadj also plays a critical part in other prominent financial entities, including Oros Asset Management, Ledger Technologies, and AD Investment LLC. His comprehensive experience spans various finance and investment sectors, and he carries a well-earned reputation for success.

Particularly adept at strategy development, Mr. Ladjadj demonstrates an uncanny ability to implement business growth strategies across global markets. His strategic vision, combined with a profound understanding of international business dynamics, has earned him esteemed positions of authority with Ultra High Net Worth Individuals (UHNWI), both within the Middle East and on a global scale.

An integral part of Mr. Ladjadj's contributions has been his commitment to devising products that foster active investment engagement. He takes pride in his capacity to create solutions that enable Funds and investors to increase their activity levels while reducing the associated time, effort, cost, and bureaucratic hurdles. This skill set has been instrumental in his role as an advisor to a select group of clients.

His visionary approach is exemplified in his ability to pinpoint unique business opportunities for medium and large-sized public and private sector companies. This strategic identification allows him to facilitate investments through a sophisticated ecosystem that acts as a bridge between investors, companies, and Funds. Through his active involvement in diverse organizations and partnerships, Adam Ladjadj internally shapes the landscape of family office development and finance, driving transformative changes and fostering growth within these entities.",united-arab-emirates,private_equity,,
Adam Leber,"Adam Leber is known for being manager to Britney Spears and Miley Cyrus as well as for investments in Uber, Path, Everlane, and Shervin Pishevar's Sherpa Ventures.",los-angeles-california,seed,,
Adam Lehman,"Adam Lehman is the President and CEO at Hillel International. He has extensive experience as an operating executive, strategist, dealmaker, investor, and entrepreneur. 
Adam is a graduate of Dartmouth College and Harvard Law School.",washington-district-of-columbia,seed,,
Adam Leibsohn,Adam Leibsohn is the COO and Advisor at Giphy.,new-york-new-york,,,
Adam Levene,Adam Levene is the Founder of HERO®.,london-england,,,
Adam Lilling,Adam Lilling is the Founder & Managing Director at Plus Capital.,los-angeles-california,seed,,
Adam Lindemann,Adam Lindemann is an entrepreneur and investor. He is currently the founder and Chairman of [imindi](http://www.crunchbase.com/comapny/imindi).,sai-wan-hong-kong-island,seed,,
Adam Lipman,"""Mr. Adam Lipman is a co-founder and Managing Partner at Ecliptic Capital. He is a professional senior executive with decades of experience directing operations in the biotechnology, software, and software services verticals. Over the course of his career, Mr. Lipman has held nearly a dozen advisory and board observer roles. Currently, Mr. Lipman is a board observer for Sourced Craft Cocktails, Unchained Capital, Pervasive Sensor Systems and Patchr. Mr. Lipman’s role at Ecliptic Capital highlights his unique skill in coaching emergent leadership by implementing scalable operations and strategic management practices that have been integral to the success of the fund’s investments to date.

Mr. Lipman specializes in developing and managing startup operations for companies that are positioned to scale. In a previous role as COO of Chaotic Moon, an enterprise mobile and web services developer and consultancy, Mr. Lipman’s background in contract negotiation, process design, and resource management was integral to the company’s rapid growth from early revenue to its acquisition by Accenture. Mr. Lipman went on to serve as interim COO for Handsome, a talented digital agency seeking to scale. As an operational board advisor, he was integral to streamlining processes and helped the company achieve rapid growth. 

Mr. Lipman has a significant background in enterprise biotechnology R&D and manufacturing. He rose through the ranks at pioneering genetic engineering firm Genentech, where he helped commission what was at the time the largest and most technically advanced biopharmaceutical production facility in the world. He also led the creation of training and compliance management protocols for cell culture-based production processes. Eventually, he assumed budgetary oversight responsibilities for a function supporting Genentech’s global manufacturing network. Following Genentech’s merger with international biotechnology conglomerate Roche, he managed a global support organization through process and systems integration. Mr. Lipman holds an MBA and a BS in Molecular Biology from the University of California Davis.""",austin-texas,"Pre-Seed, Seed, Series A","ecommerce-retail,cybersecurity,iot-hardware",
Adam Lisagor,"Adam Lisagor is the Founder at Sandwich. He attended New York University.

Adam Lisagor made the videos that introduced the world to Coin, Square, Flipboard, Airbnb, the JAMBOX, and many others. He runs Sandwich Video from Los Angeles, and aims to do more of the same, but bigger.",los-angeles-california,,"saas-enterprise,fintech,ai-ml,edtech,media-entertainment",
Adam Lorant,Adam Lorant is the aprtner at Evidology Group.He attended Ivey Business School at Western University.,vancouver-british-columbia,seed,,
Adam Love,Exterminator,sydney-new-south-wales,,,
Adam Lyons,Adam Lyons is the Founder and CEO of REALLY. Adam Lyons attended Fox School of Business at Temple University.,austin-texas,seed,,
Adam Marchick,Adam Marchick is the Director of Investments at Emory University. He attended Stanford University.,atlanta-georgia,,,
Adam Marcus,"Adam Marcus is a Managing Partner at OpenView Venture Partners, where he focuses on partnering with exceptional entrepreneurs to build category leading companies. Adam particularly likes large markets dominated by clunky, flat-footed incumbents. He currently sits on the boards of FieldAware, Kareo, Instructure, Monetate, Signpost, Spredfast, Instantly, and UnBoundID.

Prior to OpenView, Adam was an entrepreneur, lead Corporate Development at the Boston Celtics, and most recently was an investor at Battery Ventures. He has also been involved in board positions of J. Hilburn (which he seed funded), a board observer at ExactTarget (ET, acq by SFDC for $2.7B), and was actively involved with Cortera.

Adam is active in social entrepreneurship and is on the Board at Compass Working Capital, which helps low income families achieve their dreams and become financially secure. He is also a founding member of the First Growth Venture Network and on the Executive Committee. Adam has been a long-time advisor to and supporter of Grassroots Soccer, a nonprofit working to eradicate Aids in Africa through the power of soccer.",boston-massachusetts,,,
Adam Markakis,"Entrepreneur, Angel Investor, Urbantech, Mobility",athens-attiki,early_stage_venture,,
Adam McNamara,Adam McNamara was Co-Founder and COO at Select Start Studios.,san-francisco-california,seed,,
Adam Meghji,"Adam Meghji leads engineering and development efforts at Ethos. Adam has dedicated his career to creating technology that transforms how we work and play. His love for technology developed quickly as a curious child in the early days of the Internet, and his passion to create has never slowed since. He has held leadership roles at tech organizations of all sizes, from startup, to scale-up, to Fortune 500. In 2011, Adam co-founded Universe.com (acq: Ticketmaster/Live Nation), a DIY ticketing platform, where he served as CTO and developed the concept → launch → growth ➝ acquisition in 2015. Prior to that, he was instrumental in the early launch of Unata, a grocery shopping experience of the future (acq: Instacart). Earlier, Adam lead engineering and roll-out of the world’s first independent car-sharing platform at Metavera (acq: Enterprise Rent-A-Car), including launching Enterprise Car Share, and Google’s very first pilot project involving vehicles. Today, he is actively involved in the Canadian startup scene as both a mentor at Techstars and investor at Real Ventures.",toronto-ontario,seed,,
Adam Mendler,"Adam Mendler is the Chief Executive Officer of The Veloz Group, where he co-founded and oversees ventures across a wide variety of industries: Beverly Hills Chairs, a leading office furniture e-tailer; Custom Tobacco, a one-of-a-kind cigar customization e-commerce platform; and Veloz Solutions, a technology consulting and software development practice. Adam remains active in each portfolio company, providing strategic guidance and support. Adam also provides business thought leadership as a speaker to businesses, universities, and non-profit organizations; as the host of the leadership and personal/professional development podcast Thirty Minute Mentors; as an expert regularly cited in national media outlets; and as an advisor, consultant, coach, and board member.

Adam graduated Phi Beta Kappa from the University of Southern California, earning a B.S. in Business Administration and a B.A. in Political Science, and earned an M.B.A. from the UCLA Anderson School of Management, where he received the UCLA Anderson Fellowship Award. Adam serves as Chairman Emeritus of the USC Alumni Entrepreneurs Network; on boards for the USC Alumni Association and the UCLA Master of Applied Statistics program; and as a founding member of the UCLA Anderson CEO Forum. A Los Angeles native and lifelong Angels fan, Adam loves sports, classic movies, TV, politics, physical fitness, and backgammon.",los-angeles-california,,,
Adam Messinger,"As CTO of Twitter, Adam is responsible for long term technology direction and oversight of Twitter's technical architecture. He was previously VP of Application Development, where he led various teams, including mobile and web apps, design, search, relevance, and advertising.
Prior to joining Twitter in 2011, Adam was Vice President of Development at Oracle where he lead the development of Java and Exalogic.

Earlier in his career he worked at O'Reilly AlphaTech Ventures, WebLogic, Organic, and the Santa Fe Institute.Adam is a graduate of the Stanford Graduate School of Business where he was a Sloan Fellow and of Willamette University where he was a G. Herbert Smith Scholar.",san-francisco-california,,"saas-enterprise,fintech,healthcare,cloud-infrastructure",
Adam Michalski,Adam Michalski currently works as the Co-Founder and CEO for Partnered.  He previously worked at Branch Metrics as the Partner Growth.,hoboken-new-jersey,,saas-enterprise,
Adam Michela,Adam Michela is the Founder and CEO at Combine.,san-francisco-california,,saas-enterprise,
Adam Milgrom,"Adam is an active impact investor and has built a portfolio of investments across a wide range of industries and asset classes that align profit with purpose.

Adam has a proven track record in consumer marketing, ecommerce and innovation. He has deep ties to philanthropy, social enterprise and impact investing.

Adam is VP of Giant Leap Fund which has been established by IIG as the first Australian VC Fund 100% committed to making early-stage investments with positive impact.",melbourne-victoria,seed,,
Adam Milstein,"A native of Israel, Adam Milstein moved with his wife and children to the United States in 1981. There, he earned his MBA from USC in 1983. He entered the commercial real estate business as a sales agent and worked his way up to managing partner at the firm Hager Pacific Properties. 

Inspired by the charitable actions of a friend and colleague, Mr. Milstein realized that he needed to give back to his community - specifically, the Israeli-American community. Along with his wife, he founded the Adam and Gila Milstein Family Foundation and Sifriyat Pijama B'America to promote the unity of the Israeli-American community and nurture a stronger sense of Jewish identity among the children of first-generation Israeli-Americans. As co-founder of the Israeli-American Council, Mr. Milstein works to forge a tighter bond between the American Jewish community and the Israeli-American community. He and his wife live in Encino, CA, and have three daughters, two grandsons, and a granddaughter.",los-angeles-california,,,
Adam Molai,Adam Molai is the Founder and Partner of Jua Fund.He attend to the University of Buckingham in 1992.,south-africa,,,
Adam Mosseri,"Adam Mosseri is a VP at Facebook and leads the product and engineering teams responsible for News Feed and Sharing. Before this role Adam was the PM director for News Feed and before that the design director for the Mobile product group, where he was responsible for the design of all of Facebook’s mobile apps. Prior to Facebook he worked at TokBox as the company’s first designer.

Adam began his career founding a design consultancy in 2003 with offices in New York and San Francisco that focused on graphic design, interaction design and exhibition design. Adam holds a BA in Interdisciplinary Study from the Gallatin School of Interdisciplinary Study at NYU where he studied Information Design and Media. He and his wife Monica are proud parents of sons, Nico and Blaise

",san-francisco-california,seed,,
Adam Najberg,"Head of Communications, Tencent.  Former head of Global Communications, Alibaba.",new-york-new-york,,,
Adam Nash,Adam Nash is the Co-Founder and CEO at Daffy. He attended Stanford University and Harvard Business School.,los-altos-california,seed,fintech,
Adam Nelson,"Adam Nelson is the Partner and Managing Director at FirstMark. He previously worked as a Partner at Social Capital where he focuses on early stage venture investing in enterprise SaaS and marketplaces. He brings experience in building and executing go-to-market strategies in both SMB and Enterprise, most recently at Dropbox. Prior to that, Adam was a Private Equity investor at Lindsay Goldberg, an investment firm in New York.",san-francisco-california,,saas-enterprise,
Adam Neumann,Adam Neumann is the Founder of Flow. He previously worked at WeWork as a Co-Founder and CEO. Adam Neumann attended Baruch College.,new-york-new-york,,marketing-adtech,
Adam Niewinski,"Co-Founder and General Partner in OTB Ventures Graduated from the Warsaw School of Economics and is also Alumni of Stanford University - Graduate School of Business. Founder and CEO of Expander (Poland) as well as Co-Founder of Platinum Bank (Ukraine). Adam Niewiński started his professional career in 1997 at The Boston Consulting Group where he worked as a consultant specialized in financial services sector. As of 2000 he was building a team, acquired financing and subsequently established Expander, which became probably the first polish FinTech. Since 2002 up till 2017 had been associated with the UniCredit Group where he started working in the Central Brokerage House of Bank Pekao S.A. as Deputy CEO responsible for all business activities (investment banking and wealth management). Next, he became CEO of Xelion Investment House – a failed corporate start up that he successfully relaunched to become a leading platform for Personal Financial Advisers with $1b of AuA. In 2015 he was appointed Deputy CEO of Bank PEKAO SA responsible for Private Banking Division as well as Small and Mid Corpo acquisition and financing. He was also the Chairman of the Supervisory Board of Xelion Investment House, Chairman of the Supervisory Board of Private Equity Managers, Deputy Chairman of the Supervisory Board of Central Brokerage House of Bank Pekao S.A., Member of the Supervisory Board of Pekao Investment Banking, and Member of the Management Board of the Society for the Encouragement of Fine Arts by the Zachęta Gallery – National Gallery of Art.",warsaw-mazowieckie,"Series B+, Seed, Series A",,
Adam Ostrow,"Adam Ostrow is the Chief Strategy Officer at Mashable, a role in which he is responsible for defining and implementing strategic initiatives across the organization. 

Adam joined Mashable as its second employee and Editor in Chief in 2007, a role in which he directed day-to-day news coverage, authored more than 2,500 articles and built the editorial staff from 3 to 25 employees. During his tenure as Editor in Chief, the site’s audience grew more than tenfold. Since moving into an executive position in 2011, Adam has led the development of Mashable's video program, publisher platform, branded content offerings, international expansion, and its licensing and distribution strategy.

Adam has been frequently quoted by numerous major media outlets, including The New York Times, The Wall Street Journal, Bloomberg, AdAge, The Washington Post and USA Today, among many others. 

Adam is also a highly sought after speaker and has made presentations at TED Global, Cannes Lions, CES, SXSW Interactive, Advertising Week, Digitas NewFront and Guardian Changing Advertising Summit.  He's also spoken at events for corporations including Coca Cola, Disney, Verizon, American Express, Nike, Gillette, McGraw Hill, Yahoo, PepsiCo, Hewlett Packard and BMW.  

His TED Talk “After Your Final Status Update” has been viewed more than one million times.

Adam is a graduate of the University of Maryland, where he earned a bachelor’s degree in Journalism.",new-york-new-york,,,
Adam Parrish,Adam Parrish is an associate Associate Partner at McKinsey & Company.,asheville-north-carolina,,,
Adam Parry,"Co-Founder of The Event Technology Awards, Event Tech Live, Event Industry News and AMP Events",manchester-manchester,,,
Adam Parusel,"Adam discovered his passion for software development through a BASIC programming course for children and has remained true to her ever since. After graduating from high school, he studied computer science at the University of Paderborn and started his own business as a software developer and online marketer with his own projects and as a freelancer.",bielefeld-nordrhein-westfalen,"early_stage_venture, seed",,
Adam Pase,"Adam Pase is based out of Boston, Massachusetts and is the General Partner and Co-founder of Stackpoint Ventures. Adam previously worked at Proof as a Co-Founder, COO and CSO. Adam Pase attended The Johns Hopkins University.",boston-massachusetts,"early_stage_venture, seed",,
Adam Patel,Adam Patel is a Senior Analyst of Blockchain Capital. he previously worked at Alliance DAO as an Investment Analyst. He attended Loyola University Chicago.,delaware-united-states,,,
Adam Pisoni,"Adam started Abl to help all schools move beyond the 20th century model of education. Two and a half decades after dropping out of high school, he returned to the field of education to rethink the structure of school as we know it. His career has been focused on helping organizations become more agile and responsive, and now he brings this expertise to schools. Prior to Abl, Adam co-founded Yammer in 2008, ultimately creating one of the fastest growing SaaS companies of all time. He oversaw product, analytics, and engineering, scaling the company to 500 employees until Yammer sold to Microsoft in 2012 for $1.2 Billion. To clear his head, Adam also enjoys long bike rides, backpacking, and rock climbing.",san-francisco-california,seed,"saas-enterprise,fintech,ecommerce-retail,agtech-food,edtech",
Adam Pittenger,Adam Pittenger is the Founder and CEO at Moved.,new-york-new-york,,,
Adam Plotkin,"Adam Plotkin left ff Venture Capital in January 2023.

Previously, Adam was the first hire at Lake Baldwin Management, a Princeton, New Jersey opportunistic hedge fund, where he was a generalist investor, managing an array of public and private market investments. Adam began his career at Goldman Sachs in the Leveraged Finance Group, where he devoted a substantial portion of his time advising clients in the telecom and insurance industries, and in the Risk Markets Group, where he was involved in the design, structure and marketing of two of the early catastrophe risk-linked bonds.

Adam holds a Master of Business Administration degree from the Harvard Business School. He also holds Bachelor of Arts, Bachelor of Applied Sciences, and Bachelor of Science in Economics degrees, cum laude with distinction from the College of Arts and Sciences, the School of Engineering and Applied Sciences, and the Wharton School, at the University of Pennsylvania, as a Benjamin Franklin Scholar and a Joseph Wharton Scholar. He grew up in New Jersey, where he operated a Commodore-64 based BBS before Middle School.",new-york-new-york,"seed, early_stage_venture","fintech,ecommerce-retail,logistics-supply-chain,construction-industrial",
Adam Porcher,"Adam Oltman Porcher’s curiosity has taken him from performing at his college theater to learning Java and Web design. A student at Mercer County Community College in New Jersey, Adam Porcher has gained work experience in various combinations of customer and retail service at local businesses.

While in high school, he held responsibilities as a counselor at a Quaker-operated youth conference center. He organized games, supported the youth directors, and resolved conflicts between children. Mr. Porcher also discovered an abiding interest in computers as a member of his high school’s Robotics Club.

Moving on to Guilford College in North Carolina, he studied psychology and took part in extracurricular activities such as the Judicial Affairs Subcommittee and the school’s Yacht Club. He also followed his interests in surfing and anime film.

Mr. Porcher returned home to New Jersey and enrolled in the computer science program at Mercer County Community College. He has supplemented his classes with theatrical appearances in Lady Windermere’s Fan by George Bernard Shaw and A Midsummer Night’s Dream by William Shakespeare.

In his spare time, Adam Porcher enjoys playing jam sessions on piano, bass, and drums. He swims, writes poetry and song lyrics, constructs computers, and draws cartoons, as well. Further, his enthusiasm for Japanese culture has led him to begin learning the language.",new-jersey-united-states,,,
Adam Quinton,Adam Quinton is the Board Member & Treasurer at Holy Cross Energy.,new-york-new-york,seed,,
Adam Rakestraw,"Experienced Medical Device Founder and Leader with Legal Degree, Med-Device Startup Experience, Managment Experience and Entrepreneurship Background. 

Co-founder MediView XR, Inc., an augmented-reality based surgical navigation company focused on giving surgeons “x-ray” vision and the ability to remotely collaborate for procedural guidance. Telemedicine and the data generated throughout patient care offer the promise of improving human health. MediView is using connected augmented reality to bring higher levels of collaborative healthcare to remote areas and provide surgeons capabilities never before imagined.

Co-OFunder FreeNav, Inc. wireless electromagnetic (EM) tracking for healthcare applications. Developing low cost, small form factor and highly integrateable EM tracking solutions.",cleveland-ohio,,,
Adam R. Goldberg,Adam R. Goldberg is the Chief Strategy Officer (CSO) at LifeSpeak Inc. Adam R. Goldberg attended The Wharton School.,boston-massachusetts,,,
Adam Ridgway,Adam Ridgway is the CEO of ONE MOTO. He previously worked at Travall World as a Travall World. Adam Ridgway attended Bishop's Stortford High School.,dubai-dubai,"convertible_note, crowdfunding, seed",,
Adam Riggs,"Adam Riggs is the Founder & CEO of Frameable. He previously worked at the U.S. Department of State as a Senior Director, Office of the Senior Advisor to Secretary Kerry - S/SRA. Adam Riggs attended Reed College.",washington-district-of-columbia,seed,,
Adam Rogers,"Adam Rogers, MD, Manager of PFP Biosciences Holdings.",,,saas-enterprise,
Adam Root,"Adam Root is a VP of Product (Contract) at Toptal. He attended 
Oklahoma Christian University.",san-francisco-california,,,
Adam Rosenberg,Adam Rosenberg is the Chairman of the Board of Directors of Seamless Therapeutics. He previously worked at Aliada Therapeutics as a Chief Executive Officer. Adam Rosenberg attended the University of Virginia School of Law.,boston-massachusetts,,,
Adam Ross,Adam Ross is the Chief Executive Officer at Awin.,berlin-berlin,seed,,
Adam Rostom,"Adam has a PhD in Biochemistry from Oxford and started his career on the Unilever graduate training scheme. He ran the marketing team at innocent drinks when it was just a twenty-person startup and presided over a ten-fold period of growth in just three years. Since then, he’s been CMO for Dyson, where he grew the global cordless business unit by 65%, and OVO Energy, where he was later promoted to MD. He is a non-exec for the technology brand Manything and an advisor for Inkpact. 
",london-england,,,
Adam Rothenberg,"Adam Rothenberg is a Partner at BoxGroup, a New York City based investment fund.  BoxGroup invests in talented entrepreneurs building disruptive technology companies and with visions to create the next generation of category defining businesses.  BoxGroup is an investor in over 120 seed stage technology companies including Vine, GroupMe, Blue Apron, BarkBox, Warby Parker, Harry’s, Oscar, Flatiron Health, DataMinr, Behance, Handybook, IFTTT, SmartThings and more.

Adam Rothenberg is a Co-founder and Partner of BoxGroup, a New York City based early stage venture capital fund.  BoxGroup invests in pre-seed and seed rounds with the goal of backing talented entrepreneurs building disruptive technology companies and with visions to create the next generation of category defining businesses.  Investments include Blue Apron, Trello, PillPack, Flatiron Health, Sunrise, Warby Parker, Harry’s, Oscar, Behance, Smart Things, Stripe and more. 

Adam was previously the Director of TechStars in New York City.  TechStars is a mentorship-driven seed stage accelerator program. 

Prior to joining TechStars, Adam spent 4 years investing in the public markets at a hedge fund in New York City.  

Adam attended The Wharton School at the University of Pennsylvania where he concentrated in Finance and minored in Fine Arts.

Adam is a native New Yorker.",new-york-new-york,"Pre-Seed, Series A, Seed, seed, early_stage_venture","saas-enterprise,fintech,ecommerce-retail,gaming,climate-sustainability","Matterport, Plaid"
Adam Rugel,,los-angeles-california,seed,,
Adam Runsdorf,"Experienced professional in the pharmaceutical industry and graduate of Rutgers University, Adam P. Runsdorf established WDSrx in 2010.",boca-raton-florida,,,
Adam Russell,"Adam Russell is the Co-Founder and CRO at REV3AL Token. CEO of Global Resource Broker, Inc. CEO Founder of Bitdragon",san-diego-california,"early_stage_venture, seed",,
Adam Sachs,Adam Sachs is the President at Team Coco. Adam Sachs attended Northwestern University.,los-angeles-california,,,
Adam Schoenfeld,Adam Schoenfeld is the founder and CEO of Keyplay. He previously worked at Drift as a VP of Strategy & Sales Products. Adam Schoenfeld attended Claremont McKenna College.,seattle-washington,,,
Adam Schwartz,Adam G. Schwartz is Co-Founder & CEO at TeePublic.,new-york-new-york,,"cloud-infrastructure,edtech,data-analytics,marketing-adtech,gaming",
Adams Conrad,Adams Conrad is a Principal at QED Investors.,,,fintech,
Adam Seabrook,Adam Seabrook is a Partner at B Capital Group.,manhattan-beach-california,,healthcare,
Adam Sharkawy,"Accomplished executive leader in healthcare and life sciences across multiple large Fortune 500 corporations as well as venture-funded startups.  Diverse background across technology platforms and therapy spaces. Worldwide leadership spanning US, international, and emerging markets.  PhD in Biomaterials and Tissue Engineering from Duke University.","Concord, Massachusetts","Pre-Seed, Seed, Series A",climate-sustainability,
Adam Shaw,"Adam Shaw (b. 1972, Yale ’93) is an executive and business strategist with extensive experience in media, digital media, sports media and venture capital. Adam is now a strategy consultant for Fox Corporation.  Previously he was the Managing Partner at Structure Partners, an early stage tech investment firm. He was also the CEO and Founder of Sportle, a sports entertainment platform founded in 2014. Prior to Sportle, Adam served as Chief Executive Officer of Digital Artists Entertainment (DA) where he oversaw the development and distribution of innovative and talent-driven original content for a global audience. Shaw graduated Magna Cum Laude with a B. A. from Yale University in 1993 with a major in economics and mathematics and he played cornerback on Yale’s football team.",los-angeles-california,,,
Adam Shepherd,"Adam joined TempoCap from early-stage venture firm Notion Capital, where he focused on direct investments in B2B software companies.

Prior to joining Notion, Adam helped fintech business CurrencyCloud raise a series C financing round, and worked with a number of other early-stage businesses – as well as establishing a successful Mexican street food business in his spare time.

Adam started his career at BP, negotiating financing and structuring M&A transactions, as well as working for several years as a global macro trader and strategist in financial markets.

Adam holds a BSc honours in Politics & Philosophy from the University of Bristol.",london-england,,,
Adam Shostack,"Adam Shostack is a technologist, entrepreneur, author and game designer. Adam Shostack is a member of the BlackHat Review Board, and helped found the CVE and many other things. Adam Shostack is  currently building his fifth startup, focused on improving security effectiveness. Previously, at Microsoft, Adam Shostack drove the Autorun fix into Windows Update, was the lead designer of the SDL Threat Modeling Tool v3 and created the “Elevation of Privilege” game. Adam Shostack is the author of “Threat Modeling: Designing for Security,” and the co-author of “The New School of Information Security.” For more on Shostack, see adam.shostack.org.

As part of the Operational Security Assurance team at Microsoft, Adam Shostack partnered with Xbox leadership to create a strategic threat model. 
During his time at Microsoft, Adam Shostack helped drive the Autorun update into Windows Update for millions of users worldwide. 
Adam Shostack has decades of experience in leading the development lifecycle of products and services from concept to launch and operation. 
Adam Shostack is a recognized and respected industry leader who has decades of delivering practical solutions to leading firms.",seattle-washington,,,
Adam Silverman,"Passionate about experimental marketing, sales, and business development.

Helps private and public companies create content that drives industry-leading conversions.

Please send all inquiries to itsadamsilverman@gmail.com

I have done personal Influencer deals with: GoPro, Philips, Bose, Shure Microphones, EffyDesk, CalDigit, Atoms Shoes, Vessi, Canvia.art, HairStrong Band, and Ventray.",new-york-new-york,"early_stage_venture, seed, venture",,
Adam Singolda,"Adam Singolda is the founder and CEO at Taboola, the largest discovery platform, serving over 450 billion recommendations of articles, blogs, videos, products and apps to over 1.4 billion unique users every month.

Taboola serves personalized content recommendations, partnering with the world’s top publishers, brands, and marketers to drive audience development, engagement, and monetization. Taboola also empowers editorial, product, and sales teams with solutions built around real-time page optimization, robust native advertising offerings, and more.

Adam has spoken on stage at TEDx, Collision, Kaltura Connect, Business Insider’s IGNITION, ClickZ LIVE, Advertising Week, 360i Marketing Summit, Web Summit, Landmark Ventures Media Technology Summit, Streaming Media, NAB, NewTeeVee, ELEVATE, Meetup, and MIT (Sloan). He has also appeared in broadcast TV interviews on Bloomberg West, CNBC, and Fox Business.",new-york-new-york,seed,,
Adam S. Lasri,executive and partner.,paris-ile-de-france,,"saas-enterprise,fintech",
Adam Smith,"Founder of Digitalzer.com , Ai story Generator Tool",,,"saas-enterprise,fintech",
Adam Spector,"Adam Spector is the Founder, CEO, and Chief Startup Plumber at Levy.",san-francisco-california,"seed, early_stage_venture",,
Adam Spivack,Adam Spivack is the Co-Founder and General Partner of Truffle Ventures. He previously worked at Dexterity Capital as a Head of Liquidity. Adam Spivack attended Duke University.,new-york-new-york,,,
Adam Stewart,Adam Stewart is the 	President of Sandals Foundation. He previously worked at Sandals Resorts International as a Deputy Chairman. Adam Stewart attended,jamaica,private_equity,,
Adam Strong,Adam Strong is the Co-Founder at Evergreen. He attended Illinois State University.,springfield-illinois,seed,,
Adam Tabriz,"Dr. Tabriz is a Physician, Writer, Entrepreneur, public health policy expert, and founder of PX6 Medical Systems. The unique blend of experiences and expertise underlines his passion for upholding “Personalized Healthcare” and “Healthcare without Borders.”",fremont-california,early_stage_venture,,
Adam Tomis,Adam Tomis is the Investment Director at J&T Finance Group.,prague-hlavni-mesto-praha,,,
Adam Toren,,anthem-arizona,seed,,
Adam Traidman,Adam Traidman is the CEO at. He attended BRD.,zürich-zurich,seed,,
Adam Tran,"Adam Tran is a visionary entrepreneur making significant strides in the E-commerce, SaaS, and AI industries. With a decade of insight, his ecommerce endeavor amassed over $2 million in revenue, establishing him as a sought-after seller on platforms like Etsy and Amazon. This success parallels the growth of his SaaS firm, now boasting 40,000 satisfied users, and has garnered attention from Fox, NBC, CBS, and ABC.

As the founder and CEO of TG Group Inter Co., Ltd, Adam persistently stays ahead, diving into new trends like short films and AI to provide innovative solutions for online retailers.

Recently, Adam has embarked on two new ventures. First, AI Fire, a platform growing a robust community of over 30,000 professionals keen to harness practical AI applications. This platform breaks down complex AI concepts into understandable and actionable insights, aiding individuals in navigating the dynamic AI landscape.

Second, Adam has founded AIQrArt, a revolutionary platform where art meets code. AIQrArt empowers brands to craft unique, AI-generated QR Art, making their identity stand out in the market. With AIQrArt, businesses can not only create stunning AI QR codes but also gain access to advanced analytics, customize QR codes, and much more, enhancing their brand presence and interaction with customers.",hanoi-na---vietnam,,,
Adam Valkin,"Before joining General Catalyst Partners, Adam Valkin was at Accel Partners, where he was a Venture Partner in the firm’s London office focusing on investments in Internet and mobile services. At Accel he led investments in several early-stage companies including Dragonplay, Hailo, fiverr, Gocardless and Qriously, and also worked with Myheritage, Seeking Alpha and Spotify.

Prior to Accel, Adam was Global Head of Digital Media & New Business at television production company Endemol. He was previously a partner at venture capital firm Arts Alliance where he was involved with its investments in Kenshoo, Propertyfinder, and Prepay Technologies. Adam was also a co-founder, investor and one-time CEO of LOVEFiLM which was sold to Amazon.com in 2011.

As a Managing Director at General Catalyst Partners, Adam concentrates on early-stage technology companies. Adam is currently a board member of CCP (creator of Eve Online), an active General Catalyst investment. He is also responsible for the firm’s investments in LoyalBlocks and Yplan. He is based in the firm’s Cambridge office.

Adam was born and raised in Johannesburg, South Africa and holds a degree in economics from Harvard University.",cambridge-massachusetts,"Seed, Series B+, Series A","saas-enterprise,fintech,ecommerce-retail","Classpass, Ro, Hopin"
Adam Vincent,"Adam Vincent is a Member of the Board of Advisors at MissionLink Next.

Adam holds an MS in computer science with graduate certifications in computer security and information assurance from George Washington University.",mclean-virginia,,,
Adam Warby,"Adam works closely with the Avanade Board of Directors and his leadership team to realize the company’s mission of helping customers increase revenue, reduce costs and reinvest in innovation with proven solutions that extend Microsoft technologies.
 
Adam joined Avanade at its inception in April, 2000, and as one of the founding members, was instrumental in building the company and shaping its culture. A senior leader, Adam has significant experience managing and growing Avanade’s business operations, having served as General Manager and Senior Vice President for the company’s North American and European operations during his tenure. As Executive Vice President, he has also led Avanade’s worldwide sales and marketing teams, and set the vision and direction for Avanade solutions.
 
A true global citizen, Adam has lived in both Europe and North America, and has frequently traveled the globe visiting Avanade customers and regional offices.
 
Adam came to Avanade from Microsoft, where he was General Manager of the Midwest District, responsible for sales and support of Microsoft software throughout Illinois, Indiana, and Wisconsin. Prior to this position, he was General Manager of Microsoft's Enterprise Services, responsible for implementing the strategy and plans for Microsoft's direct and partner services organizations focused on enterprise customers. 

Adam earned a B.S. in Mechanical Engineering from Imperial College, London.",reading-united-kingdom,,,
Adam Weber,Adam Weber is the SVP of Community at 15Five. Adam Weber attended Ball State University.,indianapolis-indiana,,,
Adam Weitsman,"Adam Weitsman is an American entrepreneur and owner of Upstate Shredding - Weitsman Recycling, the East Coast's largest privately held scrap metal processing company headquartered in Owego, NY. Since Weitsman took over the business in 1997, it’s grown to 17 locations throughout New York and Pennsylvania. In 2005, Upstate Shredding acquired BenWeitsman & Son, a small retail yard in Owego, New York founded by his grandfather, Ben Weitsman, in 1938.

Under Weitsman’s leadership, Upstate Shredding has undergone upgrades that have exceeded the U.S. EPA and New York State Department of Environmental Conservation standards. With this focus on innovation, Upstate Shredding has become the first green plant in New York and the most technologically advanced company of its type in the world.  

Adam is an active philanthropist, benefitting a number of organizations in need throughout the Northeast. Adam co-owns several restaurants in Skaneateles, New York, which donate one hundred percent of all net proceeds to charities and in-need organizations in Central New York. Weitsman founded and is on the board of CNY Tuesdays and CNY Wednesdays, which allow community members to nominate organizations or individuals to receive weekly $2,000 grants through Upstate Shredding. He also donates to and sits on the board of the Tioga Boys and Girls Club of America, whose Tioga County chapter was founded by Adam’s grandfather, Ben, and remains close to his heart.

Weitsman is widely recognized for his innovation in business and technology and won the international Platts Industry Leadership Award in 2014 and 2016. Upstate Shredding - Weitsman Recycling has also received several awards under Weitsman’s leadership, including Scrap Company of the Year (large category) by the American Metal Market two years in a row in 2015 and 2016. 

Outside of his business and philanthropic ventures, Adam Weitsman is first and foremost a dedicated husband to his wife Kim and father to his three children, Clover, Rae, and Monroe.",new-york-united-states,,,
Adam Wenchel,Adam Wenchel is the CEO of Arthur AI and Chair of the Computer Science Advisory Board at the University of Maryland.,new-york-new-york,,,
Adam Wexler,Adam Wexler is the Founder & CEO of PrizePicks. He attended the University of Georgia - Terry College of Business.,atlanta-georgia,,,
Adam White,Adam White is the President of Bakkt.,new-york-new-york,,,
Adam Wiener,"Adam runs the New Business, Analytics & Marketing teams at Redfin. Adam leads the company's efforts to use our proprietary data to build new products for the web and improve our real estate services. He is also responsible for data-driven marketing efforts and identifying opportunities for business growth that align with the company's overall mission to reinvent the consumer experience for buying and selling real estate. Adam joined Redfin in 2007 on the product management team and was one of the pioneers of the Redfin Partner Program for agents, in addition to our service provider directory, Redfin Open Book. 

Prior to Redfin, Adam worked at Microsoft in the SQL Server Division for 5 years. Adam graduated from Stanford with a degree in Symbolic Systems, and a concentration in Human-Computer Interaction.",seattle-washington,,,
Adam Wiggins,Adam Wiggins is the Co-Founder and Partner at MuseApp.,berlin-berlin,seed,,
Adam Winnick,Adam Winnick is the Investor at Finality Capital Partners. He attended Stanford University Graduate School of Business.,united-states,,,
Adam Winter,Adam Winter is CTO at Clarus R+D.,columbus-ohio,,,
Adam Yorkshire,"Adam Yorkshire is a partner in MGO’s Media & Entertainment practice. Adam Yorkshire is Recognized as one of Variety’s Business ""Elite Business Managers"" year over year, and excels at all aspects of Business management. Adam is based in Los Angeles, California and travels to New York, Atlanta, Chicago, and Europe regularly for his clients. A father, Husband and Brother, Adam puts his family above all. He is a fan of Music, sports and History, which he enjoys researching through his travels Abroad. His charitable work includes helping animals and animal shelters in the Los Angeles County area and beyond. Adam Yorkshire is also a Foster Parent . There are more children in foster care in LA County than the rest of the country combined. They have been through, if nothing else, the trauma of being removed from their birth parents for various reasons. These children need homes and families to love them, raise them, and care about them and see them through to adulthood. My interest in foster care was born in a desire to do just that. Plainly speaking, the experience has been rife with some very low and difficult lows, but more importantly its been punctuated with some of the most rewarding and loving moments in my entire life. The little boy we're adopting has been through 15 homes, the majority of which were abusive. To see him come through all of that and join our family and keep his immensely large and warm heart is rather inspiring as any one of the incidents he has been through would send a well-adjusted adult into therapy for many years, but he soldiers on and nearly 2 years later is doing very well. He is truly a blessing to our family and I cannot imagine life without him in it each day!",los-angeles-california,private_equity,,
Adam Zeplain,"Adam Zeplain is the Co-Founder and Managing Partner at Mark Ventures. He focused on investing early-stage in areas such as Consumer Internet/Media, Consumer Packaged Goods, Enterprise SaaS, Marketplaces, and E-commerce. Adam serves on the Board of Advisors of Soma Capital (Ranadive's seed-stage YC focused fund), data. world, Umbel. 

 Adam also serves on the Advisory Council of Andela.",austin-texas,,"saas-enterprise,biotech-pharma",
Adarsh Bhatt,General Partner at Comma Capital and Chief Business Officer at Dukkantek.,"New York, New York","Pre-Seed, Seed",saas-enterprise,
Adarsh Kumar jha,"I am Adarsh Kumar Jha, a seasoned Full Stack Developer and Lead Generation Expert with 5+ years of experience. Alongside, I possess proficiency in Digital Marketing. With expertise in developing scalable web applications using various technologies, I excel in the entire software development life cycle. Additionally, my specialization in lead generation strategies has helped me drive business growth and achieve remarkable conversions. I am well-versed in digital marketing principles, leveraging digital channels to enhance brand awareness and execute successful campaigns. My adaptability, attention to detail, and problem-solving skills make me a valuable asset. Let's discuss how I can contribute to your success.",india,seed,,
Adarsh Menon,Adarsh Menon is the Operating Partner of Fireside Ventures. He previously worked at Flipkart as a Senior Vice President and Head of New Businesses. Adarsh Menon attended Faculty of Management Studies.,bengaluru-karnataka,,,
Adarsh Pallian,,vancouver-british-columbia,"early_stage_venture, seed",,
Ada Yeo,Ada Yeo was the Founder and CEO of Getshuffle. She attended Singapore Management University.,miami-florida,,,
Addie Lerner,"As a career institutional investor, Addie spent the prior decade at General Catalyst, General Atlantic, and Goldman Sachs’s Special Situations Group. At these firms, she helped to deploy over $450M across eighteen investments in fintech, consumer internet, and software companies spanning North America, Europe, and Israel.",new-york-new-york,"Series B+, Seed, Series A","saas-enterprise,fintech,ecommerce-retail","Coast, Alloy"
Addis Alemayehou,Addis Alemayehou is managing partner at 251 Communications.,addis-ababa-adis-abeba,,,
Addy Osmani,Addy Osmani  Is The Senior Staff Engineering Manager at Google.,mountain-view-california,seed,,
Adedayo Amzat,"Saheed Adedayo Amzat is the founder of the Zedcrest Capital Group, a securities dealing and proprietary investment firm. He is also the founder of Zedvance Finance limited, a leading Consumer lending fintech institution in Nigeria. He graduated from the University of Ilorin of with a degree in Industrial Chemistry. He also holds an MBA (Management & Accounting) from Obafemi Awolowo University.
Saheed holds the prestigious CFA charter from the CFA Institute. He is a Fellow of the Institute of Credit Management (ICA) and a Fellow & Member of Faculty of the Institute of Investment Advisers and Portfolio Managers (IAPM).",lagos-lagos,,fintech,
Adedoyin Adekoniye,Adedoyin Adekoniye is the Co-Founder of Kuda Market. He previously worked at Schoolville as a Senior Software Engineer. Adedoyin Adekoniye attended Tai Solarin University of Education.,lagos-lagos,seed,,
Adeel Yang,Adeel Yang is the Co-Founder and CEO at Dryvebox.,san-francisco-bay-area-california,,"healthcare,edtech",
Adegoke Olubusi,"Adegoke “Goke” Olubusi is the Co-founder & CEO of Helium Health, Africa's leading healthcare technology provider backed with over $12.5M in funding from Y Combinator, Tencent, The World Bank GEM Project and more. Passionate about supporting transformative companies, Goke is also the Managing Partner of Magic Fund, an early-stage venture capital firm based in California. Magic Fund has backed over 150 high-performing startups such as Payfazz, Kiwi, Retool, Bank Novo, Proof Trading, Sunhouse, Py (acq. Hired), etc. In 2021, Magic Fund launched their Fund II of $30m. He has received degrees in Engineering and Management from Johns Hopkins University, Morgan State University and King’s College. Goke began his career in technology building payments systems at Goldman Sachs, eBay & PayPal.",san-francisco-california,"Seed, Series A",,
Adekola Ayobami,"I Am CEO and Founder of Crypto Genius and Next Moonshot Gems, A Crypto Enthusiastic, Crypto Promoter, Crypto Marketer and Crypto Influencers",ibadan-oyo,venture,,
Adelaida Diaz-Roa,Adelaida S. Diaz-Roa is a Serial Entrepreneur and Angel Investor.,bogotá-distrito-especial,"early_stage_venture, seed",,
Adel Al-Saleh,"Adel Al-Saleh is based out of Betzdorf, Grevenmacher and is the Vice Chair of the Board of Global Satellite Operators Association and  Chief Executive Officer of SES Networks. Adel previously worked at BT as a Non Executive Director. Adel Al-Saleh attended Florida Atlantic University.",betzdorf-grevenmacher,,,
Adele Baaini,"Hi there! I'm Adele Baaini. I'm a mom to two lovely girls and I spend my days taking care of them at home. When I'm not busy with work or taking care of my family, you can find us enjoying time together at our family farm. I am not just a dedicated mother and seasoned professional; I have an exceptional organizational skill too and the ability to juggle various responsibilities with ease.",sydney-new-south-wales,,,
Adelina Dasso,Adelina Dasso is Latin America Partner at Accion Digital Transformation,,,,
Adel Salah,"Adel Salah is the founder and CEO of Portal365, which is a grant writing and management system for NGOs. Adel is both social and business entrepreneur. Adel has worked for number of national and international non-governmental organizations including WHO, Oxfam GB, CPI, YFCA and YWU. Adel is the founder and former CEO for the National Foundation for Development and Humanitarian Response (NFDHR). Since its establishment in June 20, 2012, NFDHR becomes the leading national NGO in Yemen with more than 600 staff working on 6 programs. Adel with his team has provided assistance and services to more than 2 million conflict affected people in Yemen. Adel left his team in NFDHR on Sept 2017 and started working on developing and investing on techs and technologies that focus in improving NGOs efficiency and impact.",vilnius-vilniaus-apskritis,non_equity_assistance,,
Ademide Blessing,"I am opeyemi folashade, i was born to the family of Mr&mrs Opeyemi Mary on 29/05/2004. i attend summit group of school at the age of 4 years old, When i was at the age of 6 years old, my grandma died and we move to another area when i attended imperial group of school i all ways attend in the class, i always do my assignment at the right time. i have 1 sister and her name is OLAITAN. my father is a muslism and my mother is a christian, i use to follow my mum to church because my father is not staying with us he a mechanic he works at Lagos but now he now staying us at Ogbomoso. i finished my secondary school at imperial group of school when i ave my wace there. After my WACE i gain admission to RAPHAT COLLEGE OF EDUCATION at obaagun osun state. i was on holiday when my sponsor intorduce this business to me",nigeria,private_equity,,
Ademola muritala adewale,"Ademola Muritala Adewale is a network marketing expert and freelancer hailing from Apomu, Osun State, Nigeria. A son of the proud Mr. and Mrs. Adewale, he was born on 16 May 1996. Ademola has honed his skills in network marketing and is also a successful freelancer in his field.
As a member of the vibrant and supportive FHG team, Ademola is known for his dedication and drive in his endeavors. With a Black complexion",apomu-oyo,early_stage_venture,,
Adena Friedman,Adena Friedman is the former President and CEO and is now the Chair and Chief Executive Officer of Nasdaq. Adena attended Vanderbilt University's Owen Graduate School of Management.,new-york-new-york,,,
Ade Olonoh,Ade Olonoh is the Venture Partner of Starting Line. He attended the Anderson University.,indianapolis-indiana,,,
Adeo Ressi,"Adeo Ressi is CEO of the Founder Institute (http://FI.co), a pre-seed startup accelerator that operates in nearly 200 cities worldwide. Adeo has founded or run ten technology businesses, and he has developed a number of innovations that help startup companies. He is passionate about mentoring Founders, space exploration and inspiring people to achieve their greatness.",palo-alto-california,seed,,
Adepoju Philips,"Entrepreneur, Angel Investor & Agriculturist",lagos-nigeria,early_stage_venture,,
Adeyemi Adenike Christianah,"A self taught programmer , is a highly skilled and experienced freelancer with a diverse background in various industries and specializations. Over the years, she has built a strong reputation for delivering high-quality work and exceptional client satisfaction. she is an expert in crafting and optimizing Fiverr gig descriptions and offers exceptional guidance for building a successful freelance career.


She's commitment to excellence, creativity, and client satisfaction makes her a valuable asset for any project or collaboration. Her versatile skill set, continuous growth, and dedication to delivering high-quality work ensure she consistently exceeds client expectations and thrives as a successful freelancer.

Taking her skills further and having done a vast amount of personal training in programming language such as python, selenium, and many more, she has improved the quality of her work and her software skills. 

Achieved consistent top-rated performance and 5-star reviews on Fiverr for delivering exceptional work and maintaining excellent client relationships.
Recognized as a highly reliable and versatile freelancer, receiving numerous referrals and returning clients.
Continuously expanded skill set and knowledge to stay current with the latest industry trends and best practices.
Working in a professional sense, He work out creative solutions to brands, start ups, NGOs and many more, to ensure his work matched his client expectations and outcomes. 

Successfully optimized and revamped numerous Fiverr gig descriptions, resulting in increased client engagement and order placements.
Developed personalized freelance career strategies for aspiring freelancers, helping them grow their businesses and achieve long-term success.
Crafted high-quality content for clients across different niches, improving their online presence and engagement.

She has built a strong reputation for delivering exceptional results and maintaining outstanding client relationships. She has excelled in crafting and optimizing Fiverr gig descriptions, providing invaluable guidance for developing a successful freelance career, and producing high-quality content for various platforms.

Throughout her freelance journey, Anabella has consistently received top-rated performance reviews and demonstrated her adaptability by working with clients across different industries. Her commitment to excellence, creativity, and client satisfaction makes her a highly sought-after freelancer who continuously strives for growth and success.

Adeyemi Adenike Christianah have interest in programming, Music, Photography & freelancing

He has a personal skills which are his Creative Ideas, Well Organised, Ability to Adapt easily, Attention to details, Management and ability to work with team

Currently residing in Ikirun, Adenike finds inspiration in the vibrant tapestry of Osun. The city's historical significance and cultural vibrancy provide a backdrop that shapes his perspective and '''influences''' his creative endeavors.

Proudly hailing '''from Nigeria, Adenike's  identity is deeply rooted in the rich traditions and values of his nation'''. her work not only resonates with local audiences but also connects him with a global community, transcending geographical boundaries.

Her passion lies in helping individuals and businesses achieve their goals by leveraging her expertise in crafting compelling Fiverr gig descriptions, providing guidance for building successful freelance careers, and creating engaging content. Her aspirations include continuing to grow as a versatile professional, staying updated with industry trends, and consistently delivering exceptional results for her clients.

Ultimately, her aims to inspire and empower others to pursue their dreams and find success in the ever-evolving world of freelancing.


Beyond her academic and professional pursuits, Adeyemi Adenike Christianah  is driven by a passion for exploration and expression. Her  online presence reflects a commitment to contribute meaningfully to the ''''''freelancing World'''''' sharing insights, experiences, and knowledge'''.
'''Adeyemi Adenike Christianah''' is a dedicated and accomplished freelancer with a passion for assisting clients in reaching their goals. With a strong track record of success in Fiverr gig creation, freelance career guidance, and content writing, she consistently delivers exceptional results and maintains outstanding client relationships. Her adaptability, commitment to excellence, and desire to empower others make her an invaluable asset in the freelance community'''.",nigeria,venture,,
Adeyemi Ajao,"Adeyemi (“Ade”) is the Co-founder and Managing Partner of Base10 Partners. Before Base10, Ade had a successful career as an entrepreneur and investor.

Ade was the co-founder and CEO of Tuenti (The “Spanish Facebook” which was acquired by Telefonica in 2010 for $100M), co-founder and CEO of Identified (“AI for HR” acquired by Workday in 2014) and a founding investor of Cabify (the largest ridesharing company in Latin America currently valued at over $1B). While at Workday, Ade led launch to Workday Ventures, the first fund focused on Applied AI for Enterprise Software and was VP of Technology Strategy.

Ade is originally from Spain and half Nigerian. He holds an MBA from Stanford’s Graduate School of Business. He also holds a J.D. in Law and a M.S in Economics from Icade University in Spain and studied a certificate on Machine Learning at Stanford.",san-francisco-california,"Seed, seed, Series A","saas-enterprise,fintech,ai-ml,logistics-supply-chain","Wonolo, Instacart, ShipBob"
Adeyemo Omotayo,"Adeyemo Omotayo is a Network Marketer and also a freelancer. A professional Digital and Social media marketing with years of experience also an expert in creating a verified and approved google knowledge panel for Personal, Brand or Company and also wikis.",,private_equity,,
Adey Salamin,"Adey Salamin is the Founder of iMENA Group & CEO of OpenSooq.com. Having started his career as an entrepreneur and a corporate executive, he has moved on to become an investment professional with a focus on TMT in recent years. Adey has enjoyed an international career having held senior management positions in the US and Jordan.",jordan,,,
Adhil Shetty,"Prior to BankBazaar.com, Adhil lived in New York City and managed Deloitte Touche Tomahatsu’s US East alliances with the world’s leading Information Management Company.

Earlier in his career, Adhil worked with Cisco Systems as an engineer in Bangalore and San Jose.

Adhil has a Masters degree in International Relations with a specialization in International Finance and Business from Columbia University in the City of New York, and a Bachelors degree in Engineering from the College of Engineering Guindy, Anna University.",chennai-tamil-nadu,,,
Adhithi Aji,"Adhithi Aji, the founder of Adrich, has over 6 years of related industry experience, including product management and technical research & development. With a passion for improving access to crucial consumer data, Adhithi started work on the idea while obtaining her Management of Science Degree in Innovation Management. She also holds an MBA in Supply Chain Management and a Bachelors in Electrical Engineering",pittsburgh-pennsylvania,,,
Adhityan K V,Adhityan K V is the Director Of Engineering at Shift Technology. He is a former CTO at GameChange Solutions. He attended the Vellore Institute of Technology.,dubai-dubai,"early_stage_venture, seed",,
Adiari Vazquez,"Adiari Vazquez is a Harvard-educated scientist and VC investor. She is passionate about leveraging disruptive tech to drive global businesses, and enjoys meeting ambitious entrepreneurs addressing big challenges. At Amazon’s Climate Pledge Fund, Adiari is investing to accelerate Amazon's transition to net-zero carbon.

Previously, at Next47, a €1 billion global venture fund backed by Siemens, she evaluated venture growth opportunities in Mobility, Chemistry, and AI. As the Industrial Tech lead for Caixa Capital’s Venture Capital team, she was an active venture builder while also executing early-stage investments in startups innovating in Chemistry & Materials, Sensors, Digital Industry, IoT, AgTech, and Energy.

Adiari has also been an advisor to the European Commission on defining strategies for stimulating green and industrial innovation. She previously worked as a Cleantech Consultant and Engineer in Boston, U.S., focusing on water tech.

While earning her Ph.D., she spearheaded an interdisciplinary collaboration executed at Harvard, MIT, Stanford, and the U.S. Department of Energy, among others, and discovered novel microbial pathways that aggravate mercury pollution. She received the esteemed U.S. National Science Foundation (NSF) Graduate Research Fellowship. She holds a B.Sc. in Engineering Sciences (2005), a Masters in Microbial Geochemistry (2010), and a Ph.D. in Environmental Chemistry and Engineering (2014) all from Harvard University, where she also lectured as a Teaching Fellow.",london-england,,"healthcare,iot-hardware",
Adi Arriansyah,Adi Arriansyah is the Founder and CEO of Teknologi.id and the Chairman and Founder of Sagara Technology. He attended Harvard Business School and Founder Institute.,jakarta-jakarta-raya,"convertible_note, crowdfunding, early_stage_venture, private_equity",,
Adia Sowho,"Adia Sowho, is the Director of Digital Business at Etisalat Nigeria. She started her career as an engineer with a mobile telecom operator in the US. After obtaining an MBA from the Kellogg School of Management and a stint at Deloitte Consulting, she returned home to Nigeria. In her current role, Adia works on developing mobile content, technology and financial services products through partnerships with Etisalat. She is hoping to find an app for time travel so she can go back in time to see Michael Jackson in concert.",nigeria,,,
Adi Azaria,Adi Azaria is the Chief Executive Officer of Workiz Inc. He previously worked at Sisense as a Co-Founder and Product manager. Adi Azaria attended Reichman University (IDC Herzliya).,tel-aviv-tel-aviv,,,
Adi Ben Mayor,,tel-aviv-tel-aviv,,"saas-enterprise,fintech,ecommerce-retail",
Adie Akuffo-Afful,Adie Akuffo-Afful,austin-texas,"seed, crowdfunding, early_stage_venture, convertible_note","fintech,ecommerce-retail,agtech-food,hr-future-of-work,travel-hospitality",
Adi Gozes,Adi Gozes is a Partner at Entrée Capital. He attended Tel Aviv University.,tel-aviv-tel-aviv,,"fintech,ai-ml,cybersecurity,healthcare,iot-hardware",
Adii Pienaar,Adii Pienaar is the Head of WooNew of Automattic. He previously worked at Cogsy as a Founder. Adii Pienaar attended Stellenbosch University.,cape-town-na---south-africa,seed,,
Adi Katz,Adi Katz is the Co-Founder and CEO of Group 107. He attended The Open University of Israel.,tel-aviv-tel-aviv,,,
Adil Ajmal,"Adil is a highly customer-focused engineering and product leader with a strong track record of building top-tier products and high-performing organizations at companies ranging from small startups all the way to large public companies including Intuit and Amazon.

Adil is currently the Chief Technology Officer at Fandom. In this role, he is focused on increasing fan engagement across Fandom's existing platform, as well as leading the development of new subscription products, gaming tools, and data services. Adil has previously held leadership positions at LendingHome, Amazon, TenMarks Education, Posterous, Intuit, United Online, Homestead Technologies and Razorfish.

At LendingHome Adil served as the CTO and led all Engineering, Product Management, Design, Data and Technology Operations. In addition he also oversaw the Consumer Mortgage and Retail Investment business units for the first year of the lives of those businesses and got them off the ground into standalone businesses.

At Amazon Adil served as the CTO & VP of Engineering of TenMarks Education where he was responsible for all product development and technology operations. Adil initially joined TenMarks as their CTO and the company’s first tech employee in the US. He built the TenMarks engineering, design, product and operations teams in the US from scratch and launched the new Common Core aligned TenMarks Math product which led to Amazon acquiring TenMarks. At Amazon he continued to scale the tech org and launched new products including TenMarks Math Teach and the TenMarks Summer Program.

At Posterous Adil served as the VP of Engineering and ran all engineering, product and technical operations. He launched a new product called Posterous Spaces and scaled the team, processes and infrastructure that helped lead to a successful acquisition by Twitter.

Prior to that Adil held multiple leadership positions at Intuit. He initially came to Intuit through the acquisition of Homestead Technologies and went on to run engineering for multiple web properties, x-sell, social and mobile initiatives tied to more than $200 million in annual revenue for Intuit’s Small Business Group (SBG). Properties included Intuit.com, Intuitwebsites.com, Homestead.com, In Product Discovery (x-sell), Intuit Community, Love a Local Business, Intuit Blog and the QuickBooks Web Registration Channel.

Prior to that Adil served as the Head of Development and Operations for the PhotoSite product at United Online. Adil came to United Online through the acquisition of PhotoSite which he helped build while at Homestead Technologies.

Prior to leading the PhotoSite engineering team at Homestead, Adil helped transition Homestead from a free offering to a fee based offering by first building and then managing all billing, provisioning, CRM, finance and marketing related engineering systems.

Prior to that Adil was a Principal Consultant at i-Cube and Razorfish where he served as the tech lead for the SAP Oil & Gas and mySAP.com projects.

Adil graduated with a BS in Computer Science from The University of Texas at Austin.

When not working Adil can be found skiing with his two sons, riding motorcycles or doing Schutzhund training with his German Shepherd dog.",san-francisco-bay-area-california,seed,,
Adi Levanon,"Adi Levanon is part of the investments team at FinTech Collective, an NYC based Venture Capital fund focused exclusively on financial services technology companies. Previously, Adi was involved in the Israeli tech and VC industry, with a myriad of experience on both the investment side along with business and legal operations. Adi’s experience includes working as an Associate at Rhodium, a family office located in Tel Aviv and Palo Alto, focusing on early stage startups in the digital media, internet and consumer mobile spaces. She has consulted and mentored Israeli startups that have been accepted to international accelerator programs and pitch competitions. Prior to such, Adi joined prominent Israeli Venture Capital fund Carmel Ventures, where she helped carry out Marcom & IR efforts. Additionally, Adi was Legal Counsel at Conduit, Israel’s first Internet startup reaching a $1.5B valuation, and was later promoted to Head of Compliance, where she managed a team of engineers and analysts.",new-york-new-york,"Pre-Seed, Seed, Series A","saas-enterprise,fintech,ai-ml,cybersecurity,cloud-infrastructure","Alloy, Unit"
Adil Razvi,"Adil Razvi is an Indian journalist and author, writer. And he is also the founder of online news media Razvipost, Co-founder of Newsglobal, He was born in (23 December 2006) Choudharpur, Amroha, uttar pradesh. His original name is Adil.",india,,,
Adil Syed,"Adil Syed is an Associate with Redpoint Ventures where he focuses on early-growth investment opportunities in internet, digital media, software / SaaS and mobile companies.  Adil supports Redpoint investments in these sectors and has been involved in the firm's investment in Twilio, Zendesk, Sonos, Open English and Viajanet.

Prior to joining Redpoint, Adil was a Senior Analyst in the investment banking division of Goldman Sachs where he focused on high-growth clean technology and renewable energy companies, power and utility companies and industrials.  Adil’s client coverage included strategic business development and financing discussions, execution of private investments, public offerings and M&A processes including the Amyris IPO and the Clipper Windpower sale to United Technologies Corporation.  Prior to investment banking,  Adil worked as a Financial Analyst for a wealth management team managing over $10B in assets in the Goldman Sachs San Francisco office.

Adil earned a bachelor’s degree in Economics from the University of California, Berkeley.",san-francisco-california,,,
Adil Virani,Adil Virani is the Founder and CEO at RevIQ . Adil is also the Founder of Blitz App,los-angeles-california,,,
Adi Mashiach,"Adi is a Founding Partner at Mesia Ventures, a Bio venture capital firm based in NYC. Mesia brings the Tech startup studio model to Bio: internally conceive and vet ideas, and then make pre-seed and seed investments in the best ones. A physician, researcher, mathematician and programmer, Adi brings entrepreneurial expertise, with two successful Bio startups under his belt as a founder and CEO, and over 20 years of operational experience. 

Previously, Adi led computational biology cancer research, developed a computer vision technology that was picked up by one of the major CT scan manufacturers, and created a large R&D consortium spanning over 3 continents, to build the world’s first flexible implantable neurostimulator. He has personally raised over $40M for his ventures. His innovation is reflected by the 60 plus US patents he’s been granted, and the prestigious World Technology Award he received in 2014.",new-york-new-york,seed,,
Adina Davis,Adina Davis is a former Venture Fellow at Rough Draft Ventures.,"New York, New York","Pre-Seed, Seed, Series A","saas-enterprise,fintech,ecommerce-retail,climate-sustainability",
Adina Tecklu,"Adina Tecklu is at Khosla Ventures where she focuses on Seed - Series B investments in SaaS and Fintech. 

Prior to KV, Adina was an investor at Canaan where she built and led the firm’s Seed practice. Before becoming an investor, she was a Product & Ops leader at Oracle and Zenefits. 

Adina holds degrees in Management Science & Engineering and Science, Technology & Society from Stanford University. She was featured on Forbes’ 30 Under 30 List for Venture Capital. Adina cares deeply about increasing diversity across venture and venture-backed companies and is a Founding Board Member at BLCK VC and Co-Head of the VC Careers team at All Raise.",san-francisco-california,,"saas-enterprise,fintech",
Adi Orzel,"Adi Orzel is based out of Rishon Letsiyon, HaMerkaz and is the Co-founder of AutoMax Motors. Adi previously worked at Plannie as an Investor and Board member. Adi Orzel attended Tel Aviv University.",rishon-letsiyon-hamerkaz,,,
Adi Pundak-Mintz,"Prior to joining Canaan Partners Israel, Adi was the lead partner for Software investments at Gemini Israel Funds for 14 years.
He is the lead investor in most of his portfolio companies. Often, he was able to secure follow on investments from the leading International VCs. His most notable exits include dbMotion (sold to Allscripts), Diligent (sold to IBM), Fyber (SponsorPay, acquired by RNTS), Soluto  (acquired by  Asurion), and Traiana (sold to ICAP). Adi has also been an active angel investor, advisor and mentor to entrepreneurs, resulting in successful exits, such as Cramster (sold to Chegg) and Zlago (sold to Intermedia).

Adi is considered an expert in B2B software companies, with Low-Touch and SaaS business models. Prior to joining Gemini Israel Funds, Adi was a Principal at Neurone Venture Capital for 2 years.

Prior to becoming a venture capitalist, Adi held business development and software development with Nexus Telecommunications (Nasdaq: NXUS), a developer of wireless technologies for messaging and location services. Before that, Adi worked as an engineer at ECI Telecom (Nasdaq: ECILF), a provider of networking infrastructure solutions, in the company's SDH business unit. Adi spent his military service with the Israeli Navy as a project engineer for naval underwater systems.

Adi holds a BSc with honors in Electrical Engineering and a BA with distinction in Mathematics from Ohio State University. He has also studied towards an MSc in Vision-Computer Science at the Weizmann Institute, and holds an MBA from INSEAD. In 2008, Adi was chosen by Yale University as a Yale World Fellow.
Adi is a frequent speaker at conferences in Israel and Europe on venture capital and high-tech topics. He is also an active contributor to several social entrepreneurship initiatives, including The Public Knowledge Workshop and Galil Software.",israel,,,
Adisa Joseph,"Adisa Joseph he was born on November 19,2000 in Ilobu, His parent are Mr. and Mrs Adisa. who are native of Osun state, but they live in ikirun Osun state, Nigeria. he went to His Nursery in ilobu Before He further his primary and secondary school in ikirun, He went to Dayspring attended pry and Orimolde high schoolto finish his secondary, ikirun and finish his S. S.s class there .After he finished his school he was work as purewater factory worker Before He was introduced to a great business know as Network Marketing ([Neolife][1]) as he joined the business he has became an expert freelancer working on Fiverr with many project ( Social Media marketer, Social Media business page setup, Digital Marketing and so on) but he sometimes specialized on Digital Marketing service: Google panel, Tiktok promotion, Instagram promotion and TikTok promotion and followers, IMDb page creation, wikipedia page creation, crunchbase and so on. He has been doing this for the past 2years.",united-states,,,
Adi Sharabani,"Adi Sharabani is the CEO and co-founder of Skycure. A world-renowned security expert with years of experience in enterprise software, Adi was formerly the leader of security for IBM software products. 

He came to IBM through the acquisition of Watchfire, a market leader in the field of application security, where Adi built and led its security and research group. Adi holds more than 25 patents in the security space, and his works, presentations and keynotes are regularly given the highest accolades at prestigious conferences. 

Adi earned a BSc in Mathematics and Physics from Tel Aviv University, and is a fellow in Professor Yuval’s workshop for science, technology and security. 

Committed to cyber security education, Adi has been a teacher and education advisor, playing a key role in the vision and implementation of the cyber defense curriculum for high school students in Israel majoring in cyber security. 

After compiling decades of leadership in cyber security, Adi co-founded Skycure with the central idea of improving mobile security with a more proactive and predictive Mobile Threat Defense solution. 

In an interview for the RSA Conference blog, Adi notes, “Organizations [need] the ability to evolve to address the changing nature of [mobile security] attacks… for the most part, devices are simply running naked.” 

Adi embraces cyber security research and development, realizing that only through targeted research and continuous innovation can mobile security evolve into intelligent and highly active security for organizations.",san-francisco-california,,"saas-enterprise,cybersecurity",
Adi Sideman,"Adi Sideman is the Chief Executive Officer of Revel.xyz and the Co-Founder and CEO (Open Props Inc.) of Props.

As a developer, Sideman produced the first animated ads on AOL and founded Squeeze, a web development venture that provided services to Fortune 500 companies like Starbucks and Con Edison. He also produced more than 30 online games for major-studio film and TV franchises. In 1999, he founded the interactive marketing firm Oddcast, which continues to develop such groundbreaking apps as “Elf Yourself.” In 2005 he co-founded KSolo, the first online karaoke service (acquired by Fox Interactive/MySpace), and, in 2006, co-founded the audio ad network TargetSpot, a joint venture with CBS (acquired by Radionomy).
 
Sideman is a member of the Real-Time Academy of Short Form Arts and Sciences and was named one of 2015’s top 100 most influential and inspiring people in NYC tech by Business Insider. He holds an MPS degree from the Interactive Telecommunications Program at NYU’s Tisch School of the Arts and an undergraduate degree from NYU Film School.",los-angeles-california,,,
Adith Podhar,"I have been an Entrepreneur and have worked in an Investment Bank and a Private Equity Fund before starting Gemba Capital. I’ve been on all the three sides of the table and bring a unique skill set of understanding entrepreneurs and operations, the discipline of PE investing and hustling of an investment banker.",mumbai-maharashtra,,,
Adithya Bharadwaj,Adithya Bharadwaj is a Vice President at Anicut Capital LLP. He attended The Institute of Chartered Accountants of India.,bengaluru-karnataka,,"saas-enterprise,fintech,agtech-food,logistics-supply-chain,robotics-automation",
Aditi Maliwal,Aditi Maliwal is the Partner at Upfront Ventures.,san-francisco-california,,"saas-enterprise,fintech,data-analytics,hr-future-of-work",
Aditi Sriram,Aditi Sriram is the Head of Business and Operations of Capsule. She previously worked at Bain Capital Crypto as a Venture Scout. Aditi Sriram attended The Wharton School.,san-francisco-california,,,
Aditya Agarwal,"Former CTO and VP of Engineering at Dropbox. He scaled the Engineering team from 25 to 1000 and was responsible for new product development, infrastructure and technical operations. Aditya came to Dropbox via the acquisition of Cove, a company that he co-founded. Prior to Cove, Aditya was one of Facebook’s first engineers. He helped build the first versions of key products like Search, NewsFeed and Messenger. He then became Facebook’s first director of Product Engineering, overseeing engineering for products like NewsFeed, Profile, Groups and Events.",mumbai-maharashtra,"Pre-Seed, Seed","saas-enterprise,fintech,ai-ml,ecommerce-retail,iot-hardware","Mayhem, Gusto, Alchemy, Asana"
Aditya Anand,Aditya Anand is the Co-Founder and CTO at Hybr1d. Aditya Anand attended The Guru Gobind Singh Indraprastha University and Bharati Vidyapeeth.,bangalore-karnataka,,,
Aditya Bali,"I build products and companies that impact daily lives and want to bring these ideas to life as fast as possible. I also advise, mentor and invest in startups to help others makes this a reality. 

Currently COO of KitchenMate, where we're on a mission to enable access of nutritious meals for everyone (Techstars Toronto 2018).

Formerly the co-founder of BufferBox (uWaterloo Velocity, Y Combinator S'12, acquired by Google) and PM @ Google X - Robotics.",toronto-ontario,seed,,
Aditya Berlia,Aditya Berlia is a Co-Founder & Pro-Chancellor at Apeejay Stya University.,new-delhi-delhi,,,
Aditya Chatterjee,"Aditya Chatterjee is an Independent Algorithmic Researcher, Software Developer and Technical Author. He is the founding member of OPENGENUS, an organization focused on changing Internet consumption.

Since 1990s, he has been involved, actively, in the growth of Computing in Japan. Major computational advances have been made in the last 3 decades which reformed not only education infrastructure but also the competitive programming community.

He has collaborated with over 500 researchers and has mentored over 3000 learners personally across the Globe through the Internship program at OPENGENUS.",tokyo-tokyo,"early_stage_venture, seed",,
Aditya Dev Sood,"Dr. Aditya Dev Sood is a serial social entrepreneur with a background in Design and the SocialSciences. He is a former Fulbright Scholar with two doctorates from the University of Chicago. Sood has built several different kinds of organizations, all of which are co-located at the Vihara Innovation Campus in New Delhi. The Center for Knowledge Societies (www.cks.in) is an innovation consulting firm, which focuses on user research, user experience design, design strategy and systems innovation.

The Bihar Innovation Lab (BIL), supported by the Bill and Melinda Gates Foundation, works with the Bihar state government to promote innovation in health and other developmental areas. The Adianta School for Leadership (www.adianta.org) provides a professional post-graduate diploma through a unique learning-by-doing pedagogic approach, delivered through a network of working professionals.

The Startup Tunnel (STun) is a new kind of incubator-accelerator focused on social impact challenges in health, education, financial services and governance. The Civic Innovation Lab (Civilab) is a new initiative focused on citizen participation, open data and the citizen-centric delivery of urban services.

The Vihara Innovation Network, which interconnects these organizations, is based in Singapore, and it is now working with the MAMPU program and the Pulse Lab, both based in Jakarta, Indonesia. Sood has recently been involved in setting up MAMPU’s network of Innovation Labs across Indonesia.

He is also exploring ways for local governments to use data more effectively, for example on the island of Lombok. Since 2011, Sood has routinely convened the Design Public Conclave dedicated to exploring how innovation can serve the public interest. He is now collaborating with the Social Innovation Exchange towards a Summer School in India in 2015. On weekends he can be found making sculpture, brewing beer and trekking with his wife and young son.",new-delhi-delhi,seed,,
Aditya Dhungana,"Aditya Dhungana (born July 28, 1999) is a Web Developer, Musician, and Singer from Tikapur-1 Kailali, Nepal. He currently lives in New Zealand. Aditya was born and raised in Tikapur Kailali.",tauranga-gisborne,seed,,
Aditya Falodiya,"Aditya Falodiya is a distinguished Senior Director of Engineering based in San Jose, California, renowned for his exceptional contributions to innovation and engineering leadership over two decades at Adobe. He spearheads cross-geo R&D teams to deliver transformative, document-centric solutions, including Adobe Acrobat Web, integrating advanced GenAI and LLM technologies. With 6 granted patents, multiple and successful 1.0 initiatives, and extensive expertise in hybrid desktop and SaaS-enabled product development, Aditya has consistently driven innovation, product development and engineering excellence. His leadership has been instrumental in shaping Adobe’s Creative and Document Cloud products, fostering groundbreaking advancements in enterprise deployments subscription tech stack, and next-generation of creative content and document automation workflows.",san-francisco-bay-area-california,,,
Aditya Ghaghat,"Aditya ghaghat born in 23-02-2002 kotdwar, Uttarakhand. Profession is  photography, music artist and influence, he started his career in 2018 to Facebook. At a very young age. He started working in photography and  music artist now he is much more successful in social media.",kotdwara-uttarakhand,,,
Aditya K Sood,"Dr. Sood is an information security practitioner and researcher by profession with an experience of more than 12 years. Dr. Sood has research interests in malware automation and analysis, cloud security, secure software design and cybersecurity. He is also a founder of SecNiche Security Labs, an independent web portal for sharing research with security community. He has authored several papers for various magazines and journals including IEEE, Elsevier, CrossTalk, ISACA, Virus Bulletin, Usenix and others. His work has been featured in several media outlets including Associated Press, Fox News, The Register, Guardian, Business Insider, Kaspersky Threatpost, CBC and others. He has been an active speaker at industry conferences and presented at BlackHat, DEFCON, HackInTheBox, RSA, Virus Bulletin, OWASP and many others. Dr. Sood is also an author of ""Targeted Cyber Attacks"" book published by Syngress.",san-francisco-california,,,
Aditya Naganath,"Prior to joining Kleiner Perkins, Aditya was a product manager at Google focusing on growth initiatives for the SMB monetization team within emerging markets. He previously was a technical lead at Palantir Technologies, and formerly held software engineering roles at Twitter, and Nextdoor, where he was a Kleiner Perkins fellow. Aditya earned a patent during his time at Twitter for a technical analytics product he co-created.",san-francisco-california,"Series B+, Seed, Series A","saas-enterprise,fintech,ecommerce-retail,cybersecurity,iot-hardware","Glean, Materialize"
Aditya Pandey,,india,,,
Aditya Pandyaram,"Aditya Pandyaram is the Chief Product Officer & Co-Founder of Trovo Health. He previously worked at Cedar as an SVP, Delivery & GTM. Aditya Pandyaram attended the Georgia Institute of Technology.",new-york-new-york,,"saas-enterprise,fintech,healthcare",
Aditya Raghupathy,"At Deloitte, he focused on smart factory applications across consumer and industrial product manufacturers. Later, as part of Deloitte's technology innovation group, Deloitte Catalyst, he led the scouting and evaluation of industrial startups.","San Francisco, California","Pre-Seed, Seed","saas-enterprise,ai-ml,ecommerce-retail,iot-hardware,logistics-supply-chain",
Aditya Sharma,"Aditya leads Lightspeed’s India and SEA Growth investing efforts. Having grown up in a family of entrepreneurs, Aditya was frequently in the midst of “business and organisation building” conversations. He sees himself as an aspiring “builder” and is drawn to helping build culture, people, and companies. He was a founding member of TA Associates’ growth platform in India and is now helping build Lightspeed’s growth platform in the region. “At Lightspeed I was extremely grateful and fortunate to find my calling – an opportunity to help grow the growth stage investing franchise, a platform to build everlasting relationships and work with the most inspiring founders who are shaping the future, and to be part of an organisation, while being highly ambitious, puts its people and culture first”.",bengaluru-karnataka,"Pre-Seed, Seed, Series B+, Series A",,
Aditya Shetty,,pune-maharashtra,"crowdfunding, late_stage_venture, private_equity, seed",,
Aditya Singh,Aditya Singh,,,"ai-ml,cybersecurity,agtech-food,cloud-infrastructure,data-analytics",
Aditya Swarnkar,"Aditya Swarnkar, the visionary entrepreneur, ignited the digital revolution with Brodmedia. A global trailblazer, he leads innovation, propelling the company to new heights. Lifelong learner, industry luminary, and change-maker, Aditya's relentless pursuit of excellence reshapes the tech world. Awards attest to his transformative impact on the digital landscape.",raipur-chhattisgarh,,,
Aditya Tallapragada,"Aditya Tallapragada is the President of AKT Health and Interakt. He is also the Co-Founder and CEO of Medifakt and Co-Founder and CTO of TAMP. He attended Chennai Business School and Jawaharlal Nehru Technological University, Kakinada.",tokyo-tokyo,early_stage_venture,,
Adityavijay Rathore,Adityavijay Rathore is the Senior Manager of Analytics at Accenture. He previously worked at Byte Prophecy as a Co-Founder. Adityavijay Rathore attended the University of Arizona and Gujarat University.,ahmedabad-gujarat,,,
Aditya Vuchi,Aditya Vuchi is the Chief Executive Officer of Doosra and the Co-Founder and CEO of MediaMint.,hyderabad-andhra-pradesh,seed,,
Adi Zukovsky,Adi Dangot Zukovsky is a Partner at 10D. Adi Dangot Zukovsky attended Tel Aviv University.,israel,,"saas-enterprise,fintech,cloud-infrastructure",
Adli Bataille,Adli Takkal Bataille is the Design Executive Officer and Co-Founder of Usual Labs. He previously worked at Ø Crypto Union as a Partner and Strategy Advisor. Adli Takkal Bataille attended Bordeaux Montaigne University (ex - Bordeaux 3).,bordeaux-aquitaine,,,
Admir Abdurahmanovic,"Admir Abdurahmanovic is the SVP of Strategy of Keyfactor and Co-Founder and Vice President, Strategy and Partners of PrimeKey. He is a former Programme Director at CESECORE. He attended University of Sarajevo.",nashville-tennessee-4e91,,,
Adnan Chilwan,"Adnan Chilwan is widely seen as a driver of change and innovation and a key figure in the progression of this segment which is quickly evolving into a global phenomenon. With an extensive banking career spanning over two decades with both reputed conventional and Islamic banks in the region, he currently serves as the Group Chief Executive Officer of Dubai Islamic Bank, the world’s first Sharia compliant player and the largest Islamic Bank in UAE. With Group assets of nearly USD 55bln, a market capitalization of nearly USD 8.5bln, and workforce of more than 8000 employees across a vast network of branches and entities in all emirates as well as growing international operations in Asia, Middle East and Africa, he leads an organization which is fast being recognized as a formidable force in Islamic Finance and one of the most progressive institutions in the world today.

Renowned as a visionary and a resident expert in the field, Adnan Chilwan has been hailed by stakeholders across the globe as a key spokesperson spearheading the progression, development and growing acceptance of Islamic finance across the world. His cutting edge perspectives and progressive outlook are already creating waves in strengthening the world-wide appeal of this fast emerging industry. Driven by an absolute and unwavering belief in his convictions, he has made it his personal and professional goal to establish Islamic Banking and Finance as a global norm rather than being viewed as an alternative. This, in Adnan Chilwan’s mind is his barometer of success.",dubai-dubai,,,
Adnan Ebrahim,Adnan Ebrahim is the Co-founder and CEO of MindLabs.,london-england,,,
Adnane Charchour,"As President & CEO of Scivantage, Adnane Charchour brings award-winning leadership, depth, experience, perspective and vision. With a distinguished and proven track record in the Financial Industry, Mr. Charchour helps Scivantage achieve its goals in providing superior technology based products and services to the financial industry. Winner of the Ernst & Young 2008 Entrepreneur of the Year® Award for NJ, Mr. Charchour has led Scivantage to six consecutive years on the Inc 500/5000 list of fastest growing private businesses in the United States.

Mr. Charchour co-founded Scivantage after having worked for leading clearing firm, Fleet Securities, Inc. As an officer and part of the technology executive team at Fleet, he led the firm's e-technology strategy in the U.S. and abroad. Mr. Charchour ran the online trading technology organization and helped many national and international banks and fund companies build an online brokerage arm in the late ‘90s, including Fleet Bank, Bank of Boston and Strong Capital Management.

Prior to Fleet Securities, Mr. Charchour held various positions of responsibility at Automatic Data Processing/Brokerage Services Group (ADP) where he acquired a keen understanding of Back Office processing systems for the Securities Industry.

Mr. Charchour completed the Securities Industry Institute program, a Wharton Executive Education program at the University of Pennsylvania, and earned his B.Sc. with Honors in Computer Science from St. John University in Queens, New York.",los-angeles-california,,,
Adnane Filali,Adnane Filali is the Founder and Partner of Azur Innovation Management. He previously worked at Al Omrane Lakhiayta as a General manager. Adnane Filali attended IAE Lille.,casablanca-grand-casablanca,,,
Adnan Hacıbebekoğlu,I’ve been working as investment consultant in my own business for 15 years in Turkey. I’ve been helping people to pursue their dreams by preparing feasibility studies for years. But now it’s time for me to pursue my own dream which is Crowia.com.,ankara-ankara,"private_equity, seed",,
Adnan Zaheer,Adnan Zaheer is the CEO and Founder of ClearCustoms. He previously worked at PwC as a PwC | Raise (co-founder). Adnan Zaheer attended ACCA.,london-england,seed,,
Adolfo Babatz,"Adolfo Babatz is the Founder, Chairman and CEO of Clip, Mexico's leading commerce and digital payment platform. Clip enables merchants in Mexico to accept all forms of payment - empowering them to engage and transact with their customers in a better way. 

Mr. Babatz has a passion for entrepreneurship and is skilled in design-based thinking, product development, and customer engagement. He brings a wealth of experience from his tenure at PayPal - Mr. Babatz led the team that opened PayPal in Mexico before becoming Customer Engagement and New Product Development Manager for PayPal Latin America. 

Before Paypal, Mr. Babatz worked as an analyst at The Carlyle Group and was part of the founding team for The Carlyle Group Mexico. Prior to Carlyle, he worked as an advisor to the Executive Vice President of Grupo Desc, one of the largest industrial conglomerates in Mexico. 

Mr. Babatz currently sits on the board of Endeavor Mexico, the leading global community dedicated to catalyzing high-impact entrepreneurship in Mexico.",redwood-city-california,,,
Adolfo Fernández,Adolfo Fernández is the Global Head of Retail Ads and Commerce and Product and Business Strategy at Google. Adolfo Fernández attended IE Business School.,san-francisco-bay-area-california,,,
Adonna Braly,Adonna Braly is the Owner & Certified Professional Organizer of Clutter Roundup. She attended the Institute of Challenging Disorganization.,huntsville-texas,,,
Adora Cheung,"Adora Cheung was a partner at Y Combinator. She previously served as the CEO and Co-Founder of Homejoy Inc. and was on the Board of the Homejoy Foundation. Prior to Homejoy, Adora worked at Slide (acquired by Google) as a lead Product Manager where she had the opportunity to learn about startups.  

When Adora left Slide to start her own company she joined forces with her brother Aaron Cheung to form Pathjoy, a startup connecting life coaches to clients online.  With Pathjoy the duo were accepted to the Y-Combinator, a prestigious incubator in Mountain View.  After two years the duo founded Homejoy in July 2012 and since then Adora has successfully grown the Homejoy team from just her and her brother, to a team of over 120 employees and platform that serve hundreds of thousands of households in over 30 cities across the US, Canada, UK, and Germany.  

Adora holds a Master’s degree in Economics from the University of Rochester and Bachelor’s degree in Computer Science from Clemson University.",san-francisco-california,seed,,
Adora Winquist,"Adora credits finding her way to the health and wellness arena to her time spent working for corporate America. Her strong observation of a need for positive and uplifting vibrations in the workplace inspired her to create Adoratherapy’s now best-selling product, Clear Away.

Adora’s own spiritual awakening, from her early twenties on, led her to combine her two passions — vibrational medicine and aromatherapy — in the unique formulation of the Adoratherapy brand. Her extensive knowledge and unique skills inspire the formulation of this highly innovative line of essential oil products, supporting personal growth, empowerment, and overall well being. She is a pioneer in the next evolution of aromatherapy.",asheville-north-carolina,,,
Adriaan Ligtenberg,Adrian Ligtenberg is the Founder and Chairman of SparkHealth. He previously worked at Health2047 as a Managing Director. Adrian Ligtenberg attended Delft University of Technology.,san-francisco-california,seed,,
Adriaan Mol,Adriaan Mol is the Founder of Mollie.,amsterdam-noord-holland,,fintech,
Adriana Coppola,Adriana Coppola is the Senior Business Designer	at method. Attended University of Warwick.,london-england,,,
Adriana Herrera,"Adriana Herrera is the Founder and CEO of TapAloha. She previously worked at Cannabis HRTech as a Founder and CTO. Adriana Herrera attended the University of California, Riverside.",santa-monica-california,,,
Adrian Alfieri,Founder at The Proof. Director at Assembled Brands. Past: Investor at Babel Ventures. He attended Brown University.,new-york-new-york,,,
Adrian Aoun,"Adrian Aoun is the founder and CEO of Forward, an AI-based healthcare system combining world-class private doctors with new technology to enable proactive, data-driven primary care. 

Most recently, he was the head of Special Projects for the CEO of Google/Alphabet, where he founded one of the Alphabet companies Sidewalk Labs. Adrian arrived at Google upon the acquisition of his AI startup Wavii, and spent his first year at Google helping to create and build their AI division. Additionally, Adrian is an active angel investor and advisor to a number of technology startups and funds.",san-francisco-california,seed,saas-enterprise,Vise
Adriana Rubalcaba,"Adriana Rubalcaba, a graduate student twelve years ago, embarked on her professional journey with a penchant for mathematics and science. Deliberating on industries that could harness her skill set, she gravitated towards insurance, where she found her niche. Presently, she holds the esteemed position of area vice president at Arthur J. Gallagher & Co. in Glendale, California, steadfastly employing her analytical prowess.",glendale-california,,,
Adriana Saman,"Adriana Saman is the Director at Clocktower Technology Ventures. Adriana focuses on deal sourcing, diligence, and execution. Prior to Clocktower, Adriana was a Strategy Associate in Chase’s Digital Payments team where she worked closely with all consumer-related payment products to develop consolidated roadmaps, business cases, and strategic initiatives. Before joining Digital Payments, she worked at J.P. Morgan as an Investment Banking Analyst focusing on M&A transactions across Latin America.

Adriana is originally from Ecuador and holds a BA in Political Science from the University of Pennsylvania.",santa-monica-california,"Seed, Series B+, Series A","fintech,real-estate",
Adriana Tortajada,"Since July 2016, Adriana is head of the Venture Capital and Mezzanine team.

Over the past decade, she has been a leader in portfolio management and public/multilateral fundraising in Mexico. In 2013 she was part of the founder team at the National Entrepreneurship Institute (INADEM), where she designs and lead (grants and co-investment) programs focus on boost the young financial ecosystem for high impact entrepreneurs, helping to re-launch the National Guarantees System with the National Investment Bank (NAFINSA) and the most successful platform to co-invest with first time fund and fist time fund managers (35 new investment vehicles 2013-2015).
 
Tortajada was part of the Entrepreneur Venture Capital Fund CONACYT-NAFIN* since 2004. She is a founding member of the first public capital fund for technology and scientific entrepreneurs, where she leads the negotiation and closing of 44 investments (US$20 million) in seed and venture transactions throughout Mexico. Also she collaborates in the design of the strategy to create the venture capital industry in the country, which include the launching of the first venture capital fund of funds Mexico Ventures 1 (US$100 million).",mexico-city-distrito-federal,,,
Adrian Austin,Founder of Activate Capital,london-england,,,
Adriana Venter,,south-africa,venture,,
Adrian Beecroft,"Mr Beecroft brings a wealth of investment expertise to Dawn Capital born from a career spanning more than 25 years as a global leader in venture capital and private equity investment.

Adrian Beecroft has a degree in physics from Queen's College, Oxford. Following graduation in 1968, he worked for ICL in the computer industry for five years. In 1974 he went as a Harkness Fellow to the Harvard Business School, graduating in 1976. He then joined the Boston Consulting Group in London. He became a Vice President of BCG Worldwide in 1982.

Mr Beecroft joined Apax in 1984 when it had £10m under management. He helped indentify and evaluate opportunities, and negotiate and close investments in promising early-stage, high tech businesses.

As Apax grew, Mr Beecroft assumed responsibility for the London office and approval of all investments. He played a major part in the international expansion of the business, which now has over $20 billion under management with over 150 professionals in eight countries. For many years Adrian was Apax’s Chief Investment Officer, and recently retired from his position as Senior Managing Partner. He was Chairman of the British Venture Capital Association in 1991/92 and has represented Apax on the boards of over 20 private and public companies. He was elected to the BVCA Hall of Fame in 2009.

Adrian Beecroft is a sponsor of the Beecroft Institute of Particle Astrophysics and Cosmology at Oxford University. He is also a joint sponsor of the Oxford Academy, and Chairman of the Cricket Foundation. He is a Fellow of the Institute of Physics and an Honorary Fellow of the Queen’s College, Oxford.",london-england,,saas-enterprise,
Adrian Bührer,Adrian joined ubermorgen Ventures as Co-Founder & Managing Partner.,zürich-zurich,,agtech-food,
Adrian Cheng,,,seed,"ai-ml,ecommerce-retail,media-entertainment",
Adrian Ciaschetti,"I'm a product designer based in Sydney with the added skill of coding. My 14+ year journey in the industry has seen me partner with diverse corporations, startups, and non-profit organisations, spearheading user experience transformations. I thrive on the challenge of harmonising user needs, business goals, and team dynamics.

In addition to my design work, I serve on the board of Plumtree, contributing to the organisation's technical strategy. Outside of my professional sphere, I'm deeply passionate about the potential of Web3. I've had the opportunity to contribute to substantial DeFi and NFT projects, leveraging my design and coding expertise to shape the user experience. Additionally, I've channeled my passion for web3 into creating my own projects, further exploring the possibilities of this emerging digital landscape.",sydney-new-south-wales,,,
Adrian Colyer,Adrian Colyer is the Venture Partner at Accel. He was the Chief Technology Officer of Cloud Application Platform at VMware. Adrian attended the University of Southampton.,london-england,,,
Adrian Critchlow,"Adrian is an experienced technology entrepreneur and investor who has started and built several extremely successful companies including ActiveHotels.com (which became Booking.com) Europe’s largest online hotel booking website, sold in 2004 after four years, delivering a 16 fold return to investors. Adrian was then founder of AlertMe.com in 2006, a home energy monitoring system and leading technology innovator in cloud based Smart Home Services. He sold to Centrica PLC in 2009 on moving to Australia.

Adrian has angel investments in 12 technology companies and is currently a shareholder and board member of ASX listed Eastern Iron Limited and is encouraging them to use clean energy for both the future mine site and transport needs.

In 2010 Adrian co-founded Australian Solar Group to help drive the expansion of large- scale solar projects in Australia.",melbourne-victoria,seed,,
Adrian Czebiniak,"Adrian is Managing Director and Chief Data Officer at iCapital, where he is responsible for empowering the company to make smarter decisions and improving operational efficiency across the organization. Prior to joining iCapital, Adrian was the Chief Technology Officer and Technical Co-Founder of Artivest, a leading technology platform for diligencing and investing in alternatives. At Artivest, which was acquired by iCapital in 2020, he was responsible for developing and executing on the technology and product strategy of the company. Financial Technology has been a through-line in Adrian’s career. As a senior member of the Back Office Technology team at Bridgewater Associates, he focused on stabilizing and optimizing middle and back office systems to increase operational efficiency and provide critical functionality needed to trade complex financial products at scale. Before joining Bridgewater, Adrian ran the Market Data Technology Specialist team at FactSet Research Systems. As a Senior Systems Engineer at Factset, he built systems that were responsible for ensuring the performance, reliability, and scalability of the Factset realtime infrastructure along with detailed data gathering and analysis of client usage, system performance, and product feedback across Factset products. Adrian graduated from Rochester Institute of Technology with a BS in Computer Science.",new-york-new-york,,,
Adrian Fenty,"Adrian M. Fenty served as the fifth Mayor of the District of Columbia from 2007 to 2011, where he championed innovative solutions to challenges facing the Nation’s Capital. A visionary with intent focus on reform, Adrian Fenty became a recognized national leader in the areas of urban education reform, public safety, public housing, city revitalization, healthcare and increasing tourism. Since leaving office, Adrian Fenty has served as an advisor to Silicon Valley tech companies and venture capitalists. He sits on advisory boards of noteworthy companies such as Box.com, OpenGov and Neighborly. Adrian Fenty is a member of Perkins Coie’s Emerging Company Venture Capital practice. Adrian Fenty served as Special Advisor to Andreessen Horowitz for four years before joining MACRO Venture Investments as General Partner in January 2017.",los-angeles-california,"Pre-Seed, Seed, Series A","saas-enterprise,fintech,ecommerce-retail,media-entertainment",
Adrian Ferrero,"Adrián Ferrero Fernandez is a dynamic person committed to his environment and society. He accumulate wide knowledge on innovation ecosystem, financial markets, business management and entrepeneurial skills. 

He founded four start-ups (Biome Makers Inc., AC-Gen Reading Life S.L., InnoEconomy and PREVEMA Gestión Integrada).",san-francisco-california,,,
Adrian Field,Adrian Field is the Partner at Perscitus LLP. Adrian Field attended emlyon business school.,london-england,"private_equity, seed, venture",,
Adrian Fortino,Adrian Fortino is the Managing Director at Mercury Fund.,detroit-michigan,,"fintech,logistics-supply-chain,construction-industrial",
Adrian Ghila,"Adrian Ghila is a seasoned entrepreneur and business leader with a track record of success spanning multiple industries. With a career that began with significant accomplishments, Adrian's journey continued as he assumed roles in various ventures. He is known for his unwavering dedication to delivering top-notch products and services to his customers. His passion for the industry is palpable, as he constantly seeks innovative ways to enhance the quality of service provided by his companies.

Currently, Adrian Ghila is on a mission to invest in small, intelligent companies. His investment goes beyond financial support; he offers his invaluable knowledge and even considers the possibility of relocating promising businesses to one of his offices.

Adrian firmly believes that in the world of business, execution is paramount. While having great ideas and ample resources is important, it's the execution that truly defines success. He emphasizes the significance of aligning one's vision with a sizable market that offers substantial opportunities. Additionally, Adrian recognizes the crucial role of effective marketing in conveying a solution to customers' problems.

For aspiring entrepreneurs, Adrian Ghila offers valuable advice: first, determine if you have the entrepreneurial spirit, as it differs from being a creative individual or a capable executive. Entrepreneurs have a unique mindset and approach decision-making differently. He advocates thinking on a macro scale while maintaining a laser focus on the micro details to achieve success in the business world.

Adrian Ghila's career exemplifies his commitment to excellence, innovation, and fostering the success of emerging businesses.",calabasas-california,seed,ecommerce-retail,
Adrian Grenier,"Adrian Grenier is an actor, filmmaker, musician and social entrepreneur. A creative person with an entrepreneurial spirit, he is always searching for new projects, keeping an eye out for those ideas that challenge conventional wisdom and add positive values to our culture. While some never leave the idea phase, others–like Churchkey Can Co–prove to be spot on.

In search of a symbol for the craft and community lifestyle, Churchkey came forward as an opportunity to connect to the collective experience. Passionate about creating something from nothing, Adrian is dedicated to the value system based on hard work and giving that Churchkey offers. His ability to overcome obstacles by being bold and aggressive, while also knowing when to be delicate and graceful, make him a great asset to Churchkey Can Co.

Adrian grew up in Manhattan and now resides in Brooklyn – with plenty of travel in between. When not working on one of his many projects – including Churchkey Can Co. and SHFT.com – he can be found cooking and playing music, both of which offer him an escape, entertainment, and way to connect with friends and family.

Most memorable beer experience:
“Drinking 40's with friends on a stoop, making fun of the yuppies who were going into some club that wouldn't let us in, even though we wouldn't want to go in anyway.”",austin-texas,,fintech,
Adrian Igharo,,nigeria,seed,,
Adrian James,Adrian James is the Co-founder of Omada Health and formerly held the position of President. He earned his BS and MS in Mechanical Engineering from Stanford University.,oakland-california,,,
Adrian Kerley,"Adrian Kerley is the Portfolio Manager – Private Capital at Commonwealth Superannuation Corporation (“CSC”) with responsibility for the Global Private Equity platform. CSC is the pension fund for Australian government employees and members of the Australian Defence Force, with funds under management of A$42 billion. Adrian has over 10 years of experience in direct investment and corporate strategy. Prior to joining CSC in 2016, Adrian spent seven years in the investment team at CHAMP Ventures, the growth capital and mid-market buyout investment arm of the CHAMP Group. Prior to CHAMP Ventures, Adrian spent seven years at Woolworths Limited in various operational and strategic roles, most recently in corporate finance responsible for M&A, strategic planning and business development projects.",sydney-new-south-wales,,,
Adrian knapp,"ADRIAN KNAPP 
Mr. Adrian Knapp is the Founder and CEO of Aparavi Software. He has been Chairman of NovaStor Software for over 10 years. Before that, he was the founder and served as the Chief Executive Officer, President and Member of Management Board at Mount10 Holding AG. Mount10 went public on Neuer Markt in 2001 . Mr. Knapp served as Exec. VP and Chairman of COPE Inc., which he co-founded. COPE was the first fully data storage focused consulting and system integration firm in Europe and was listed on Nasdaq in 1999. 1991, he was also co-founder of Dicom AG, an international IT company that became DICOM PLC and went public on AIM London in 1995. Mr. Knapp holds a Degree in Business economics from GSBA Zurich.",santa-monica-california,,,
Adrian Kunzle,Adrian's full-time role is Head of Product and Strategy at OwnBackup. He was formally EVP of Platform Products at Salesforce and befor that the CTO of JPMorgan Chase. He is an active private investor with a variety of companies.,new-york-new-york,"convertible_note, early_stage_venture, seed",,
Adrian Lai,Adrian Lai is the Chief Executive Officer at Liquefy.,hong-kong,,,
Adrian Li,"Adrian is a seasoned internet entrepreneur. In the past 10 years he has been involved in cofounding and operating 6 internet ventures covering eCommerce, media, market place and product based businesses in emerging markets China and Indonesia. He founded Convergence Ventures as a platform to bring together experience, network and capital to help empower entrepreneurs to succeed.

Adrian is a business mentor at several start-up incubators and accelerator programs including Endeavor, Founder Institute, GEPI, Ideabox, Incyte and Sky Star Ventures. He is also a long standing member of Entrepreneurs Organisation. He is also involved in non-profit work. He founded and chairs a UK Charity called CNYTrust which since 2001 has continued to raise funds to support children in rural China continue schooling.

Adrian graduated from Cambridge University with a degree in Economics and was elected a Hawk in recognition of his contributions to University and National level Judo. He obtained his MBA from Stanford while studying in the dual degree MBA & Education MA program. He speaks Mandarin and English fluently and is proficient in Cantonese and basic Bahasa.

Adrian is a sponsored endurance athlete and is the Polar Brand Ambassador for Indonesia. He has completed several marathons in New York, London, Tokyo and Beijing & triathlons including a full Ironman.",jakarta-jakarta-raya,"Pre-Seed, Seed, Series A",saas-enterprise,
Adrian Lloyd,"Adrian Lloyd is a Partner at Episode 1, an early stage Venture Capital fund focusing on software enabled businesses with the beginnings of customer traction.

Adrian has had a career as a management consultant and entrepreneur, with a gap at Stanford Business School in 2008-10 where he earned his MBA.

He focuses on customer-centric product and business design as an investor and you can read more of his thoughts at http://www.episode1.com/news-and-blog/blog

Adrian has been investing in software businesses since 2008.",london-england,seed,"ecommerce-retail,agtech-food,logistics-supply-chain",
Adrian Locher,"Adrian Locher is the Founder, CEO and General Partner of Merantix. He Kausa as a Board Member.Adrian Locher attended the University of St.Gallen.",berlin-berlin,,,
Adrian Marinescu,"Six years of experience in software development with Web and Databases technologies. Experienced in design and development of enterprise web applications, content management systems and enterprise application integration.",,,,
Adrian McDermott,"Adrian leads Zendesk’s Product Management, Engineering and Operations teams.

Prior to Zendesk he was CTO at Attributor and, as general manager, ran the video compliance business from first customer sales to business unit acquisition.

Previously he was the VP of Engineering for Plumtree/BEA where he started as the first engineer hired by Plumtree and worked through the Plumtree IPO and subsequent acquisition by BEA.

Prior to Plumtree Adrian worked as an itinerant software consultant in London, Hong Kong, Sydney and Guam.

He has a 1st Class Honours Degree in Computer Science from De Montfort University.",san-francisco-california,,,
Adrian Melrose,"Adrian is a South African born Chartered Accountant who qualified at Deloitte. He is currently the co-founder, seed-investor and executive chairman of Inn Style Ltd, a startup that provides a cloud based admin and booking solution to owner managed accommodation owners.",london-england,seed,,
Adrian Mendoza,"After having two VC-funded startups in Boston, Adrian started Mendoza Ventures to address the funding gap in the pre-seed investment stage for underrepresented founders.",boston-massachusetts,"Pre-Seed, Series B+, Series A, Seed, early_stage_venture","fintech,ai-ml,cybersecurity",
Adrianna Ma,Adrianna Ma joined Index Ventures as Operating Partner. She attended the Massachusetts Institute of Technology.,san-francisco-california,,saas-enterprise,
Adrianna Samaniego,"Adrianna Samaniego is Partner at Female Founders Fund, an early-stage fund investing in female-founded technology companies across B2B, Consumer, Healthcare, Climate, and Fintech. In her role, she invests and supports portfolio companies who are building category-defining technology businesses. 

Prior to joining Female Founders Fund, while pursuing her MBA she worked at JetBlue Ventures, Harlem Capital Partners, & New Media Ventures. Adrianna spent eight years in tech, formerly as Co-founder & Co-CEO in Area 120 Google’s Startup Incubator. In this role, she led a team to rapidly build and launch Emporium, a B2B marketplace for Fortune 500 companies to procure from diverse-owned companies. Adrianna also formerly led and created Google's Global Supplier Diversity Program which created over $2B in opportunities for diverse-owned businesses.

Adrianna’s excellence in the workplace and community has been recognized on many occasions, including Business Insider Rising Stars in VC, Kauffman Class 28, University of Georgia 40 Under 40, Alumni Society Class of 22, Hispanic Association of Corporate Responsibility Corporate Achiever Award, Technology Industry Group Top Innovator Award, and Top Latinas at Tech Giants. 

Adrianna Samaniego is a proud Mexican-American originally from the small border town of Douglas, Arizona. She holds an MBA from Columbia Business School and a BA from University of Georgia.",new-york-new-york,,"saas-enterprise,fintech",
Adrianne Apilis,Adrianne Apilis is the Information Technology Developer at YieTube,manila-manila,,,
Adrian Petersen,Adrian Petersen is the Co-Founder at AfterWork Ventures. He attended The University of Western Australia,sydney-new-south-wales,,saas-enterprise,
Adrian Salamunovic,"Adrian Salamunovic is a Canadian technology entrepreneur, investor, philanthropist and best-selling author. He is the co-founder of MILLIONS.co and former founder of CanvasPop, which he bootstrapped to 8-figure sales and was acquired by Circle Graphics / H.I.G Capital. Previously he  helped to launch MyFax.com, which sold to J2 Communications for over 200M dollars. He is also a public speaker, start-up advisor, and globally recognized marketing expert who is passionate about helping entrepreneurs amplify their companies. Adrian has strategized the launch and continued success of many businesses, helping both his own and his clients’ companies generate hundreds of millions of free media impressions.",tulum-quintana-roo,early_stage_venture,,
Adrian Schauer,"Adrian is a serial technology entrepreneur having built two successful mobile software companies; both achieving leadership positions in their respective markets before being acquired. Adrian is an active Angel Investor and sits on the boards of several companies including fast-growing technology firms like the point-of-care medical device company Chipcare, the SaaS company TrackTik, and the GRC software provider Resolver. Adrian is also the co-founder of the Madiro Fund, a charitable organization created to support innovative solutions to the health problems in low-income countries.",montréal-quebec,,"saas-enterprise,cybersecurity",
Adrian Søbyskogen,Adrian Søbyskogen is an Angel Investor.,oslo-oslo,,,
Adrian Stewart,Adrian Stewart is the Chief Strategy Officer at Sokochan.,bangkok-krung-thep,,,
Adrian Stone,"Adrian became a serial entrepreneur who had multiple exits across the USA, Australia and NZ. Adrian is co-founder and lead investor at AngelCube, Melbourne’s first venture accelerator, which provides seed investment and mentoring for technology start-ups and recently won StartupSmart magazine’s “Best Start-up Investor” award. Adrian is also founding chairman of Investors' Organisation, whose mission is to grow the pool of investors willing to support Australia’s next generation of entrepreneurs, through collaboration and idea exchange. Adrian has invested in more than 40 Australian and US startups.",melbourne-victoria,seed,"saas-enterprise,fintech,ecommerce-retail,media-entertainment,logistics-supply-chain",
Adrian Thomas,Adrian Thomas is the CEO of Hammond Power Solutions. He previously worked at GE Energy Management as a Regional Executive - Industrial Solutions. Adrian Thomas attended McMaster University.,montréal-quebec,,,
Adrian Todorov,"Adrian Todorov is an accomplished entrepreneur, cloud solutions architect, and innovator based in Montreal, Canada. He is the founder and CEO of MultiCloud Decentralized Applications Inc., a groundbreaking company revolutionizing cloud storage by delivering decentralized, cost-efficient solutions for businesses worldwide. With over a decade of experience in cloud computing, software development, and SaaS architecture, Adrian is known for his ability to design and deploy scalable, secure, and highly available infrastructures.

At MultiCloud, Adrian is driving innovation in decentralized infrastructure, offering clients unparalleled freedom from traditional cloud provider lock-ins. Under his leadership, the company has launched Cloud Libertas, a cutting-edge storage platform that guarantees at least 50% cost savings compared to AWS S3, eliminates data transfer fees, and delivers state-of-the-art features like unlimited API calls and end-to-end encryption.

Adrian's solutions prioritize regulatory compliance, cybersecurity, and multi-cloud compatibility, empowering clients in industries ranging from financial services to media production.

Key Accomplishments:
Delivered an 8000% improvement in application scaling for a SaaS platform handling over 5 million users per minute.
Architected an automated deployment platform for supply chain software, reducing deployment time by 28,000%.
Reduced infrastructure costs by 70% for ML pipelines using Kubernetes and GitOps practices.
Spearheaded partnerships with Bell, Telus, RCMP, and other organizations to tackle data protection and cybersecurity challenges.

A Proven Track Record:
Before founding MultiCloud, Adrian held pivotal roles at global tech leaders like Amazon Web Services and Sama. His extensive technical expertise spans cloud platforms like AWS, Azure, and GCP, container ecosystems, DevOps, and microservices. A computer science valedictorian, Adrian has also developed and published applications reaching millions of users globally.

Seeking Strategic Investors
Adrian is seeking angel and institutional investors to accelerate the growth of MultiCloud and expand its revolutionary product offerings. Investors will join a visionary venture poised to redefine how businesses store and manage data in the cloud, backed by a leader with a track record of delivering transformative results.

For investment inquiries, please connect with Adrian via LinkedIn or use the contact form on the official MultiCloud website.",montréal-quebec,seed,,
Adriel Bercow,"Adriel Bercow is a Partner at Kairos’s K50 Ventures fund, investing in Pre-seed and Seed companies that make work and life better for the 99% economy. K50 Ventures is one of the most active early-stage venture capital funds with 130+ portfolio companies worldwide. 

Previously, he was on the investment team at Flybridge Capital Partners, a leading Boston and NYC Seed fund founded 20 years ago. Prior to working in venture capital, he gained operating experience working across the NYC startup ecosystem. This includes co-founding a consumer messaging app, working at a top accelerator program, and operating at Offerpop, a venture-backed SaaS marketing platform that grew over 7x during his tenure. 
 
Adriel actively volunteers for organizations such as Defy Ventures and New York on Tech, working with aspiring entrepreneurs. He received a B.S. in Entrepreneurship from Cornell University and lives in Brooklyn, New York.",new-york-new-york,"Pre-Seed, Seed","fintech,edtech,hr-future-of-work",
Adriel Yong,,new-haven-connecticut,"early_stage_venture, seed",,
Adrien Fonzé,Adrien Fonzé is the Chief Operating Officer of EXOGROUP. He previously worked at Emakina as a Project Manager.,barcelona-catalonia,,,
Adrien Gaidon,"Adrien Gaidon is the Senior Manager, Machine Learning Research at Toyota Research Institute",los-altos-california,,,
Adrien Hardy,"Author of the best-seller ""Financing Your Dreams of Adventure Through Real Estate""",,,fintech,
Adrien Miniatti,Adrien Miniatti is the CEO and Founder of Luni.,paris-ile-de-france,,cybersecurity,
Adrien Montfort,Adrien Montfort is the Co-Founder and CTO of Sorare.,paris-ile-de-france,,saas-enterprise,
Adrien Nussenbaum,"Adrien brings to MIRAKL over 12 years of experience in business development and entrepreneurship with a strong emphasis on technology and retail. 

Prior to co-founding MIRAKL, Adrien co-headed FNAC.COM’s Marketplace business unit, focusing on developing the seller program and content syndication deals to increase the product offering. Prior to that, Adrien joinded Philippe in 2006 in the creation of SplitGames to grow it into a major group of websites dedicated to gamers until its acquisition by FNAC in 2008.

Previously Adrien was a manager with DELOITTE’s restructuring team where he advised many retailers in their turnaround process. In his earlier years, Adrien co-founded ALL INSTANT, a NY based corporate instant messaging solution sold in 2003.

Adrien started his career as an Investment Banker with PARIBAS in Hong-Kong. He holds an MBA from HEC School of Management in Paris and a joint degree from NYU Stern School of Business.",boston-massachusetts,,,
Adrien Roose,Adrien Roose is the CEO and Co-Founder at COWBOY.,brussels-brussels-hoofdstedelijk-gewest,,,
Adrien Treuille,Adrien Treuille is the CEO and co-founder of Streamlit.,san-francisco-bay-area-california,,,
Adris Chakraborty,Founder at LYK Inc,manhasset-new-york,,,
Adryenn Ashley,"Recently named on of the Top 45 over 45 and the #1 Woman in Blockchain Influencer for 2019 and 2022, Adryenn Ashley is a renowned figure in the blockchain and Web3 world, and the founder and managing GP of Slay Ventures, an emerging venture firm investing in future tech startups driving mainstream consumer adoption. As a mentor to CEOs worldwide, she is directly responsible for adding significant revenue to her client’s bottom line in industries as varied as Healthcare, Finance, Food, and Travel, as well as her dedicated focus to elevate women to the C-Suite.",miami-beach-florida,"venture, early_stage_venture","saas-enterprise,ai-ml,cybersecurity,media-entertainment",
Advait Shinde,Founder and CEO at GoGuardian.,los-angeles-california,seed,,
Advocate Herbert Hernandez,"As co-founder of the Herbert Hernandez Lawyer Association in the Philippines, Advocate Herbert Hernandez specializes in handling criminal libel cases. Hernandez’s advocacy extends to the fight against sexual harassment, as he strives to protect women and champion their rights through legal channels and public engagement in the Philippines.",manila-manila,private_equity,,
Advology Solution,"Convert online customers into paying clients with the award-winning digital marketing agency. Being the best digital marketing service provider, we at Advology Solution design affordable and creative websites and promote your business online. We provide pocket-friendly digital marketing services that organically boost your online business’s ranking. We always give the topmost priority to customer satisfaction which lies in providing you with the best results that are incredibly cost-efficient. With proven work experience, we can help you and your business get to the place that every business covets for.",india,,,
Adv Rahul Shrivastava,"Advocate Rahul Shrivastava, a prominent figure in Jabalpur's legal landscape with 22 years of experience, boasts expertise in various legal domains. He leads initiatives within the BJP and serves as the District Coordinator of the BJP Legal Cell.",jabalpur-madhya-pradesh,,,
Adwa Aldakheel,Adwa AlDakheel is the Founder and CEO of Falak Angels. She previously worked at KAUST as a Project Intern. Adwa AlDakheel attended Prince Mohammed Bin Salman College of Business & Entrepreneurship - MBSC.,saudi-arabia,,,
Aerica Shimizu Banks,Aerica Banks is the Founder and Principal of Shiso. She holds a MSc in Environmental Policy from Oxford University and a BA in Environmental Studies and Public Affairs from Seattle University.,washington-district-of-columbia,,,
Aesthetics by Karen Marlise,"Tampa Bay Laser Hair Removal is proud to provide the best hair removal in Seminole, FL, and the quality of our results and dedicated customer service can't be beaten. You'll love how you look and feel after you try our microblading services, electrology services, and Brazilian waxing for men.",seminole-florida,,,
Affaque Ahmed,,atlanta-georgia,early_stage_venture,"ai-ml,cybersecurity,agtech-food,consumer-lifestyle",
Afif Khoury,"Afif Khoury has spent the last decade involved in startups and venture capital investments as an attorney, venture capitalist and serial entrepreneur. Afif is a published geneticist who earned his BS in Neuroscience and Physiology from UCSD in 1998, before attending Law School at Northwestern School of Law (JD 2002) and Business School at Kellogg School of Management. Afif started his legal career as a corporate and securities attorney in Silicon Valley at the premier technology law firm of Wilson Sonsini Goodrich & Rosati (WSGR) representing technology companies and venture investors across multiple industries and at all stages. Afif left the Silicon Valley office of WSGR to help start their San Diego office, following which he left to open the San Diego office of Gunderson Dettmer (another Silicon Valley-based premier technology law firm). In 2010 Afif raised a seed and early stage fund named Scatter Ventures, which he continues to manage today.  Afif is also the Founder and Managing Partner of Axon Venures, a Biotech focused venture fund in Southern California.  Between the two fund, Afif has deployed more than $70 million. Afif is a director of the San Diego Venture Group and also founder and CEO of SOCI, Inc., a social data and intelligence technology startup. He is California Board certified as well as a Registered Attorney with the United States Patent and Trademark Office.",san-diego-california,,,
Afina Mohan,"We Redefine Auditing & Accounting With Our Solutions Designed Specifically For Your Business. Audit Station is one of the most trusted accounting firms in the UAE & Oman. With a 100% satisfaction rate from more than 40 customer. We Redefine Auditing & Accounting With Our Solutions Designed Specifically For Your Business. We are one of the leading and most trusted accounting firms in the middle east. We redefine the Industry by our auditing and accounting solutions designed specially to meet your business needs. We do that while keeping a satisfaction rate of 100% by all our 200+ clients all over the world, sepcially in the GCC countries.",,,,
Afraj Gill,,toronto-ontario,,"ai-ml,edtech",
Afsal Salu,"Afsal Salu is the CEO and Co-Founder of BestDoc. He attended the Indian Institute of Management, Lucknow.",bengaluru-karnataka,,,
Afshin Khosrowshahi,,london-england,seed,,
Aftab Jutt,"As the CEO of ""https://www.healthfitnesslove.com/,"" Aftab jutt is at the helm of a dynamic online platform dedicated to promoting health and fitness. With a passion for well-being and a commitment to providing valuable information and resources, Aftab leads the charge in delivering accessible, engaging, and informative content to a global audience. Under Aftab's guidance, the website has become a trusted source for individuals seeking inspiration and guidance on their journey to a healthier and happier life. With a focus on quality, innovation, and user-friendly experiences, Aftab continues to drive the platform towards even greater heights in the realm of health and fitness.
we can also provide the services Car Rentals.
Book with us now:
<a href=""https://www.airport.rentals/cars/dominican/punta-cana-international-airport"">Car rental at Punta Cana Airport</a>",united-states,early_stage_venture,,
Afton Vechery,"Afton Vechery is the Co-founder and CEO at Modern Fertility. Prior to this, she was product manager at 23andMe, and worked for WillowPump as strategy and finance consultant.",san-francisco-california,,,
Afzal Farooqui,Afzal Farooqui is Founder RentAGizmo.,new-york-new-york,,,
Afzal Shaikh,"Afzal Shaikh, a visionary entrepreneur and healthcare enthusiast, stands as the driving force behind i9 Innovations & Education. With a passion for revolutionizing healthcare technology, Afzal embarked on a journey to establish a company in 2015 that would redefine the landscape of medical solutions. His experience as the Vice President of the Surana Group of Hospitals for almost 18 years helps him navigate the intricate challenges of the healthcare industry with unparalleled insight. Afzal's tenure at Surana Group was marked by transformative initiatives, where he played a pivotal role in shaping up the frugal Mumbai private hospital business module.

Afzal Shaikh's leadership is characterized by a harmonious blend of business acumen and a deep understanding of medical protocols. His hands-on experience in hospital management fuels his commitment to developing solutions that address the unique needs of healthcare professionals, administrators, and patients alike.
As the Founder Director of i9 Innovations & Education, Afzal brings a wealth of expertise in combining innovation with healthcare to create solutions that cater to the evolving needs of the industry. His strategic leadership has propelled i9 Innovations & Education to the forefront of healthcare IT, providing comprehensive and cutting-edge solutions. His commitment to excellence is evident in the company's flagship product, Super Dr, India's pioneering Healthcare Networking Platform (HNP). Under his guidance, i9 Innovations & Education has become synonymous with efficiency, sustainability, and transformative healthcare practices.Beyond the boardroom, Afzal is a thought leader in healthcare technology, frequently contributing insights to industry discussions. His dedication to improving patient care, streamlining hospital operations, and embracing eco-friendly practices has positioned i9 Innovations & Education as a leader in the healthcare IT sector. Afzal Shaikh's unwavering commitment to innovation, coupled with his deep understanding of healthcare intricacies, continues to shape i9 Innovations & Education as a beacon of excellence in the dynamic world of healthcare technology.",mumbai-maharashtra,,,
Agah Ugur,Agah Ugur is the Chairman of Karel Electronics. Agah Ugur attended the University of Birmingham.,istanbul-istanbul,,,
Agapitos Diakogiannis,"I'm the founder of Seafair.io, a platform helping shipping companies recruit seafarers from all over the world. We are bringing shipping crewing to today's era!

Previously I worked at BCG, advising companies in financial services and industrial goods. I also have startup experience, working on operations and strategic initiatives at foodpanda (Rocket Internet). I studied mechanical engineering and operations management.",new-york-new-york,early_stage_venture,saas-enterprise,
Agatha Precourt,"As founding partner of AMP Ventures, Agatha Precourt is pursuing direct investing opportunities in early and expansion stage companies, mostly in the branded consumer and consumer tech space. While her passion can be found at the intersection of blossoming brands and rising female entrepreneurs, she also invests opportunistically.  Some of her current portfolio companies include Sarah Flint, Spektral, Argent, Urbansitter and Phylagen. 

With 15+ years of operating experience in the consumer and start-up worlds, spanning numerous functional areas and life stages of companies, Agatha works collaboratively with founders to support their company’s growth.  She has walked in a founder’s shoes, recently pursuing her own angel-funded startup.  Prior to that, she was part of the leadership team at Stella & Dot where she drove marketing strategy through the company’s high growth stage, from $20 MM to $200 MM in revenue. Previous to Stella & Dot, she worked with a variety of startup and established companies in the consumer and consumer tech space. She began her career as an M&A analyst at Morgan Stanley.  

Agatha earned her BA in Economics and MBA from Stanford, and is currently serving on the board of advisors for the LEAD Council at Stanford, the Precourt Institute for Energy at Stanford, as well as the Precourt Foundation, where she is focused on driving change within education and the environment. She lives in Hillsborough, CA with her husband and three children. She enjoys skiing, hiking, travel, food and wine.",san-francisco-california,,edtech,
Agathe Descamps,Agathe Descamps currently works as the Responsable Développement for Newfund.  She previously worked at BEM as a Temporary teacher.,lot-aquitaine,,saas-enterprise,
Aghadiuno John,"John Aghadiuno is a highly qualified software developer, information technology specialist and project leader, I possess a strong educational background in the fields of information technology, business administration and software development, complemented by professional certifications in cloud computing, project management, cyber security, and relational databases. He is equipped to tackle complex challenges and drive innovation. He is passionate about leveraging technology to solve complex challenges and thrive on solving complex problems and creating innovative solutions.",boston-massachusetts,"post_ipo, private_equity, seed",,
Agnelorajesh Athaide,"Agnelorajesh Athaide is a serial and social entrepreneur, angel investor, educationist and motivational speaker.",mumbai-maharashtra,seed,,
Agnes Aistleitner Kisuule,Forbes DA 30-under-30 WEF Global Shaper,Uganda,Pre-Seed,fintech,
Agneta Breitenstein,A.G. Breitenstein is the Founder & Executive Chair of FOLX Health.She attend to the Harvard T.H. Chan School of Public Health in 1998.,boston-massachusetts,,data-analytics,
Agudor Agabas,"Agabas is a young entrepreneur with over 3 years of experience in entrepreneurship, project management and social media management and training. He holds a major in business studies currently the Founder and CEO of AppCyclers an innovative e-waste management startup based in Tamale, Ghana using data analysis, education and technology to solve the problem of improper disposal of electronic waste. He served as the Social Media Manager and trainer at HOPin Academy, where he supervised and oversees the creations and implementation of social media programs, campaigns, and content engagement strategies. He has great interpersonal skills and he is well experienced in public speaking, lean startup approaches, content creation, project management, business development, and social media marketing and training. He is passionate about building communities, networking, promoting a circular economy and sustainable development in Ghana and Africa at large.",ghana,,,
Agustina Sartori,Agustina Sartori is the Managing Director at Prisma Ventures. She attended the Universidad de Montevideo.,san-francisco-california,,,
Agustin Cuenca,Agustin Cuenca is the Rookie at Sngular TeamLabs. Agustin Cuenca attended ESCP Business School.,madrid-madrid,seed,,
Agustin Gomez,"Agustin (he prefers ""Agus"") Gomez Is A Co-Founder & CEO at Wallapop. Previously with iSOCO, the Boston Consulting Group, and Accenture, Gomez attended the respected ESADE Business School. Together with the Wallapop team, he is developing a disruptive new kind of mobile P2P marketplace. He firmly believes that they have a great chance to disrupt the second hand P2P sector. He was previously Innovation & technology director with iSOCO. Prior to that he was a Business Consultant with the Boston Consulting Group and with Accenture on the Strategic and IT Consulting Team. He has also been an Engineer with VisioWave in Switzerland.",barcelona-catalonia,seed,,
Agustin Iglesias,"Experienced Country Manager with a demonstrated history of working in the internet industry. Skilled in Negotiation, Business Planning, Creativity Skills, English, and Management. Founder of Tokko Broker.",polanco-distrito-federal,seed,,
Agustin Linenberg,"Co-Founder @ Aerolab | Investor | Mentor | Advisor | Board of Directors @ SoDA

Agustin started his career as an entrepreneur in 2008. In 2012, he founded Aerolab, a digital product agency that lifts companies up and shifts industries forward.

He was appointed President of the Entrepreneurs' Organization (EO) in Argentina in 2020; in 2021, he became a Global Learning Committee Member. As he moved to New York, he added value to EONY as Co-Learning Chair for a year.

In 2020, he joined the Society of Digital Agencies (SoDA) - an exclusive network for digital agency leaders - as a member. Then, after three years, he's part of the Global Board of Directors.

Nowadays, he is a member of Hampton, a highly vetted membership community for entrepreneurs, founders, and CEOs.

Between 2009 and 2012, he was a professor of graphic design at the University of Buenos Aires (UBA) and still gives speeches about design and entrepreneurship.

These days, he’s advising and investing in his own Creative Capital Studio - Aerolab VC - and mentoring for Google Launchpad Accelerator, Endeavor, Techstars, Draper Startup House, 500 Global, Alchemist Accelerator, Newtopia VC, and ADPList, among others. Between 2022 and 2023, Agustin was part of Forbes 30 under 30 and Forbes Agency Council US, a community of respected PR, media, creative, and ad agency leaders.

Agustin is a process expert and lives and breathes entrepreneurship. He will do so whenever there's a chance to guide or hop on board as an investor for a transformative project.

Linenberg has a bachelor's degree in visual communication design from Universidad Nacional de Rosario and specializes in business. He graduated from the Entrepreneurial Master’s Program at MIT and the London Business School (entrepreneurship studies). He also studied management of small and medium enterprises at IAE Business School, Universidad Austral.",brooklyn-new-york,"seed, early_stage_venture","fintech,ecommerce-retail,healthcare,edtech,data-analytics",
Agustin Nuñez,,santa-cruz-de-tenerife-canarias,seed,,
Agustin Pallotti,"Agustin is an Entrepreneur, Investor and Mentor based in Latin America, where he had created five different Companies of eCommerce, On Line Marketing, Digital Tourism, Strategy, and Technology with strong focus on Argentina, México and Colombia. 

He co-founded Geelbe on November 2007, which is an online Sales Flash Site in Latin America in which he remains Director and CEO until December 2012.

Prior to that, he has worked in several IT and Internet companies including Datastream Systems and Oracle. He is a lecturer in several events, venue,s and university programs related to technology, entrepreneurship, and eCommerce, and also made several training programs in those fields as well as organized events in those markets.",naucalpan-de-juárez-mexico,,,
Agustin Soler,"Agustin Soler is a Co-founder and Chief Product Officer (CPO) at MURAL, a collaborative intelligence company. He defines and executes the product vision and strategic direction across web and mobile. Agustin has led the development of the platform since day one, ensuring MURAL is scaling to power cultures of effective collaboration globally, while also delivering business-driving outcomes such as engagement and retention.

Previously, he worked at Three Melons with Mariano Suarez-Battan and Patricio Jutard, a video game studio that designed and published online games. The company was acquired in 2010 by Playdom, then Disney, where Agustin served as a product manager following the acquisition.

He holds a Master’s Degree in Product Design from Northwestern University. He is based in Buenos Aires and is fluent in both Spanish and English.",argentina,,,
Ahamed Danial Al Fayed,"Ahamed Danial Al Fayed is a Bangladeshi musical artist, songwriter, and author born in Banshkhali, Chittagong. He is starting his career as an author in 2023, with current activities in the music industry. He is also known as an author and singer.",chittagong-bangladesh,"grant, private_equity",,
A. Henderson Sweet,"Business operator and leader passionate about building new lines of business at high growth technology companies with a cross-functional background spanning performance marketing, strategic partnerships, and new business development. Ex-Transparent.ly / Metromile / TravelBank / Credit Karma / Prosper Marketplace / PayPal / Accenture.

Sausalito, CA",san-francisco-california,,,
Ahikam Kaufman,"Ahikam brings over 16 years of experience in corporate finance and business operations, including sales operations, business analysis, M&A, financial reporting and financial systems. Prior to Pageonce, Ahikam served in an executive role in the sales operations organization in HP software. Before that, Ahikam spent 6 years in various leadership positions in the Finance organization at Mercury Interactive. Prior to that, Ahikam served as the CFO of Conduct Software, a venture-backed start-up acquired by Mercury in 1999.

Ahikam holds a bachelor degree in Economics and an LL.M. in Law from the Bar-Ilan University, Ahikam is also a certified public accountant.",new-york-new-york,,,
Ahmad Ahmad,أفضل موقع تجهيز ملاعب ومعدات رياضية، ملعب كرة قدم، ملعب تنس ...,united-arab-emirates,secondary_market,,
Ahmad Al-Shagra,"Founder, Angel Investor, and Evolutionary Product Management enthusiast.",baghdad-baghdad,"early_stage_venture, seed",,
Ahmad Ashkar,"Mr. Ahmad Ashkar is the Founder and CEO of the Hult Prize Foundation - named in a TIME Magazine cover story featuring the top five ideas changing the world.  The 2016 Esquire Magazine Entrepreneur of the Year, Ahmad has spent nearly a decade creating, launching and advising for-good, for-profit companies in more than 100 countries. He is a leading authority in entrepreneurship, innovation and venture philanthropy, and serves as an advisory board member of the United Nations Development Program (UNDP) and is a member of the Entrepreneurs Expert Network of the World Economic Forum.",new-york-new-york,,,
Ahmad Atwan,"Ahmad Atwan, Founder and CEO of VC Fuel.",houston-texas,,"saas-enterprise,cloud-infrastructure",
Ahmad Awais,"Ahmad Awais is an award-winning open-source engineering leader,​ founder, and CEO of Langbase.com. NASA Mars Ingenuity Helicopter mission code-contributor. Angel investor. Ex-VP of Developer Relations, Google Developers Advisory Board founding member, Node.js Community Committee Outreach Lead, Business Governance Board Member Linux Foundation & OpenAPI Initiative, WordPress Core​ Developer​, and previously VP ​of ​Engineering​​ at WGA. He has authored various open-source software tools used by millions of developers worldwide, like his Shades of Purple code theme (4M Dev Users)​ or projects like the​ corona-cli​ (10+ Billion Requests).

​Awais ​loves to teach. Over 60,000 developers are learning from his courses ​, i.e., NodeCLI.com, VSCode.pro,​ and NextjsBeginner.com​​. He has spoken at 100+ tech conferences, including TEDx, ReactLive, Node Summit, Google Dev Summit, and Next.js Conf. ​Awais received the FOSS community leadership recognition as one of the first 12 featured GitHub Stars with a gold GitHub Stars Award. ​He is a member of the SmashingMagazine Experts Panel and a featured and published author at CSS-Tricks, Tuts+, Scotch.io, and SitePoint. You can mostly find ​him on where he tweets his #OneDevMinute developer tips.​",san-francisco-bay-area-california,"early_stage_venture, seed",,
Ahmad Bazzi,"Ahmad Bazzi was born in Abu Dhabi, United Arab Emirates. He received his Ph.D. degree in electrical engineering from EURECOM, in 2017 and his M.Sc. degree (honor role) in wireless communication systems (SAR) from SUPELEC. He is a researcher with New York University (NYU) Abu Dhabi contributing to integrated sensing and communications and prior to that, he was the Algorithm and Signal Processing Team Leader at an IP intellectual company. He was awarded a CIFRE Scholarship from ANRT France, in 2014. He was nominated for Best Student Paper Award at IEEE ICASSP, in 2016. He received a Silver Plate Creator Award from YouTube, in 2022, for passing 100000 subscribers. He was awarded exemplary reviewer for IEEE Transactions on Communications in 2022. He was awarded exemplary reviewer for IEEE Wireless Communication Letters in 2022. He is an inventor of several patents involving intellectual property of Wi-Fi and Bluetooth products, all of which have been implemented and sold to key clients.",,,,
Ahmad Chatila,Ahmad Chatila is the Board Chairman of Ohmium.,san-francisco-california,,,
Ahmad Ishaq,"Ahmad Ishaq is the Managing Director at Spectre Holdings. He attended The George Washington University School of Business, The Johns Hopkins University, and California State University at Dominguez Hills.",greater-los-angeles-area,"early_stage_venture, seed, venture",,
Ahmad Nassar,"Ahmad Nassar serves as the Vice President of Business and Legal Affairs for the NFL Players Association in Washington, D.C. In that role, Mr. Nassar manages various legal and business initiatives, including negotiating with the NFL and licensees such as Electronic Arts, NIKE, Topps, Panini, and others. Mr. Nassar works with the players associations from the MLB, NBA, and NHL on legal issues of mutual importance, such as right of publicity cases nationwide. Prior to joining the NFLPA, Mr. Nassar worked at Patton Boggs and Latham & Watkins. There he counseled clients in a variety of practice areas, including white-collar criminal defense, intellectual property issues, internal corporate investigations, antitrust issues, and a wide variety of matters affecting labor unions. 

Mr. Nassar received his JD from the University of Chicago School of Law, and graduated with distinction from the University of Michigan, where he earned a bachelor's degree in economics. He was a winner of the Thomas R. Mulroy Prize, the Angell Scholar Award and was the Ruth Wyatt Rosenson Scholar at the University of Chicago. Immediately following his graduation from law school, he served as a law clerk to the Honorable Denise Page Hood, United States District Judge in the Eastern District of Michigan.",washington-district-of-columbia,,,
Ahmad Sameer,Chief Executive Officer & Techpreneur at Al-Akhzir Tech (Pvt.) Ltd.,lahore-punjab,"early_stage_venture, initial_coin_offering",,
Ahmad Takatkah,Ahmad Takatkah is the Founder and managing Partner of Revenya Capital. He previously worked at dCap Inc as a Founder and CEO. Ahmad Takatkah attended New York Institute of Technology.,san-francisco-bay-area-california,,,
Ahmad Yousfi,"Started career in marketing in 2018, with a passion for innovation and a deep understanding of the latest trends and technologies founded Storm Studio https://stormstudio-sa.com/ , a digital marketing agency that's redefining what it means to succeed online in the Saudi & Gulf market.",riyadh-ar-riyad,early_stage_venture,,
Ahmed Abdelhamid,"Ahmed Abdelhamid is based out of Kortenberg, Flemish Region and is the Founder and Group Chief Executive Officer of Keheilan Asset Management. Ahmed previously worked at USAID Business Egypt as a Senior Investment Policy Advisor. Ahmed Abdelhamid attended Vlerick Business School.",kortenberg-vlaams-brabant,,,
Ahmed Alenazi,Ahmed Alenazi is the Founder and CEO of Barq. He previously worked at STC Pay as a CEO. Ahmed Alenazi attended the University of Delaware.,saudi-arabia,,,
Ahmed Al-Hemyari,"Ahmed Abdulhakim Ahmed Al-Hemyari (born: May 15, 2002) is a Yemeni Businessman .",ibb-na---yemen,,,
Ahmed Alnuaimi,,baghdad-iraq,seed,,
Ahmed Alzalabani,Ahmed Alzalabani is the Founder of Cambassy.,saudi-arabia,"crowdfunding, early_stage_venture, seed",,
Ahmed Amdagas,"I'm a passionate innovator in the field of technology, with a strong affinity for all things tech-related. Possessing expertise in both front-end and back-end development, I bring a comprehensive programming background coupled with a thorough grasp of web technologies, web development, cloud computing, and DevOps. Strong interpersonal skills with an excellent ability to communicate technical ideas clearly and precisely. I am passionate about Django, Python, PHP, Vue, and Squarespace. I excel as an idea architect, engineer, and software developer. Additionally, I'm currently building the future of communication for businesses in Africa at FxbulkSMS.",,early_stage_venture,,
Ahmed Amin,Ahmed Amin is the chief growth officer at Mazadat and was portfolio manager at AUC Angels,cairo-al-qahirah,,fintech,
Ahmed El-Alfi,"Ahmed El Alfi has been an early stage/growth investor for the past 25 years, translating to an extensive experience in funding, nurturing early stage companies, as well as exiting through IPOs and trade sales. El Alfi founded Hybrid Capital Partners in 1990, a private investment partnership. Hybrid Capital has funded, helped grow and exited several successful companies: PC Mall, a USD 1bn rapid response supplier of technology services for businesses, governments and consumers; ATML, an owner and operator of over 1,000 ATMS; Banquet, an extreme sports portal and community site; Internet Brands, a leading operator of ecommerce and community websites; and The Genetics Institute a genetic diagnostic company. During 2006, he served as CEO of EFG-Hermes Private Equity (“EHPE”). From 2010 to present he founded Sawari Ventures, FLat6Labs, Nafham, and TATP. Nafham is the top online video educational platform covering the Egyptian, Saudi and Syrian public school curriculums, Nafham currently gives over 110,000 free video lessons per day. While TATP, established in 2013, took over a large part of the American University in Cairo's downtown campus to form the GrEEK Campus; a 25,000 square meter office park near Tahrir Square where over 100 startups now work and collaborate. In addition to Sawari Ventures' portfolio of investments, his current portfolio includes Triporati, an innovative online travel company; Pacific Toxicology, a leading Toxicology laboratory in the USA, as well as Zignal Labs a big data analysis company.Prior to becoming a early stage investor in 1990, El Alfi was Senior Vice President of Jefferies & Company, where he worked for 10 years. He is currently a member of the Board of Directors of Waqf Endowment. He has also served on the Boards of Directors or Advisors of the Polytechnic School in Pasadena, Claremont Graduate School of Religion, as well as several for profit corporate boards.",cairo-al-qahirah,"Seed, Series B+, Series A","fintech,edtech,logistics-supply-chain",
Ahmed El-Boukhary,"Ahmed El-Boukhary is the Founder of Assess Talent Management and CEO of Badgewell. He is also an instructor at American University in Cairo.

Ahmed holds a master of laws at University of London.",cairo-al-qahirah,,,
Ahmed El Naggar,Entrepreneur,new-york-new-york,,,
Ahmed Faruk Karslı,Ahmed Karslı is the chairman of the board at Papara.,istanbul-istanbul,,,
Ahmed Isse,"A rising entrepreneur, born and raised in Qatar. He attended the College of North Atlantic in Qatar and studied in Information systems. Growing up his father taught him important values and brought him up in a strict and disciplined environment. As an entrepreneur himself, he wanted Ahmed to continue his post-graduate studies and work in the family business.

Ahmed like most successful entrepreneurs decided to drop out of post-graduate school and focused on himself and what the real world had to offer. In 2016, with his ambition he started multiple businesses which eventually failed. Some of his earlier endeavors were an E-commerce platform and a third-party enterprise software support services business. In 2018, Ahmed co-founded 9to5.ai, a hiring-marketplace platform that helps connect quality job seekers with the best possible companies.

Ahmed is not just an entrepreneur but a real talent. And this talent is going to make him an innovator. His business career started with him practicing and failing on different avenues as early as possible that prepared him for what was ahead. He’s trained himself and looked for ways on how to do it and work really hard on becoming a great entrepreneur. He has a lot of passion and confidence because it made him grow stronger. He also had tips from professional mentors who prepared him well for his grueling journey.",doha-ad-dawhah,,,
Ahmed Khaishgi,"Ahmed Khaishgi is the Founder and CEO of AutoComplete, Inc., an insurtech. He previously worked at Bain Capital Ventures as an Operator-in-Residence. Ahmed Khaishgi attended Harvard Business School.",san-francisco-california,,,
Ahmed Medhat,,san-francisco-california,seed,"ai-ml,logistics-supply-chain",
Ahmed Mhiri,"A visionary in mobility and a scale-up builder, Ahmed Mhiri combines deep tech expertise with bold entrepreneurial spirit.
An engineer specialized in computer science and cybersecurity, he began his career leading major digital transformation and security projects across France and abroad.
In 2012, he founded TravelCar, a pioneering car-sharing platform for travelers. In just a few years, the company raised $25M, expanded to over 60 countries, and caught the attention of Stellantis, which acquired it in 2019 to build the foundation of Free2move.
As CEO of Free2move, Ahmed has transformed the company into a global leader in flexible mobility, serving both individuals and businesses.
Today, he is redefining the future of mobility: more autonomous, more sustainable, and more seamless — to meet the challenges of a world in motion.",paris-ile-de-france,"seed, early_stage_venture, private_equity, venture",ai-ml,
Ahmed Mohamed Abdel-Maaboud,"Ahmed Mohamed
CEO and Founder of VAVOR NET

Hello, I’m Ahmed Mohamed, the CEO and founder of VAVOR NET, a group of websites specializing in digital business and services. With extensive expertise in digital business management and IT, I’m passionate about delivering innovative solutions in these fields.

Skills and Certifications

Professional Certifications:

Cybersecurity Certificate from Google
Digital Marketing Certificate from Google
Fundamentals of Project Management from Google
Master In-Demand Professional Soft Skills from LinkedIn
Expertise:

Digital Business Management: Designing and developing comprehensive digital strategies.
IT Systems: Configuring systems with tools like Google Business and Microsoft Office 365.
Website Development: Skilled in creating and managing websites and e-commerce stores using WordPress, OpenCart, Joomla, PHP, and Laravel.
Cybersecurity: Certified expert in digital systems protection.
Network Management: Certified by CompTIA for network administration.
SEO Optimization: Analyzing websites for vulnerabilities and enhancing page rankings on search engines.
Digital Marketing: Running ad campaigns on platforms such as Google Ads, Facebook Ads, and Instagram Ads.
Content Creation: Producing creative content for websites, articles, and advertisements.
Graphic Design: Designing posters, banners, and visual identities using Adobe Photoshop, Illustrator, and XD.
Contact
I’m enthusiastic about providing innovative digital solutions and helping businesses grow through technology. Feel free to reach out for support or inquiries:",hurghada-al-bahr-al-ahmar,"early_stage_venture, seed, venture",,
Ahmed Noor,I am an entrepreneur who started an AdMagix advertising & marketing agency a few years ago with the aim to fulfill all aspects of modern tech-involved advertising & marketing needs of businesses no matter from on ground to online advertising & marketing trends.,rawalpindi-punjab,early_stage_venture,,
Ahmed Ramy,Ahmed Ramy is a CEO at TMentors. He attended Helwan University Cairo.,cairo-al-qahirah,,,
Ahmed Reza,"Ahmed started his career building image processing software for NASA before diving into the startup world & getting bitten by the bug. After successful stints at 3 startups that were acquired he started looking at solving problems for some friends who seemed to be tackling an intractable problem of marketing.

He started applying Machine Learning to call data and analytics before creating the current analytics startup. While the technology is solid, Ahmed is most proud of the team that has consistently punched well beyond its weight and made the impossible happen.",san-jose-california,,,
Ahmed Sobhy,"Ahmed Sobhy (born July 20, 1984 in Alexandria, Egypt) is an Egyptian Entrepreneur. He is the founder of Rottweiler Life. As a dog addict from the age of 8, Ahmed wanted to do something for dogs. He had a brilliant mind and he did not want this mind to rot in some corporate. So, he started working from home, taking up freelance jobs, and creating a website for dogs. It started as a passion project. And now, Ahmed is the owner of an amazing website, Rottweiler Life, with over 1.4 million followers. It is now a full-fledged income-generating business.",cairo-al-qahirah,,,
Ahmed Zakaria,Ahmed Zakaria is the founder and CEO of Zogi Labs. He previously worked at Whole Sellutions as a Chief Advisor - TechHub.,united-arab-emirates,,,
Ahmer Inam,"Ahmer Inam is the Chief Artificial Intelligence Officer (CAIO) at Pactera EDGE.  

Ahmer has more than 20 years of experience driving organizational transformation. This includes:
-	Establishment of analytics functions from the ground up
-	Development and implementation of data and analytics roadmap
-	Hiring and establishing data, analytics, and engineering teams
-	Design and implementation of data and advanced analytics (AI, ML) innovation 
-	Development and deployment of data products, from concept to enterprise solutions

His experience includes leadership roles at Nike Inc., Wells Fargo, Sonic Automotive, and Cambia Health Solutions.

Additionally, he has done analytics consulting for PwC and Quaero for clients such as ESPN, Keurig Dr. Pepper, Liberty Tax, P&G, Coca Cola, and ADP.

Ahmer holds two masters of science degrees, one each in Industrial Engineering and Economics from Texas A&M University, and a bachelor of technology in Mechanical Engineering from Jamia Millia Islamia in New Delhi. 

Ahmer also serves as a data and analytics expert with the International Institute for Analytics (IIA) and he is the founding member of Analytics and Big Data Society.

Ahmer has recently written a popular blog on driving success for Chief Data Officers: https://towardsdatascience.com/how-to-be-a-successful-chief-data-officer-e34b6ae56443",portland-oregon,,,
Ahmet AKDEL,"Teknotr.com da WordPress web tasarım, e-ticaret, dijital pazarlama, seo ve içerik pazarlama uzmanı
WordPress web design, e-commerce, digital marketing, seo and content marketing specialist at Teknotr.com
ex: Dr.HEClinic WordPress Expert
ex: Digital Marketing Manager Fullnet Telekom
ex: Director of E-Commerce Mytoptan
ex: Samsung Fethiye Sales Marketing and Support Specialist
ex@E-Commerce Marketing and Category Director of iyifiyat.com
ex@Tech Editor/Senior Writer of Bilisimhaberi.com
ex@ilancomtr Seo/Social Media Strategist",mugla-mugla,seed,,
Ahmet Argun,Ahmet Argun is a Managing Partner at Lima Ventures. He attended Marmara University.,istanbul-istanbul,,,
Ahmet Bilgen,"Ahmet Bilgen Turkish Cypriot entrepreneur and angele investor. 
He lives in Famagusta-North Cyprus. He finished primary school and high School in Famagusta. He has been a very active person all throughout his life,  he received a Black Belt II. Dan in TaeKwon-do, played in the local soccer team while studying at Canbulat high school. Ahmet was also helping his family with their farming business by selling the produce to shops, making some money in the meanwhile which he used to buy his first bicycle, first ball or his first pair of sneakers. Ahmet graduated with Bsc in Applied Marth and Computer Science from Eastern Mediterranean University (EMU) in 1993. Between 1993 and 1995 he got his Masters degree in Computer Science. Right after he started his PhD degree in Computer Science but decided to quit academia after his first semester. During his masters and PhD degrees, he took part in developing intelligent user interfaces and inmemory data concepts for mobile devices. After leaving academic life, Ahmet worked in various IT companies for about 2 years and then joined SAP where he had his first professional work experience. Ahmet joined SAP Turkey as the Technology Consultant, and therefore took part in the implementation of more than 100 SAP projects with companies like Yaşar, Koç, Sabancı, Havelsan, Arena etc. as these were the first implementers of SAP ERP in Turkey. During his tenure at SAP, he worked in various roles such as technical consultant, business analyst, project and team manager and architect.
Ahmet, after working at SAP for 2 years and getting enough project experience and honing on his technical skils, he decided to set up FIT “Future Information Technology” Solutions together with 3 of his friends in 1999. By the end of 1999 FIT had already made its first million USD revenue. FIT has integrated Turkey’s most important e-commerce platform named “Arena Computer Supplier Portal” with SAP. This was featuted as an international success story by SAP Inside magazine in 2001. FIT Solutions(lately became Foriba)  has a lot of experience from completing many software integration projects. Working with the top 250 companies also gives the company the advantage to have a more extensible, scalable, sustainable and supportable product. These experiences and know-how attained over the years put the company in an advantageous position to achieve end-to-end e-invoicing solutions.  
in 2019 Ahmet Bilgen exited from Foriba.
Foriba did:
 - Series A With Revo Capital
 - Series B With Revo, IFC, Endeavor Catalyst
 - Exit",istanbul-istanbul,"seed, convertible_note, early_stage_venture, secondary_market","fintech,edtech,media-entertainment,robotics-automation",
Ahmet Tosun,"Ahmet Tosun is the founder of Poltio. He has his bachelor’s degree in Sabanci University in Manufacturing Systems Engineering. Lastly, he has been the Managing Director for Russia and CIS operations of TIMWE, a global company focusing on mobile enablement solutions, launching and managing all offices of the company in the region.",istanbul-istanbul,seed,,
Ahmir Khalib Thompson,"Ahmir Khalib Thompson, known professionally as Questlove (stylized as ?uestlove), is an American musician and music journalist. He is the drummer and joint frontman (with Black Thought) for the Grammy Award-winning band The Roots. The Roots has been serving as the in-house band for The Tonight Show Starring Jimmy Fallon since February 17, 2014. Questlove is also one of the producers of the Broadway musical Hamilton. He is the co-founder of Okayplayer and OkayAfrica. Additionally, he is an adjunct instructor at the Clive Davis Institute of Recorded Music at New York University.

Questlove has produced recordings for artists including Elvis Costello, Common, D'Angelo, Jill Scott, Erykah Badu, Bilal, Jay-Z, Nikka Costa, and more recently, Al Green, Amy Winehouse, and John Legend. He is a member of the production teams the Soulquarians, The Randy Watson Experience, The Soultronics, The Beat Biters (with producers Just Blaze and 9th Wonder), The Grand Negaz, and The Grand Wizzards.",philadelphia-pennsylvania,,"ai-ml,agtech-food",
A.H. Ramay,A.H. Ramay is the Founder of Brandwire. He previously worked at Upwork as a Social Media Strategist.,dubai-dubai,,,
Ahron Freilich,"AHRON FREILICH - REAL ESTATE DEVELOPER IN GREATER PITTSBURGH
A principal with the CLS Star development company, Ahron Freilich has spearheaded a broad spectrum of property investment activities throughout Pittsburgh, Pennsylvania, and its surrounding areas. Ahron Freilich’s work with CLS Star has included the acquisition of Pittsburgh’s Forbes and Murray Building, a mixed-use structure that has provided office space for the technology firms 3M Health Information Systems and IBM.

Ahron Freilich has also overseen the completion of successful residential projects that range from apartment and condominium complexes to student housing developments. Before settling in the greater Pittsburgh area and founding CLS Star in 2015, he worked for two large real estate development firms in New York City.

To augment and inform his professional activities, Mr. Freilich regularly attend a variety of events related to property investment and development. In his free time, he enjoys getting into the wilderness to hike, kayak, and camp. He is also an avid long distance cyclist.",pittsburgh-pennsylvania,,,
Ahsan Farooq,"Ahsan Farooq is a Pakistani YouTuber, and Entrepreneur. He was born on 31st January 2001 in Wah, Rawalpindi, Punjab, Pakistan.",rawalpindi-punjab,venture,,
Ahsan H Sohag,"Ahsan H Sohag (Born August 1, 1998 in Jaipurhat, Bangladesh) is a Bangladeshi Entrepreneur, Musician Artist, Digital Marketer, Freelancer, and Blogger. Who has already verified as Youtube official artist channel and largest music platform on Spotify. Sohag is the founder and CEO of Luxurious Creation. He is also Good Musician Artist and Writer.",,early_stage_venture,,
Ahsan Shabbir,I am Ahsan Shabbir the Operations Manager at BrandHazir.com.pk,lahore-punjab,"early_stage_venture, seed",,
Ahti Heinla,"Ahti is the CEO, CTO and co-founder in Starship Technologies, a startup that intends to disrupt last-mile delivery by introducing self-driving local delivery robots. 

He is also a co-owner in Ambient Sound Investments, a private investment vehicle launched by Estonian Skype co-founders.Ahti conducts technical reviews of all ASI's potential investments. His experience and knowledge as a system architect is invaluable in assessing and managing ASI's portfolio companies.

Ahti picked up programming at the early age of ten, his fascination with all things technical resulting in him being the lead technical architect at Skype. Ahti has also worked on artificial intelligence, 3D graphics engines, signal processing, and building mobile phones.

Out of the office, Ahti dons his running gear to enjoy orienteering and adventure racing events, where navigation is his strong-point.",tallinn-harjumaa,seed,,
Ahti Hujanen,"Ahti Hujanen is based out of Minneapolis, Saint Paul and is the Founder and Managing Member of Yottaworks. Ahti previously worked at BiologyWorks, Inc. as a Co-Founder. Ahti Hujanen attended the University of Minnesota.",greater-minneapolis-saint-paul-area,,,
Ahyaan Wali Shah,"Helping businesses expand globally through strategic SEO, international sales, cold calling, and auto sales 

I am a dynamic and results-oriented SEO and International Sales Specialist with a proven track record in driving organic search visibility, generating leads through cold calling, and achieving sales targets in the auto industry. With 4 years of experience in digital marketing and sales, I have successfully optimized websites, built strong relationships with clients, and excelled in cold calling efforts.

Professional Experience:

- Develop and execute comprehensive SEO strategies to enhance organic search visibility and increase website traffic.
- Conduct in-depth keyword research, competitor analysis, and website audits to optimize content and drive targeted traffic.
- Monitor website performance using SEO tools and Google Analytics, providing regular reports and recommendations.
- Implement on-page and off-page optimization techniques to improve website structure, navigation, and user experience.
- Utilize cold calling techniques to generate leads, build relationships, and drive sales in the auto industry.
- Developed and implemented effective sales strategies to maximize revenue and increase market share.
- Leveraged cold calling techniques to generate leads, establish rapport, and schedule appointments.
- Demonstrated product knowledge and guided customers through the sales process, resulting in successful auto sales.
- Maintained customer relationships through exceptional communication and after-sales support.",plano-texas,initial_coin_offering,,
Aia Sarycheva,Aia Sarycheva is an Investor at Bessemer Venture Partners and was a Senior Associate at the Rise of the Rest Seed Fund at Revolution. She attended Harvard Business School and Yale University.,washington-district-of-columbia,,"saas-enterprise,cloud-infrastructure",
Aiaz Kazi,"Aiaz Kazi was the SVP and Head of Product and Innovation Platform Strategy and Adoption at SAP.

Key strategic role leading platform product strategy and management and drive SAP's platform business. This includes leading platform business strategy, platform initiatives, monetization and platform roadmap across HANA, Cloud, Mobile, NetWeaver, and Analytics.
•	Drive HANA Platform strategy and pricing for driving the new ecosystem of startups, strategic ISVs, VCs, Incubators, developers, and students
•	Crafted and delivered an extremely successful global StartupFocus program on SAP HANA platform – recruiting over 1250 startups in a little over 18 months and delivering net new incremental revenue for SAP. Closed $10M and built pipe of $400M. 
•	Delivered first strategic partnership with SAS building advanced analytics solutions powered by SAP HANA
•	Built and delivered digital SAP HANA Marketplace with industry-leading buyer experience built on Hybris",san-francisco-bay-area-california,,data-analytics,
Aidan Butler,"Aidan Butler is the Chief Operating Officer of The Stronach Group Racing and Gaming. Before that, he was the co-founder and CEO of GuardLab. Aidan attended 
RSA Acadamy Arrow Vale.",miami-florida,,,
Aidan Corbett,Aidan Corbett is the Co-Founder and CEO of Wayflyer.,dublin-dublin,,ecommerce-retail,
Aidan Kehoe,Aidan Kehoe is the Chairman and Co-Founder of Hatz AI. He previously worked at Willis Towers Watson as a Founder and CEO.,new-york-new-york,,,
Aidan MacMillan,Aidan MacMillan is the Investment Manager at Par Equity.,"edinburgh,-city-of-united-kingdom",,fintech,
Aidan Madigan-Curtis,"Aidan is a true frontierswoman — not only as a trail-running Canadian originally from the rugged Rocky Mountains, but also as a leader of world-class teams at Apple and Samsara that have pushed the boundaries of the digital-physical technology frontier. From scaling manufacturing operations from zero to millions of weekly units for the first-ever AppleWatch, to growing Samsara’s connected operations platform to hyperscale and the 20,000+ customer business it is today, Aidan knows what it takes to build and scale full-stack companies. Aidan is a deep believer in technologies that help the industrial and healthcare sectors transcend traditional physical-digital divides. She’s built businesses that utilize cutting-edge techniques in computer vision for workplace safety and security, paired minds with the world’s pre-eminent experts in sensor, mobile and wearable device manufacturing to bring new innovative manufacturing practices to market, and scaled cellular, cloud, support and 3PL operations and infrastructure for millions of IoT connected devices. While Aidan loves bringing new technologies to market, she is equally — if not more — passionate about providing access to capital and leadership roles for underrepresented groups across a diverse spectrum of talent. She was a founding member of Samsara’s DEI committee and co-founded and led Samsara’s PRIDE employee resource group to a 300+ membership scale. Aidan has a BA in economics from Harvard University and an MBA from Stanford University’s Graduate School of Business.",san-francisco-california,"Pre-Seed, Seed, Series B+, Series A","saas-enterprise,ai-ml,iot-hardware",
Aidan Morrison,"Lapsed physicist turned entrepreneur, with an interest in small boat, small bars, and big data.",sydney-new-south-wales,seed,,
Aidan Shine,"Aidan brings extensive experience and skills in mentoring and consulting to his role as advisor to entrepreneurs and SMEs on all aspects of business planning and development, with a special emphasis on financial planning and sourcing funding.  Aidan is also responsible for the financial management and, as Company Secretary, overall corporate governance of the BIC.  Aidan brings a wealth of corporate finance and accounting experience to the BIC having worked in Japan and Ireland in areas as diverse as group consolidations and as factory accountant.  An MBA, Aidan has special interest in areas involving strategic management, creativity and knowledge management. ",waterford-waterford,,,
Aidan Sowa,"Aidan Sowa specializes in helping entrepreneurs get featured in the media, guaranteed.",north-kingstown-rhode-island,,,
Aidan Walker,Aidan Walker is the Managing Director of Communications and Technology  at Expand Group.,brighton-east-sussex,,,
Aidas Kavalis,,kaunas-kauno-apskritis,private_equity,,
Aihui Ong,"Aihui Ong, General Partner at Sunshine Ventures.",,,"saas-enterprise,ecommerce-retail",
Aijaz Ali,"With 12+ years of experience in web and mobile apps development, deployment, and management, I have a strong background and expertise in various technologies and tools, such as:
- MEAN/MERN stack
- ReactNative
- Js/Ts frameworks(Next, Nest, React, Angular, Fastify, Strapi)
- Flutter
- Android(Java/Kotlin)
- iOS(swift/objC)
- PHP+MySQL(Laravel/CodeIgniter)
- Servers(AWS/digitalOcean/GCP)
- Project Management- Wireframing
- Project management
- Team Training

Currently I lead a team of talented developers and designers, and collaborate with clients and partners to deliver high-quality products that meet their needs and goals.

I enjoy solving complex problems, learning new skills, and creating impactful and user-friendly applications that make a difference in the world.",united-states,,,
Aikawa Shintaro,"Shintaro Aikawa is the Chief Executive Officer at GREE Ventures, Inc.",tokyo-tokyo,,,
Aik Deveneijns,Aik Deveneijns currently works as an Lp and Advisor of Curiosity VC. He previously worked at LevelUp Ventures as a Founder and CEO. Aik Deveneijns attended London Business School.,amsterdam-noord-holland,,,
Aike (Tiffany) Ho,"Aike (Tiffany) Ho is a Principal at ACME. Prior to ACME, she was an Associate with Sherpa Capital. Aike spent most of her career at J.P. Morgan, where she played various intrapreneurial roles across the bank. In 2014, she helped launch the Investment Bank's 150-person cross-asset electronic trading desk, named Execution Services. As Chief of Staff to the CEO of Chase Digital within the Consumer Bank, she led initial development for major strategic projects such as Chase Pay and digital account opening. Aike also co-founded a variety of businesses and served as an Entrepreneur-in-Residence at a private fund.

Aike is a graduate of Yale University. Aike and her partner live in San Francisco.",san-francisco-california,early_stage_venture,"fintech,healthcare",
Aileen Lee,"Aileen is the founder of Cowboy Ventures, a seed-stage focused fund. They seek to back exceptional teams building technology that re-imagines work and personal life in large and growing markets - what they call ""Life 2.0"". She was formerly a partner with Kleiner Perkins Caufield & Byers, and the CEO of RMG Networks.  

A graduate of MIT, Aileen has an MBA from Harvard Business School and is a Henry Crown Fellow of the Aspen Institute.",palo-alto-california,"Pre-Seed, Seed, seed, Series A","saas-enterprise,fintech,ai-ml,hr-future-of-work","Newness, Chime, Mutiny, Crunchbase, Tally, Guild Education"
Aimee Gilbreath,Aimee Gilbreath is the current President at PetSmart Charities. She previously worked at  Leap Venture Studio as a Co-Founder. Aimee Gilbreath attended the University of Arizona.,los-angeles-california,,,
Aimee Guidera,"Aimee Rogstad Guidera is the President and CEO of the Data Quality Campaign (DQC), a national, nonprofit organization leading the effort to empower educators, students, parents, and policymakers with the information they need to make the best decisions to improve student outcomes. Aimee believes that data have the power to transform education to ensure every child in this country is prepared for success in college and careers.

Since it launched in 2005, the education and policy fields have come to rely on DQC’s research and landscape analyses as the only source of information that captures the “state of the states” on effective data use—first with the 10 Essential Elements of Statewide Longitudinal Data Systems, and then with the 10 State Actions to Ensure Effective Data Use. Aimee continues to advocate for better access to and use of data so that educators, parents, and policymakers will have the insights they need to inform better decisions to support student achievement.

A respected thought leader in education, Aimee was named one of TIME’s 12 Education Activists of 2012. She has also been cited as an expert on education policy and the value of education data by publications such as Business Week, NPR, and Education Week. Aimee is a Pahara-Aspen Education Fellow and an alumna of the Institute for Educational Leadership’s Education Policy Fellowship Program. She serves on the board of directors of the Institute for Educational Leadership and the Friends of the Hennepin County (Minnesota) Library.

Before founding DQC, Aimee served as the director of the Washington, DC, office of the National Center for Educational Achievement. She previously served as vice president of programs for the National Alliance of Business (NAB), worked in the education division of the National Governors Association’s Center for Best Practices, and taught for the Japanese Ministry of Education.

Aimee received her bachelor’s degree from Princeton University’s Woodrow Wilson School of Public and International Affairs and earned a master’s degree in public policy from Harvard’s John F. Kennedy School of Government.

Aimee and her husband, Bill, are the parents of two school-age daughters. She is an active supporter of her daughters’ public schools and has served as a classroom volunteer, parent-teacher organization leader, and advisory committee member. Aimee believes that parents, students, and teachers need to be equally strong legs of the stool of academic success.",minneapolis-minnesota,,,
Aimée Leifer,Aimée Leifer is the Venture Partner at Calibrate Ventures.,san-francisco-california,seed,"fintech,ai-ml,agtech-food,edtech,logistics-supply-chain",
Ainhoa Maiz,"Ainhoa Maiz currently works as the M12 for Senior Associate. Prior to joining M12, Ainhoa earned her MBA from The University of Chicago Booth School of Business where she worked as an associate for the UChicago Innovation VC Fund and was twice a participant in the top-ranked New Venture Challenge accelerator program.",san-francisco-bay-area-california,,"saas-enterprise,fintech,ai-ml,cybersecurity",
Aitor Chinchetru,"Aitor Chinchetru has founded Wanna, a platform that offers loans between 1,000 and 6,000 euros in two minutes via mobile. ... Also part of the board of Wanna Sergio Chalbaud, CEO of Fintonic ( mobile application for the management of personal finances).",madrid-madrid,,,
Aitor Ojanguren,,bilbao-pais-vasco,seed,,
Aitor Rodriguez Plagaro,Aitor Rodriguez Plagaro founder at Vermu. He attended Universitat Pompeu Fabra.,barcelona-catalonia,"convertible_note, seed, private_equity, crowdfunding",saas-enterprise,
Aizat Rahim,"Aizat Rahim is the Co-founder & Managing Director of Borong (Formerly known as ""Dropee"").",kuala-lumpur-kuala-lumpur,early_stage_venture,,
Ajai Chowdhry,,new-delhi-delhi,seed,,
Ajaipal S. Virdy,Ajaipal S. Virdy was the Founder and CEO of LocalEyes. He attended the University of Maryland.,sterling-virginia,seed,,
Ajaita Shah,"Ajaita Shah is an entrepreneur, a mentor, a speaker, and board member. She is the Founder/CEO of Frontier Markets and the President of Frontier Innovations Foundation. 
Frontier Markets is a rural marketing, sales, and service distribution company providing access to affordable and quality clean energy solutions and appliances to low-income households in India by building a network of rural entrepreneurs. 
Ajaita has committed to empowering rural women across the developing world through market based business models, clean energy, technology, and inspiring women to push themselves beyond their societal boundaries. 
Born in the US, Ajaita graduated Tufts University and started working in India from 21 til present. She started her career in Microfinance, where she won many award for her ground breaking innovation around healthcare, mobile technology, and social performance management in the sector. 
Some of these include: Most influential award in Microfinance for people under 30, and Business Week's 30 under 30 award, Forbes 30 Under 30’s Social Entrepreneur of the Year, #3 of top 40 women entrepreneurs of India in 2014, Nasscom Foundation’s 2.0 of 2015, Indian Affair’s India Leadership Conclave’s Women Entrepreneur of Year 2015, CNBC’s Young Business Women of the Year, Vodafone’s Women of Pure Strength, Loreal’s Women of Worth 2016, and the Global Enterprise Summit’s GIST Competition 2017 Winner.
She has been a leader in driving socially conscious business models through partnerships, and pushing “bottom’s up leadership,” keeping the rural consumer in mind. After 6 years of success, and challenges, Ajaita started Frontier Markets as a need to build a new model for energy access, focusing on women entrepreneurs, market insights, after-sales service, and scale. She has an inspiring journey of risk taking and respect for the knowledge and skills innately existent within poor communities.
In her leadership at Frontier Markets, Ajaita has helped Frontier Markets be recognized on a global platform through awards like the Ashden Award 2015, Most Innovative Rural Marketing Enterprise 2015, National Geographic’s Energy Challenge Winner 2013, Hogan Lovell’s Solar Community Award 2017, UN Seed Award Winner 2014, and more.    
An advocate for women led, transformational leadership and rethinking how market based approaches and social innovation organizations can better design for scalable impact, she has recently crafted a ground breaking partnership between Frontier Markets and the award-winning, Barefoot College, to exemplify this vision. 
She actively speaks at conferences for the US Green Business Council, Universities, Impact Investor Forums, United Nations representing SDGs, and more. She has been an active educator, collaborator, and catalyst in helping scale clean energy access globally. 
Ajaita serves on the board of Frontier Innovations Foundation, a non-profit focused on last-mile distribution support for clean energy companies. She is also an advisor to various social enterprises in India focusing on product development for the poor. She is an active member of the UN Practitioner’s Network, Asian Development Bank’s Energy For All Partnership. Ajaita Shah holds her B.A. in International Relations from Tufts University.
Mantra: “Investing in Women is smart business and key to poverty alleviation at scale”",india,,,
AJ Asver,AJ Asver is the Founder and CEO of Parcha AI. He previously worked at Compound as a Head of Product. AJ Asver attended the University of Oxford.,san-francisco-california,seed,,
Ajay Agarwal,"Ajay Agarwal is the Partner at Bain Capital Ventures. Additionally, Ajay Agarwal has had 1 past job as the Head of Sales and Marketing at Trilogy.
 
Ajay has a BS in Electrical Engineering from Stanford University and an MBA from Harvard Business School. In addition to his firm and portfolio company responsibilities, Ajay is on the board of BUILD, a not-for-profit dedicated to helping underprivileged high school students attend college.  Ajay grew up in Pittsburgh, Pennsylvania and is a die-hard Steelers fan.",palo-alto-california,"Seed, Series B+, seed, Series A","saas-enterprise,fintech,ai-ml,ecommerce-retail,data-analytics","Clari, Reprise, ShipBob, Clockwise"
Ajay Arora,"Ajay Arora born on February 02, 1998 is an Indian entrepreneur.",india,seed,,
Ajay Data,"A dynamic personality and well-regarded name in the IT industry worldwide, Ajay Data is the Founder and Managing Director of Rajasthan's premier IT services i.e, Data Infosys. which offered the first Private internet Services in Rajasthan also In 2016 Created World's First Email solution for IDN ( Internationalized Domain Names ) Domains for which he got credited with Graham Bell[ Award for this innovation.",jaipur-rajasthan,seed,,
Ajay Dmello,"Ajay Dmello founded Vistaar Digital in 2014, when Mumbai Inc. was waking up to the digital marketing revolution. Career years spent with IT companies and ad agencies laid a strong foundation for him on both technological and marketing fronts. During stints done with DIGITAS (Boston), Watermelon (Mumbai) and other places, Ajay developed, executed and managed many a digital project for clients from across industry verticals. Building up on basics and living up to the challenges, he went from strength to strength with each leap. His extensive technological know-how, a flair for leadership, cross-cultural exposure and diversity in past assignments make Ajay an authority to show others the way in now booming but still overwhelming digital marketing landscape. He also offers consultancy on emerging technologies to local establishments, who need catching up with the newest trends. Even in the midst of all things tech, he is very much a people person, quite approachable and delightfully helps others out when they get lost in the digital maze. He earned his bachelor of engineering degree at University of Mumbai.",mumbai-maharashtra,early_stage_venture,,
Ajay Hattangdi,"Ajay Hattangdi is the Chief Operating Officer for InnoVen Capital Group where has overall executive responsibility for driving the Group's international expansion, and Chief Executive Officer responsible for leading the Group's business in India.

Ajay is widely recognized as the pioneer of the venture lending segment of the corporate finance industry in India. He has worked with venture capitalists and entrepreneurs to introduce the concept of venture lending for over a decade since founding Citigroup India's venture debt business in 2005. At that time, Ajay had the added responsibility of being the head of strategy for the Citigroup's corporate & investment bank in the country. Ajay worked with Citigroup India for over 12 years before leaving to establish SVB India Finance, Silicon Valley Bank’s non-banking finance company focused on venture debt in 2008. SVB India Finance was re-branded InnoVen Capital India following a buyout of the business in 2015.

Ajay is on the advisory board of Mumbai Angels which is among the largest angel groups in India and a founding steering committee member of the Association of Indian Angel Groups, a collective of accredited angel investor groups in India. He is a regular speaker on the angel and venture capital circuit. In 1998, Ajay co-founded PRAJA Foundation, a voluntary Mumbai-based non-profit committed to re-establishing accountability and transparency in public governance.

Ajay has a Bachelor’s in Commerce from Sydenham College, a Master’s degree in Banking & Finance from Mumbai University, as well as an MBA from the State University of New York at Buffalo. His other interests include playing squash, a staple diet of food shows, and an ongoing attempt to understand modern physics.",mumbai-maharashtra,,,
Ajayi Raphael Temitope,Digital Entrepreneur Building Softwares and Hardwares That People Actually Use | Tech Speaker | Helping Small and Medium Sized Businesses Stand Out Through Online Presence | Website Development Consultant | 3X founder.,,seed,,
Ajay Jangra,Ajay Jangra is the Founder of Jangras Corporation.,gurgaon-haryana,"convertible_note, crowdfunding, early_stage_venture, private_equity, seed, venture",,
Ajay Jotwani,"Ajay Jotwani is based out of San Francisco, California and is the CEO and Cofounder at Avenio.ai. Ajay Jotwani previously worked at IBM as Vice President, Strategy and Product Management. Ajay Jotwani attended the Indian Institute of Technology.",san-francisco-california,seed,,
Ajay Juneja,Ajay Juneja is the Founder and Chief Executive Officer at Speak With Me. He was a Patent Analyst at RPX Corporation before that.,mountain-view-california,seed,"saas-enterprise,ai-ml,data-analytics",
Ajay Kamat,"Ajay is a partner at Pear and has a strong background in consumer mobile growth and strategy. He previously founded, ran and sold the Pear funded startup Wedding Party. He is passionate about building great products and product teams and has led teams that built products which scaled to millions of users.",palo-alto-california,,"saas-enterprise,fintech",
Ajay Kshatriya,"Ajay Kshatriya is the CEO and Co-Founder of Aizen Therapeutic. He previously worked at Biota Technology as a Chief Executive Officer and Co-founder. Ajay Kshatriya attended the University of California, Berkeley, Haas School of Business.",san-diego-california,,,
Ajay Malik,"Former Head of Architecture/Engineering of Worldwide Corporate Network at Google, Ajay is a technologist, business futurist, & prolific inventor with over 100 patents pending/issued specializing in artificial intelligence, Wi-Fi networking, Quantum computing, and Real Time Location.
 
Ajay has founded and successfully sold multiple startups, led the exit of a public company, and has experience as a Section 16 officer. He has authored various books ""RTLS for Dummies,"" ""Augmented Reality for Dummies,"" ""Artificial Intelligence for Wireless Networking,"" ""First God, Then Man, Now AI - Shapes within Times Space"". 
 
Ajay Malik is the CEO of SECO MIND USA LLC, a company that builds StudioX, world’s leading enterprise AI platform that allows businesses to incorporate AI in their products, workflows, and customer support. Ajay has also held executive leadership positions at Meru Networks, Hewlett-Packard, Cisco, and Motorola. He completed B.E in Computer Science & Technology from IIT, Roorkee, India.",san-francisco-california,"crowdfunding, early_stage_venture, grant, late_stage_venture, private_equity, secondary_market, seed, venture",,
Ajay Mistry,Ajay Mistry is a founder of Gambit Partners.,london-england,,,
Ajay Mohan,"Over 20 years of extensive global experience combining leadership, marketing, and business development expertise to deliver substantial revenue growth in highly competitive international markets. Continuously demonstrated excellence in meeting challenging goals and complicated consumer requirements. Credited with building and maintaining strong, long-lasting professional relationships that contribute to overall company success.

Ajay has been an early-stage investor in a few start-ups.

He has been helping businesses grow in APAC for over a decade. From go-to-market to growth. 

Areas of Expertise
• Senior Leadership • Go-to-market • Market Development Strategy
• Marketing Management • Strategic Partner Development • Digital Transformation
• International Business • Business & Channel Development • Customer Experience

I am engaged in activities about innovation and entrepreneurship.",singapore,,,
Ajay Nair,"Ajay Nair is the COO at Only Much Louder (OML). A graduate of IIM Lucknow, Ajay has previously worked in private equity, investment banking and business consulting in India. He is actively involved in the planning and execution of overall strategy at OML. Ajay also heads the digital content business at OML and works with creators and partners to develop content IPs. 

OML is a versatile and wide-ranging entertainment firm based in Mumbai, India. The company delivers creative ways of working with artists, creators and brands to create incredible live entertainment properties like music festivals, concerts, culture events, and a range of digital and branded content.",mumbai-maharashtra,,,
Ajay Prabhu,,bangalore-karnataka,seed,,
Ajay Prasad,"Ajay Prasad is a visionary leader and the CEO of RepuGen, a platform transforming healthcare reputation management with AI-powered solutions. In addition to RepuGen, Ajay owns several successful businesses, including GMR Web Team, GMR Transcription, and HealthcareDMS. He is also an angel investor, supporting innovative startups across various industries. His entrepreneurial journey reflects his commitment to driving innovation and growth, with a focus on helping businesses thrive in the digital age. With a passion for improving patient care and engagement, Ajay empowers healthcare providers to manage their online presence effortlessly while focusing on delivering exceptional care",tustin-california,,,
Ajay Ramachandran,"Ajay is a founding partner at Happiness Ventures. Happiness Ventures invests in early stage technology companies lead by entrepreneurs who have a passion and mission to make the world a happier place. With $480mm under management, the fund group concentrates on both early stage (Seed and Series A) start-ups and growth stage companies. Happiness Ventures invests with a long-term view and supports our startups throughout their entire lifecycle. Prior to founding Happiness Ventures, Ajay had a successful career as a serial entrepreneur with multiple exits and was an active angel investor.",san-francisco-california,,,
Ajay Relan,"Prior to co-founding the Investment Advisor and serving as its Managing Partner till December 2015, Mr. Relan was the head of CVCI in India, a position that he held since the inception of that business in India in 1995. Prior to this, Mr. Relan worked with several financial firms in multiple geographies, starting with Citi in 1976 and eventually becoming the CEO of a Citi-affiliated brokerage firm, Citicorp Securities & Investments Limited. Mr. Relan has served on the boards of the following Fund 1 portfolio companies — Thyrocare, Nueclear, SIS, Monnet and NTL. Previously, Mr. Relan served on the boards of several CVCI portfolio companies, such as Suzlon, HT Media, Yes Bank, i-FLEX and Progeon, among others. Mr. Relan earned a Master of Business Administration (MBA) from the Indian Institute of Management, Ahmedabad and a B.A. degree in Economics from St. Stephen's College, Delhi University, where he achieved the top rank in the University.","Los Angeles, California","Pre-Seed, Seed","saas-enterprise,ecommerce-retail,agtech-food,edtech",
Ajay Rungta,"With over 15 years of extensive experience in the tech industry, Ajay Rungta is a seasoned professional with a remarkable track record. As the founding engineer at Practo, he dedicated over 11 years to driving its growth and success.

In his current role as a solopreneur, Ajay wears multiple hats as a startup advisor, mentor, angel investor, and super connector. He passionately collaborates with founders, offering invaluable guidance and support throughout their startup journey. Ajay's expertise extends to mentorship roles at various incubators and accelerators, where he provides anchor mentoring, conducts pitch reviews, evaluates cohorts, serves on grants juries, and delivers enriching masterclasses.

Beyond his professional endeavours, Ajay prioritizes his health by regularly engaging in badminton sessions and occasional 10K runs. Additionally, he is deeply committed to social impact investing, actively supporting initiatives such as Rang De.

He is proud to be an alumnus of BITS Pilani.

Follow ""Startups & Life"" WhatsApp Channel by Ajay Rungta here: https://follow.ajayrungta.com/",bengaluru-karnataka,seed,,
Ajay Srinivasan,"Ajay Srinivasan has been the Chief Executive of Aditya Birla Capital Limited, the holding company of the financial services businesses of the Aditya Birla Group, since July 2007. 

In his role as Chief Executive, he sets the strategic direction for the Group’s Financial Services business which covers several verticals such as life insurance, mutual funds, wealth management, retail broking, retail lending, corporate financing, infrastructure finance, housing finance, general insurance broking, health insurance, pension fund management and asset reconstruction. Under his leadership, the financial services business has grown rapidly and has diversified into a large conglomerate with several new verticals added. 

In FY21 the company recorded a turnover of over Rs 20,000 Crore, profit before tax of over Rs. 2,000 Crore, Assets under Management of over Rs. 3,35,000 Crore, insurance premium of Rs. 11,076 Crore and a lending book of over Rs. 60,000 Crore. It enjoys the trust of more than 24 million active customers and has a workforce of over 22,500 people. The company has been one of the fastest growing non-banks in the country and has won multiple awards. The recent few include the ‘Asia Pacific Enterprise Award for Corporate Excellence’, ‘Top 25 Innovative companies in India’, ‘IMC RBNQA Best Practice Award, ‘Brand of the year’, ‘Top 25 Dream Employer’, and ‘FICCI CSR’ award.       

Prior to joining the Aditya Birla Group, Ajay was Chief Executive, Fund Management at Prudential Corporation Asia, based in Hong Kong between January 2001 and July 2007. Under Ajay’s leadership, Prudential’s fund management operations in Asia grew rapidly, both organically and through acquisition. Ajay oversaw a business that spanned ten markets, including Japan, with total funds under management of about USD 70 Bn, which made it at the time the second largest retail fund manager in Asia. 

As a member of Prudential Corporation Asia’s Board of Directors, Ajay also oversaw the development of Prudential’s retirement business in Asia. 

Ajay joined Prudential in 1998 as Managing Director of Prudential ICICI Asset Management Company, Prudential’s Indian fund management joint venture with ICICI Bank. Within two years of operation, Prudential ICICI AMC had grown to become the largest private sector asset management company in India. 

Prior to joining Prudential, Ajay was the Deputy Chief Executive Officer and Chief Investment Officer of the Indian operations of Threadneedle Asset Management. 

With a proven track record for setting up and scaling businesses, his experience in the financial services industry spans over three decades. He has been a CEO for over two-third of his working life.

Ajay has been engaged with several bodies including the CII National Committee and the Advisory Board of the City of London. He has been actively engaged with the startup ecosystem through the Bizlabs initiative set up at Aditya Birla Capital.

Ajay holds a BA with Honours in Economics from St Stephens College, University of Delhi, and is a postgraduate from the Indian Institute of Management, Ahmedabad.",mumbai-maharashtra,,,
Ajay Sudan,Ajay Sudan is the Angel Investor at Coda.He attended Massachusetts Institute of Technology.,menlo-park-california,,"saas-enterprise,cybersecurity,cloud-infrastructure",
Ajay Taneja,Ajay Taneja is the Digital Marketing Manager at Atlantico Network. Ajay Taneja attended St. Michaels .,gurgaon-haryana,,,
Ajay Trehan,,gurgaon-haryana,seed,,
Ajay Vashee,"Ajay came to IVP from Dropbox, where he guided the company through its IPO and first several years as a public company. As a first-time CFO, he stepped into a leadership role early in his career, and learned firsthand how to build, support and inspire a high-performing team.As an investor, Ajay is always on the lookout for companies that are solving big problems in market categories on the precipice of disruptive change. He is also focused on helping IVP build platform capabilities closely attuned to the needs of our founders. It’s why we launched the CFO Collective—the first community of its kind—which brings the brightest minds in strategic finance together to support one another and lay the groundwork for the future.",san-francisco-california,"Series B+, Series A","saas-enterprise,fintech,ai-ml,ecommerce-retail,hr-future-of-work","Jasper AI, Figma, DeepL, Superhuman"
Ajay Vishnu,Ajay Vishnu has 2 current jobs as CTO at Solaris and Founder at Jetbrain Robotics.,gurgaon-haryana,,,
Ajay Y.,,los-angeles-california,,saas-enterprise,
AJ Bruno,AJ Bruno is the Founder & CEO at QuotaPath. He previously worked as the Founder & President at TrendKite.,austin-texas,,,
AJ Dye,"AJ sources and manages investments for Iron Gate. Prior to Iron Gate, AJ led originations in the Rocky Mountain region for Pacific Western Bank and spent six years with Delta Electronics Capital, a corporate venture capital firm, where he led investments & M&A in the US. He also worked at Innovation Capital, an investment bank, for four years. AJ was named a Carolina Venture Fellow at SJF Ventures. He earned an MBA from the Kenan-Flagler Business School at the University of North Carolina and BSBA from the University of Colorado at Boulder. AJ joined Iron Gate in 2019.",denver-colorado-b063,,,
Ajeet Khurana,"Ajeet Khurana is a leading name in the cryptocurrency industry. He is the former head of the Blockchain and Cryptocurrency Committee, which as part of IAMAI is India's foremost industry body for cryptocurrency.

Presently, as an advisor to several crypto projects, he is seen as a specialist in:
* Tokenomics: pools, structure, architecture, flow, utility, value
* Market Mechanisms: market making, liquidity, listing, volume
In addition he helps with increasing adoption, communication, evangelizing, ambassador programs, and digital outreach. Some crypto founders regard Ajeet as their personal friend, philosopher, and guide.

Earlier, in his role as CEO of Zebpay (India’s largest cryptocurrency exchange at that time), he took it from being a one-country exchange to a global exchange. As CEO of the business incubator at IIT Bombay (India’s premier engineering school), he helped commercialise several ideas from concept stage. As an advisor to Venture Capital firms in India, China, US, and Canada, he has an eye for promising founders.

Still earlier, Ajeet has authored several books with McGrawHill Education, been an entrepreneur twice, and taught at the University of Texas at Austin.

Here is how he characterizes himself:

WHAT I HAVE ACHIEVED REPEATEDLY IN MY CAREER
Customer focus. Speed. Attracting and empowering the right people. Making hard decisions. Managing chaos and conflict. Smoothly navigating regulations & compliances. High governance standards. Cultivating relationships. Converting markets to communities. Negotiating deals. Continuous process and product improvement.

WHAT I AM LOOKING FOR
A mandate that requires rapid growth and evolution. A role that requires backbone and heart. A non-bureaucratic system that expects a strong bias for action. An opportunity to learn, and create strong cultural underpinning.

HOW I BUILD AND MANAGE TEAMS
Single minded focus on the customer. Choose people based on cultural fit and alignment of passion. Impart purpose. Select for potential, but advance for performance. Empower people to work. No busy work. No unending meetings. Don’t be hierarchy-minded. Encourage learning.",mumbai-maharashtra,seed,,
Ajeet Raina,"Ajeet is a Docker Captain and Docker Community Leader. He leads the Docker Bangalore Community of around 15,000+ Meetup members. He is a distinguished ARM Innovator and has a bunch of exciting IoT-based application built in his name. He is currently working as a DevRel Manager at Docker.  Ajeet has worked at Dell and VMware in the past and has around 15+ years of experience. He runs a DevOps community of around 9000+ Slack members. He is a winner of ""The Tips of Captain's Hat Award"" during Dockercon 2019 in San Francisco. His personal blogging site https://www.collabnix.com holds 1050+ blogs attracting 14-15 million visits. You can follow him over Twitter at https://twitter.com/ajeetsraina",bangalore-karnataka,seed,,
Ajeet Singh Kushwaha,Ajeet Singh Kushwaha is the Co-Founder of Seekho. He previously worked at Freshworks as a Director Product Management. Ajeet Singh Kushwaha attended the Indian Institute of Technology Kanpur.,gurgaon-haryana,,,
AJ Esmailzadeh,AJ Esmailzadeh is the Founder of Private.Me.,los-angeles-california,seed,,
AJ Faraj,"AJ Faraj is a serial entrepreneur, investor, CEO, and Co-Founder of WadiTek. He attended George Mason University.",united-states,"early_stage_venture, seed",,
AJ Hanna,AJ Hanna currently works as a Board of Directors for Prepay Nation. He previously worked at 118 118 Money as a Board Member.,california-usulutan,,,
Ajinkya Apte,Ajinkya Apte is the Co-founder and CEO of Snapser. He previously worked at ClimateAI as a Head Of Engineering. Ajinkya Apte attended University of Southern California.,san-francisco-california,,,
Ajinkya Deshpande,Ajinkya Deshpande is the founder of AD Corporations.,pune-maharashtra,initial_coin_offering,,
Ajinkya Kulkarni,"Ajinkya Kulkarni  CEO, Co-Founder, WintWealth. He attended Indian Institute of Technology Gandhinagar 2018-2012.",bengaluru-karnataka,,,
Ajit Deshpande,"Ajit Deshpande is a senior associate for Opus Capital, where he sources and evaluates investment opportunities and contributes business and technical assistance to portfolio companies.

Ajit is an MBA graduate from the Haas School of Business at UC Berkeley and is a Kauffman Fellow, Class 17.  Prior to business school, Ajit worked for eight years in engineering/operations roles in semiconductors and cleantech and recently had stints in internal corporate venturing, angel investing and technology investment banking.  Immediately prior to joining Opus Capital, Ajit consulted with a startup in the cellular cloud access and network services space to help develop its go-to-market strategy in preparation for venture fundraising.",redwood-city-california,,,
Ajith Karimpana,"Leaving a successful job. Starting a business, especially one that requires a deep change in consumer habit, calls for a different kind of determination – the stubborn, steely ‘never say die’ kind. 
That’s Ajith for you. His passion for rental furniture has never wavered, neither in the first 4 years of business pre-funding, nor in the successful years after. His passion and vision ‘Never own furniture’ has inspired a whole company to take on this mantle and create brave new evangelists of the new economy.",bangalore-karnataka,,,
Ajit Isaac,"Ajit Isaac is based out of Bengaluru, Karnataka, and is the Founder and Chairman of Quess Corp Ltd. Ajit previously worked at Adecco India Private Limited as a Country Manager - in India and Middle East. Ajit Isaac attended the University of Leeds.",bengaluru-karnataka,,,
Ajit Mayya,"Ajit Mayya is the Venture Partner of Pentathlon Ventures. He attended the Indian Institute of Technology, Bombay.",saratoga-california,,,
Ajit Prabhu,"Ajit Prabhu is the Co-founder, Chairman & CEO at Quest Global. Ajit attended Rensselaer Polytechnic Institute.",singapore-central-region,,,
AJ Lamba,AJ Lamba is the Founder and Coach of Lamba Coaching and Consulting. He attended Harvard University.,ontario-canada,,,
Ajmaine Al Arafat,"Ajmaine Al Arafat is a Bangladeshi Entrepreneur , Programmer, and web developer. He has already made significant strides in various fields . Since childhood, He had a keen interest in trying new things.

He was born in Kathalia, Jhalokhati 27 August 2008. He brought up kathalia , Jhalokhati and finished tutoring here. At the age of 16, he started his Digital Marketing & Web Development career. Always dream to make something artistic that will retain me in the heart of millions.

He also verified at Spotify, YouTube, Deezer, Amazon Music, IMDB, and much other platforms.

From childhood, he wanted to do something different.

Apart from this, he creates YouTube videos, writes blog posts, records podcasts related to digital marketing to teach others",barisal-bangladesh,early_stage_venture,,
AJ Malhotra,"AJ Malhotra joined Insight in 2014. Previously, he worked at Viacom, specifically for Nickelodeon in their e-commerce department. Prior to that, he worked at a financial media start-up in New Jersey.
AJ received a BBA from the University of Michigan’s Stephen M. Ross School of Business, with concentrations in both finance and entrepreneurship. While in college, AJ ran one of the largest undergraduate investment funds in the country as well as planning the fund’s annual undergraduate pitch competition. In his free time, AJ enjoys following New York and University of Michigan sports, watching indie films, traveling, and live music.",new-york-new-york,"Series B+, Series A","saas-enterprise,fintech,ai-ml,ecommerce-retail,cybersecurity",
AJ McLean,,new-york-new-york,seed,,
AJ Nandi,AJ Nandi is the Co-Founder at Subset.,new-york-new-york,,"ecommerce-retail,edtech",
AJ Nelson,AJ Nelson is the Co-Founder and President of Rain.,san-francisco-california,,,
AJ Okereke,,cambridge-massachusetts,,"saas-enterprise,fintech",
Ajoy Mallik,"Ajoy Mallik joined CFHI's board in 2002 and was the Chairman in 2007 and 2008.  He is currently AVP and Global Head of the VC and Startup ecosystem for the Emerging Business Accelerator for Cognizant Technology Solutions.  At Cognizant, Ajoy is responsible for generating and vetting new ideas and concepts, evangelizing innovation internally as well as externally, and providing new avenues for the company to drive non-linear growth as well as build new businesses.  He is also responsible for streamlining the investment and acquisition strategy as it relates to start-ups and smaller technology companies.  Ajoy holds an M.B.A. in International Business and Information Systems and a Bachelor of Science in Physics from the University of Maryland, College Park.",saratoga-california,,,
AJ Shankar,"AJ Shankar is the CEO and Founder of Everlaw. He attended the University of California, Berkeley.",berkeley-california,,cloud-infrastructure,
Aju Jacob,Aju Jacob is the Jt Managing Director of Synthite. Aju Jacob attended the Ramaiah Institute of Technology.,ernakulam-kerala,,,
AJ Vaynerchuk,AJ Vaynerchuk is a Co-Founder of VaynerSports.,new-york-new-york,seed,,
Akash Agarwal,"Akash Agarwal is a veteran business executive in high technology with over 20 years experience spanning general management, marketing, product development, strategy, and sales. Akash's experience is in the mobile, enterprise and consumer Internet, at both small and large companies. Akash has been an entrepreneur, founding and running several venture-backed Internet startups, and in management at HP (via Mercury acquisition) and Oracle Corporation. He holds an M.B.A. from the Harvard Business School and a B.S. in Computer Science (with honors) from the University of Kent at Canterbury, England.  

Akash is also a Charter Member of TIE (The Indus Entrepreneur TiE).

Education
MBA, Harvard Business School, General Management (1998)
Bsc. Hons. Comp Science, University of Kent at Canterbury, UK (1990)",san-francisco-california,seed,,
Akash Bajwa,,united-kingdom,,fintech,
Akash Chaudhary,Akash Chaudhary is the founder of Filmee Keeda. He attended Indira Gandhi National Open University.,noida-uttar-pradesh,,,
Akash Devkate,,india,"early_stage_venture, seed",,
Akash Garg,"Akash is a highly hard working and proficient e-commerce professional with over 5 years of work experience in E-commerce industry.  Having started his career with Shopclues where he was responsible for Category Growth and International B2C and B2B business; he founded Brand Hawkers in February 2017 with a vision to empower MSMEs and 3P sellers for business growth. He expertise in Business Strategy, PNL Management, Advertising and follows a ROI based approach.",delhi-delhi,private_equity,"saas-enterprise,fintech,data-analytics",
Akash Gaurav,"Akash is a technology innovator, entrepreneur, keynote speaker and is featured among World's Top 100 Blockchain Leaders by Lattice80. He co-founded India’s first blockchain company, Auxesis, during his studies at IIT Bombay. Under Auxesis, Akash also founded Blockchain Lab India and Auxledger Network. Both the initiative attracted success, resulting in aggressive development of Blockchain ecosystem in the country. Auxledger Network currently houses over 62 Million Indian population and supported by over 200 global partners. RISE Global has constantly ranked Auxesis Group among the Top 100 Most Influential Blockchain Company in the World. Additionally, Akash works as a visiting professor at Amity University Dubai and sits in the advisory board of London based FinTech startup Cashaa. Akash has also served in various expert committees formed by the Government to strengthen technology adoption in India.",mumbai-maharashtra,seed,,
Akash Gehani,Akash Gehani is Co-founder at  Instamojo.,bengaluru-karnataka,seed,,
Akash Gupta,,new-york-new-york,,saas-enterprise,
Akash Hegde,"Akash Hegde is the Co-founder and MD of ShakeDeal. An internet entrepreneur and technology product leader, he was recently featured on the Forbes 30 under 30 Asia 2021 list for his contribution to the e-commerce sector. He had briefly enrolled at the Indian Institute of Technology Kharagpur before deciding to pursue a fully funded undergraduate scholarship at the prestigious National University of Singapore. Consistently featured on the Dean’s List, he graduated Summa Cum Laude in Electrical Engineering and won multiple accolades while at NUS. Akash has over 8 years of rich work experience across product management, business operations, and strategy roles. He has played an instrumental role in building world-class products for leading product tech companies in the SaaS and E-Commerce domains. While at Practo, he launched their main product offerings - Doctor Search and Practice Management Software - in international markets such as Singapore, Indonesia, Malaysia, and the Philippines. At Shopee, he was a part of the early product team that launched the e-commerce site and mobile app simultaneously across 7 countries, clocking over $200M+ GMV in 6 months of going live. He is now dedicating his energy towards solving exciting pain points in the B2B procurement and supply chain sector. In his time off-work, he likes reading the Economic Times and dissecting other businesses and their business models.",bengaluru-karnataka,,,
Akash Kamal,"Akash is a first-generation entrepreneur with legal and economic background. He specialises in building communities and creating great digital experiences. His understanding of real-life business circumstances, coupled with utmost dedication to deliver the expected results, makes him a reliable resource for the business fraternity.",new-delhi-delhi,early_stage_venture,,
Akash Kumar,"Software Developer, Graphics and Website Designer",gurgaon-haryana,,,
Akash Mahajan,"Before founding Kloudle, I started Appsecco in 2015. At Appsecco we did security testing of products hosted in public cloud. We tested 100s of apps. Instead of app bugs, infra was misconfigured.

Humans make mistakes. So far most developers are human. Project after project we hacked into customer’s apps due to cloud misconfigs. Training wasn’t the answer. Hence we built Kloudle. 

It answers 3 things. What’s running, what’s wrong, how to fix it. Automatically,  in a loop. 

A CSPM built for devs.",bengaluru-karnataka,,,
Akash Nagar,Unlock your potential. Elevate your career with our business analyst certification training. Gain the skills and knowledge to drive strategic decision-making and reshape the future of businesses. Let's transform your passion for analysis into a powerful tool for success. Join us on this transformative journey today.,,,,
Akash Noatia,"Akash Noatia is an India Entrepreneur who is the founder  & CEO Borok Media, Times Of Millionaire and Flaunt Post. He was born on January 29, 2004 in the Noatia Community.",dharmanagar-tripura,private_equity,,
Akash OP Aurora,Akash is the co-founder of mVakil - Track Court Cases Live.,,"early_stage_venture, private_equity, seed, venture",,
Akash Saxena,"Akash Saxena is an SVP, Head of Technology, Hotstar.",mumbai-maharashtra,,,
Akash Thakur MSVA,"Akash Thakur MSVA is an inspiration for those who are willing to see or make a good change in society whether it's socially, culturally, financially or mentally linked. He is the youngest influencer of India who does Motivational Raps on his YouTube channel, Humanity-A Vision. 
Leadership is his hobby and he is very good in setting examples as he is living his life on his own from 12 years consecutively.",bulandshahr-uttar-pradesh,venture,,
Akbar Ali Shah,"Akbar Ali Shah is the CEO of RB Pakistan Hygiene Home, a subsidiary of British based FMCG MNC RB which owns world renowned brands like Dettol, Lysol, Harpic, Mortein, Veet, Vanish, Durex, Airwick, Finish & many others. He is also on the executive boards of RB Pakistan, Saaf Sehat Mand Pakistan & on the advisory board of Iqra University in Pakistan. He is also part of Middle East North Africa & Pakistan cluster leadership team for RB.

Akbar is a graduate of IBA from the batch of 2002. He started his career with Unilever before moving to RB in 2005. In his career spanning over 18 years, he was responsible for RB business in various other countries including KSA, Middle East, North Africa & Iran where he was part of the leadership team responsible to manage over $1b business.

In Middle East, Akbar worked with Dr. Ishrat Hussain, former governor state bank of Pakistan & dean of IBA, to set up the IBA Middle East Alumni Chapter. Akbar was the founder & the first president of the IBA Alumni based in Dubai.

He is a socially conscious transformational leader who believes in purpose driven business ideas to create a social impact. He believes businesses without purpose & social impact are like bodies without a souls. In Pakistan, he is working on social issues related to Health & Hygiene as well as work place inclusivity. He is avid reader & traveler.",karachi-sindh,,,
Akhil Aryan,Akhil Aryan is the Co-Founder of Altergo. He previously worked at Haptik as a Product and Growth. Akhil Aryan attended the University of Mumbai.,mumbai-maharashtra,,,
Akhil Rapelli,"Rapelli Akhil is a next-generation cybersecurity visionary, entrepreneur, and AI-driven technology leader who has dedicated his career to making the digital world safer for businesses and individuals alike. As the Founder & CEO of SwiftSafe Cybersecurity Solutions and the creator of Prava Ai — a cutting-edge, AI-powered cybersecurity platform — Akhil has been at the forefront of blending artificial intelligence with advanced security strategies to redefine how organizations defend their digital assets.",india,,,
Akhil Saklecha,"Akhil Saklecha focuses on early stage investments with an interest towards medical technology.  As a Partner at Artiman, he has led investments in DMS Networks and Cellmax.

Akhil has over 15 years of experience in medicine and healthcare management. Prior to joining Artiman in 2010, Akhil was Medical Director of a 750 bed hospital's regional transfer program. Prior to that position, he was President and CEO of Canton Aultman Emergency Physicians, a professional services firm that provides physicians, mid-level providers, and coding expertise to multiple hospitals and urgent care centers. 

He was also Chairman of Emergency Medicine at Aultman Hospital, a large trauma, cardiac, and stroke center seeing nearly 90,000 patients annually. In this same time period, Akhil has served at the local, state, and national levels within emergency medicine, healthcare quality, information technology, managed care, and emergency medical services.",san-francisco-california,,,
Akihiko Okamoto,"Akihiko Okamoto is Partner at Headline Asia. He was a Managing Director and Chief Investment Officer at MUFG Innovation Partners Co., Ltd. He attended Kobe University.",japan,"Series B+, Seed, Series A","saas-enterprise,fintech,ai-ml,ecommerce-retail,cybersecurity",
Akihiro Higashi,"Involved in venture investment at GLOBIS Capital Partners since 2012. He served as an outside director at six companies. Major investment achievements include Evry, Creamer, Renovell, Itanji, Hope, Lutrek Networks, Aso View, Lancers and others. It was ranked 7th in Forbes' 2017 Best Investing Investor Best10 in Japan. Japan Venture Capital Association ""Most Valuable Young VC Award"", Japan Venture Award2017 ""Venture Capitalist Encouragement Award"", etc. Prior to that, he set up a platform business at GREE Co., Ltd./invested in a gaming company, and was a subsidiary director at Septeni Holdings. She loves sweets and is in charge of Monthly Suites of W ventures. Recently I am studying ikebana (Ikenobo) and sauna.",minato-chiba,,,
Aki Kakko,Founder Alphanome.AI - AI Research Lab & Venture Studio,,seed,,
Aki Koto,Aki Koto is a Partner at World Innovation Lab (WiL).,san-francisco-california,,,
Aki Kuivalainen,"CEO Aki Kuivalainen has +20yrs experience from healhcare and welfare as substance and from IT/digitalization opportunities point of view. 

By working among disabled persons, child welfare, elderly home care in multi-professional teams added with long career at publicly listed IT-service company gives to Aki an unigue vision and understanding what is to combine people and data.

Aki holds Bachelor of Social services and Master of Business Administrations.",finland,,,
Akim Arhipov,"Akim is an Estonian entrepreneur who has cofounded BASIS ID– all-in-one identity verification (KYC) platform for financial institutions and governmental agencies in Southeast Asia. Akim’s team was participated in creation of electronic ID system and eGovernment portals for Estonian government.

Previously a co-founder of successful companies in IT and transportation sectors – OnniBus.com and SuperBus.com. The first one is the most successful commercial bus operator in Finland: 20 lines, 200+ daily departures, 6+ million passengers served annually.",estonia,,"fintech,edtech",
Akinpelu Olumide,"Akinpelu's journey is just beginning, and the chapters that lie ahead hold the promise of exciting adventures and accomplishments. As he sets his sights on higher education and explores opportunities to contribute to society, Akinpelu Olumide is poised to carry the torch of Ikirun's legacy into the global arena.",,,,
Akin Sawyerr,,washington-dc-metro-area,,,
Akos Kapui,"Akos has a wide range of experience from programming in assembly to building highly scaleable architectures, making him able to oversee the technological progress from designing the architecture, to managing a project team of up to 5 people and delivering in time.

Akos has also won numerous innvation awards for his work, which is reflected in the creativity and new ideas in his everyday work.",budapest-budapest,,,
Akos Maróy,"Ákos Maróy is cofounder of Aero Glass. He previously cofounded EU Edge, an outsourced software development shop, and Scarab Research. He is an active pilot and a member of the Tokyo-based doubleNegatives Architecture group. He is also cofounder of atlatszo.hu, an investigating journalism and citizen empowerment initiative in Hungary.",hungary,seed,,
Akos Piffko,"Akos Piffko is the Co-Founder and Managing Director of FAYNT, AVA & MAY, and Hashtag You. He was the Co-Founder of Natural Mojo before that. Akos graduated from ESCP Business School and The University of Edinburgh.",berlin-berlin,,,
Akriti Chopra,"Akriti Chopra is the vice president of finance and operations at [Zomato](https://www.crunchbase.com/organization/zomato#/entity), an online and mobile restaurant search and discovery service that provides in-depth information for over 1.4 million restaurants in 23 countries. Previously, she served the same company, holding a senior management position in the field of finance and operations.

Prior to joining Zomato, Chopra was an articled assistant at PwC. She is a chartered accountant from The Institute of Chartered Accountants of India, who also holds a Bachelor of Commerce degree from Lady Shri Ram College for Women.",gurgaon-haryana,,,
Akriti Dokania,"Akriti sits within the Future of Industry team at Octopus Ventures and focuses on deep tech businesses within the fields of Artificial Intelligence, Machine Learning software, B2B Enterprise Software, Cyber Security and next generation automation. Akriti is a computer science engineer by background and worked as Product Manager with Windows Security and in the User Experience team at Windows Edge. Prior to this she built a B2B business focused on accounting in the retail space in India. She then moved to London to complete her MBA at the London Business School, during which time she worked at Amazon Alexa.",london-england,,"fintech,media-entertainment",
Aksel Lund Svindal,,united-states,seed,,
Akshant Goyal,"Akshant is the Head of Corporate Development. He likes to eat alone - says he likes to eat his food in peace, and is known to go for long walks alone.",gurgaon-haryana,,,
Akshat Goenka,Akshat Goenka is the Investor at Moonfire Ventures. He attended London Business School from 2020 to 2022.,mumbai-maharashtra,,"fintech,healthcare,media-entertainment,gaming",
Akshat Jain,Akshat Jain is the Co-founder and CTO of Cyware. He attended the University of Hyderabad.,bengaluru-karnataka,,"fintech,edtech",
Akshat Mehta,"A 17 year old student , building a startup named Attired Z",jaipur-rajasthan,seed,,
Akshat Rathee,Akshat Rathee is the Founder of Nova Play. He previously worked at Swabhimaanya as a Cofounder. Akshat Rathee attended École des Ponts Business School.,gurgaon-haryana,"early_stage_venture, seed",,
Akshay Bhargava,"As Chief Product Officer, Akshay is responsible for the product vision, roadmap, and business strategy for Malwarebytes. With nearly 20 years of experience leading product management, engineering, and marketing, Akshay has brought a culture of data-driven decision making and product innovation for continued growth of the organization. Akshay has delivered industry-leading products and defined business strategy for Cloud/SaaS, Cybersecurity, and Systems Management previously at Oracle, FireEye, McKinsey & Company and others.",san-francisco-bay-area-california,,"saas-enterprise,cybersecurity,cloud-infrastructure",
Akshay Bhushan,"Akshay Bhushan serves as a Vice President at Tola Capital. He applies his experiences in software development and data science to identifying and investing in enterprise software companies.

He was previously an Associate at L.E.K. Consulting, a global management-consulting firm with Fortune 500 and private equity clients. During his time at L.E.K., he worked on strategic issues for a range of clients in the software, aviation, and healthcare industries. His primary focus was on investment diligence and growth strategy. He also worked directly with several L.E.K. practices to define their internal data and technology initiatives.

During his undergraduate studies, Mr. Bhushan served as a product manager for Fedcentric Technologies, where he partnered with researchers on the development of new algorithms and products at the U.S. National Cancer Institute.

Mr. Bhushan graduated in 2015 with a B.S. in International Politics from Georgetown University. When he wasn’t studying, he spent his time teaching himself to code.",greater-seattle-area,"Pre-Seed, Seed, Series B+, Series A","saas-enterprise,healthcare",
Akshay Chaturvedi,Akshay Chaturvedi Founder & CEO @ Leverage Edu. He attended Indian School of Business during 2014-2015.,bangalore-karnataka,,"ai-ml,healthcare,edtech,gaming",
Akshay Deo,Akshay Deo is the Co-Founder and CTO of Maxim. He previously worked at Postman as a Head of Importers. Akshay Deo attended Pune Institute of Computer Technology.,pune-maharashtra,,,
Akshay Hunka,Founder and CEO YatraWale | Serial Entrepreneur | Techie | Activist | Berojgaar Sena Pramukh | Member at IncIndia,bhopal-madhya-pradesh,private_equity,,
Akshay Kothari,"Akshay Kothari is the co-founder of Pulse, a mobile application that allows you to read all your favorite content in one place. Pulse began as a class project in the Launchpad class at Stanford University, and has grown to over 30 million users today. It won the coveted Apple Design Award in 2011 and was inducted into the App Store Hall of Fame. Pulse was recently acquired by Linkedin for $90 million.",san-francisco-california,seed,,
Akshay Mehndiratta,"Akshay Mehndiratta is a driven businessman and culinary blogger. He is well recognized for his distinctive method of food blogging, which entails fusing conventional recipes with contemporary methods. Akshay Mehndiratta offers his expertise and experience in the field of food blogging through his blog.",,venture,,
Akshay Mehra,Investor at Hummingbird Ventures. Focused on companies across India and Southeast Asia.,singapore,early_stage_venture,"saas-enterprise,fintech,healthcare",
Akshay Naheta,"Akshay Naheta is based out of Alpharetta, Georgia and is the Co-Chief Executive Officer of Bakkt. Akshay previously worked at SoftBank Group as a Senior Vice President. Akshay Naheta attended the Massachusetts Institute of Technology. Akshay Naheta has been awarded Young Alumni Achievement Award.",alpharetta-georgia,,,
Akshay Narisetti,"Akshay Narisetti (born 28 March 2002) is an Indian entrepreneur, artificial intelligence researcher, roboticist, and software engineer. He gained recognition at a young age for his innovative work in robotics and AI, including developing self-solving Rubik's cube robots and autonomous drones for parcel delivery. In 2024, Narisetti was one of 16 individuals globally selected for the prestigious Augmentation Lab residency, a collaboration between Harvard University and the Massachusetts Institute of Technology (MIT)",india,early_stage_venture,,
Akshay Navle,Akshay Navle is the Chief Executive Officer - Americas at WorldRemit.,new-york-new-york,seed,,
Akshay Pillai,Entrepreneur and investor. Founder and chief editor at Denturecapital.io,toronto-ontario,seed,,
Akshay Sasikumar,"Akshay Sasikumar is the Founder and Managing Partner of 82Advisory. He previously worked at Yoactiv as a Business Advisor. Akshay Sasikumar attended Management Development Institute, Gurgaon.",bengaluru-karnataka,,,
Akshay Saxena,Akshay Saxena is the Co-Founder and Director at Avanti Learning Centres.,new-delhi-delhi,seed,,
Akshay Shah,Akshay Shah is the Co-Founder of Wayout International and Ponea Health and the Group Executive Director at Silafrica. He previously worked as a Board Member at Endeavor Kenya and Simgas Tanzania. Akshay attended Rockford University.,nairobi-nairobi-area,"early_stage_venture, seed",,
Akshay Sharma,Akshay Sharma is a vice president at 3one4 Capital.,,,"saas-enterprise,fintech,ai-ml,ecommerce-retail,cybersecurity",
Akta Raja,"Akta founded Enhabit Ltd, a business delivering low carbon retrofit and newbuild at scale. In 2020, the business merged with the Green Building Store, and Qoda Consulting, after which she exited. 

Akta previously worked at Slaughter and May and HSBC Bank plc, where she worked on large scale corporate M&A and capital raisings.

She focuses on climate tech, health and supporting diverse and mission-driven founders. She is on the investment committee at Clearbrook Capital Partners, an adviser to SCVC and numerous ventures.

She is extremely keen on working with her local community to deliver improvements in health, climate and entrepreneurial growth, and therefore is a NED at The Royal Free London, trustee at The Roya Free Charity, director at Power Up North London and trustee at BLP, an organisation that supports young people, aged between 16 and 30 living in London to become future entrepreneurs and leaders.",london-england,,,
Ak Twiprasa,,agartala-tripura,private_equity,,
Ala Alenazi,"Ala Alenazi is based out of London, England and is the Board of Directors of Strand Therapeutics. Ala previously worked at Tailor Bio as a Tailor Bio. Ala Alenazi attended the University of Cambridge.",london-england,,healthcare,
Alaa Masoud,"Passionate about new ideas that utilize technology for making improvements to humanity and advancing our style of living. Originally an IT engineer, now a businessman managing businesses in IT Services, Mobile Applications, and lately Food Trading. I welcome new thoughts, guidance, and open discussions that will benefit me and my business.",istanbul-istanbul,,,
Alaa Negeda,"Senior Technology Expert with 23 years of experience in different IT and Telecom sectors and. Diligent, forward-thinking and adaptable to dynamic company, customer and project needs. I think, behave and act in an agile innovative consulting manner to drive the organization's digital business strategies. Successful at motivating teams to meet demanding timelines. Experienced with top-notch implementation and project management abilities. Highly organized, methodical, and skilled at building consensus across high-performance teams. Well-versed in Cloud Services, Software Development, Infrastructure and Digital transformation. Hardworking technical engineer gifted at performing specification and design reviews to ensure client expectations will be exceeded. Engaging and personable with the ability to monitor work quality, manage key milestones and deliver exemplary customer service. Self-motivated, innovative and solutions-oriented management professional committed to project management. Dedicated team player skilled at mediation and conflict resolution.
Comprehensive knowledge of Health IT and digital transformation in Healthcare Industry with a great experience in all Health and security regulations like HIPAA, GDPR, FISMA, NIST, SOC, ISO
Strong robotic capabilities to automate every single task in Health Centers. No more human errors or mistakes, no more paperwork or physical archiving. no more scanning IDs, Driver licenses or insurance cards. The entire operation is digital, and the entire team works smoothly with robots in very productive environment
Broad knowledge of advanced billing techniques, CBT Codes, Medical Insurances and how to make technology solve the common problems in these areas and provide no reason for returns
Experience planning, directing, and coordinating large-scale IT projects with systems design and development methodologies, including requirements analysis, feasibility studies, software design, programming, pilot testing, installation, evaluation and operational management.
Good Experience with FedRAMP, NIST. COMAR, FAR, DFAR, HIPPA, FCC, FISMA.
PMP, CSM, ITIL V4, UiPath, MCSA, MCSE, CCNA, TOGAF 9.2 
Good knowledge of business ecosystems, SaaS, infrastructure as a service (IaaS), platform as a service(PaaS), APIs, microservices, event-driven IT and predictive analytics
Solid Experience in designing and implementing infrastructure and application hardening methodologies (Servers, Storage, Network, Datastores, Endpoints, Users) including least privileges, firewalls policies, access control, IPS.
Solid Experience in designing, implementing and managing global network architecture (Cloud/Collaboration, SaaS, ERP, CRM) Solutions.",silver-spring-maryland,,,
Al Adil Ashrafi Saikat,"Al Adil Ashrafi Saikat is a NSDA level 03 certified digital marketer with more than 5 years of experience in SEO, social media marketing, online advertising, and e-commerce solutions.",dhaka-dhaka,"private_equity, seed",,
Alaina Hartley,Alaina Hartley is the Principal at Greycroft.,santa-monica-california,,saas-enterprise,
Alain Bankier,"Alain Bankier is an Operating Partner to the Management Company. Mr. Bankier is a serial entrepreneur and an active early stage investor, with over 20 years of experience investing in early stage and start-up companies. Until late 2013, Mr. Bankier was Co-President and chief executive officer of The Manischewitz Company. In 2002, Mr. Bankier co-founded the Saveur Food Group (“SFG”) to create, acquire and build branded food companies and in 2008 Manischewitz was merged with SFG. In the mid 90’s, Mr. Bankier was the co-founder of a leading New York based angel investment group, which was the precursor of the New York Angels. As a leading member of the New York Angels, Mr. Bankier invests in a wide variety of technology, media and content companies, as well as companies in France and Israel. Mr. Bankier is a board member and advisor to a variety of companies and has been instrumental in achieving exit opportunities for several of these business. Combining his operating experience and his knowledge of the technology startup world, Mr. Bankier has focused on investment opportunities which leverage technology and data to disrupt, or add efficiencies, to traditional media and manufacturing industries. Before being involved as the chief executive officer of operating companies, Mr. Bankier was a founder of an international boutique investment bank, which he sold to BNP Paribas and where he remained as the head of mergers and acquisitions-corporate finance North America for over 10 years. Mr. Bankier has a has a BA in psychology from the University of Pennsylvania, a BS in economics from The Wharton School and an MBA from New York University and from HEC, Paris.",new-york-new-york,seed,agtech-food,
Alain Caffi,"Alain CAFFI founded Ventech in 1998 and is a General Partner, driving investments in Enabled Services. He brings to the team a long experience in private equity, in particular in the organisation of syndications, corporate governance, crisis management, and the organisation of mergers, sales and initial public offerings. Alain sits on the boards of Augure, Webedia, Viadeo, Believe, Nemoptic, Curse, Eyeka and WomanJournal. 

After he started as operational at Accor, Alain was involved in 1986 in the launch of the private equity activities of NATIXIS Group. In a few years, FinanciÃ¨re St Dominique (now known as Natixis Private Equity) imposed itself as one of France's leading private equity firms. Alain Caffi has experience in all aspects of private equity (venture capital, development, buy-out and turnaround), acquired during several economic cycles. 

Alain Caffi holds a Master of Sciences from the University of Kansas, Lawrence (USA). He is also a C.P.A. (Chartered Public Accountant).",paris-ile-de-france,,,
Alain Chuard,Alain Chuard is the Founder and President at Prisma. Alain attended Stanford University Graduate School of Business.,palo-alto-california,,,
Alain Dargham,"Alain is co-founder and Managing Partner of DAA Capital Partners SA. He holds over 17 years’ experience in investment banking and private equity. Alain has considerable management experience and has a strong track record in launching, managing and overseeing investments in technology, financial services and logistic real estate.",zurich-switzerland,,,
Alain D. Baron,"Alain Baron was named President and CEO of Elcelyx Therapeutics in 2010. Prior to Elcelyx, Dr. Baron was an Entrepreneur-in-Residence and a member of the Life Science Team at Morgenthaler Ventures, a position he has held since 2008.

Prior to joining Morgenthaler, he was Senior Vice President of Research at Amylin Pharmaceuticals where he served in senior roles in R&D since 1999. Previously, Dr. Baron worked at Indiana University School of Medicine in Indianapolis, where he served as Professor of Medicine and Director, Division of Endocrinology and Metabolism. He has also held faculty positions in the Division of endocrinology and Metabolism at University of California, San Diego, and the Veterans Administration Medical Center in San Diego. He is the recipient of several prestigious awards for his research in diabetes and vascular disease, including the 1996 Outstanding Clinical Investigator Award from the American Federation for Medical Research. He is also a past National Institutes of Health MERIT award recipient. Dr. Baron is co-editor of the Ellenberg & Rifkin Textbook of Diabetes, has authored over 100 original publications and is an inventor on more than 20 patents.

Dr Baron graduated from McGill University, Canada (B.S. in Biology with honors) and the Medical College of Georgia Augusta (MD). Postdoctoral studies were completed at the University of California, San Diego.",san-diego-california,,,
Alain Dumenil,"Ranked among the wealthiest people in France, Alain Duménil is today one of those bosses with an amazing career path, capable of bouncing back, and reinventing himself, driven by an incredible instinct that has always guided his life. From banker to philanthropist, the portrait of a businessman like no other.
A multifaceted Franco-Swiss businessman

An adventurer in finance, now living in Switzerland, Alain Duménil, born in Neuilly-sur-Seine in 1949, has had several career paths. His exciting career in a variety of eclectic sectors attests to the personality of this businessman, a true jack of all trades who never stops taking up new challenges. Duménil knows that nothing is ever permanent. He is not afraid to innovate, and he is not afraid to be daring. His career has been marked by acquisitions and sales in a wide range of incredibly diverse business sectors. Even if not all of his businesses have always been successful, they show how Duménil is able to bounce back and reappear, but not always where you expect him to be.!

The businessman who has no equal when it comes to buying up failing companies to resell them at a high price a few years later also knows how to be discreet, if not very secretive. Proof of this is that few people know this Swiss businessman with a track record marked by good intuitions, who today ranks among the wealthiest in France, with assets estimated at one billion euros.
Promising beginnings in Finance
At the end of his training at HEC, young Alain took over the management of the brokerage company from his father, who had just passed away. At the time, the financial markets were more like the ""Far-West"" and a few brilliant intuitions or genius ideas were enough to make money. This is what Duménil did by setting up a trading room, and playing on bonds.

Quickly transformed into a merchant bank called DUMÉNIL-LEBLÉ, the establishment was listed on the stock exchange and saw its turnover rise dramatically. A visionary, Duménil later sold his shares to CÉRUS, a financial holding company subsidiary of Carlo de Benedetti's group, just before the October 1987 crash.
With ACANTHE DEVELOPPEMENT immersion in high-end real estate
In 1991, during the real estate crisis, Duménil decided to create ACANTHE DEVELOPPEMENT, of which he became Chairman and main shareholder. He, therefore, surfed on the ruins left by the bad deals made by certain developers, and at the lowest possible cost, built up a real financial empire.

ACANTHE DEVELOPPEMENT is a real estate company specialized in buying mainly office buildings (they represent about 62% of the company's real estate stock), but also, commercial premises (25%), hotel residences and residential properties (13%). ACANTHE DEVELOPPEMENT owns a real estate portfolio located mainly in the Central Business District and the historic centre of Paris. This quality portfolio generates both high and regular profitability in a sector with strong demand.

Since 2005, ACANTHE DEVELOPPEMENT had opted for the shift to high-end real estate by refocusing its activity on the rental of luxury offices in the heart of the capital, thus gradually abandoning the activity dedicated to housing.
Discovering the world of Haute-Couture

A new turn was taken the next decade with the acquisition of distressed luxury companies. Sometimes it's only a step from real estate to podiums! At the beginning of the 2000s, Alain Duménil entered the ""intermediate"" luxury sector. Fashion, which was not a priori his profession, and in his DNA proved to be a pleasure. Realizing his interest in offering women between the ages of 40 and 50 a median offer between Dior and Zara, he created the ALLIANCE DESIGNERS group in 2002.

The goal of ALLIANCE DESIGNERS was to buy out small companies with a rich past that needed to be revisited, thereby giving them a future. Through ALLIANCE DESIGNERS, he took over the men's label Francesco Smalto in 2000, and then in 2006 the luxury shoe brand René Mancini, who created the famous Chanel Bicolore shoe, as well as other models seen on the feet of many Hollywood stars. We can also mention other jewels of Haute-Couture such as Jean-Louis Scherrer, Jacques Fath, Louis Féraud, Stéphane Kélian or the jeweller Poiray... who fell into the lap of ALLIANCE DESIGNERS.
A successful take-off in aeronautics
Insatiable, this businessman with an atypical profile is also interested in the industrial sector, since in the early 2000s he founded the AD INDUSTRIE group, a key player in the field of aeronautical subcontracting. This very high technology group specialized in mechanical, hydraulic and composite engineering is today a real reference in the aerospace sector, for the Defence, Energy, medical, and automotive industries. The Group employs more than 1,500 people spread over a dozen industrial sites in France, Morocco, and Tunisia.
In February 2004, the Commercial Court of Montpellier appointed the Alain Duménil financial group as the buyer of the airline AIR LITTORAL, which was subject to a judicial settlement, and had a fleet of about ten aircrafts. 
Another facet of the businessman: A philanthropist with a passion for culture
Successively leading several professional lives, whether successful or not, is not enough to overcome the devouring energy of this businessman who is active on all fronts. The man who cultivates solid political friendships on all sides, always appears where you don't expect him. A culture-lover, we find him again in the early 2000s with a new hat, that of a publisher and a novelist.
At the head of a publishing house
Duménil is an exceptional boss, no doubt about it! In 2003, he took over Editions de L'HERNE, an independent publishing house created in the early 1960s in Paris. This atypical company is located in rue Mazarine. It puts forward monographs, studies devoted to texts or figures unknown in literature, marginalized or on the contrary excessively celebrated.
Duménil the writer-novelist
Passionate about literature, the businessman decided to unveil his gift for writing by publishing his first novel in 2006 ""La fête Royale"" (Plon).

""La Fête Royale"" is a story, an essay that reads like a novel. Through a fictionalized historical biography, the author stages the mysterious and fascinating life of Nicolas Fouquet, superintendent of finance at the time of Mazarin. He paints a skilful portrait of this financial genius, known for always going too far. The Franco-Swiss businessman took a close interest in this man of both light and shadow, after acquiring a tapestry once commissioned by Fouquet at a sale in Vaux-le-Vicomte. The work plunges the reader in the heart of Baroque France where we find the Squirrel, Colbert and Louis XIV.

The literary adventure continues in 2009 with the release of Duménil's second novel ""Parfum d'Empire - La vie extraordinaire de François Coty"" (Plon). This fictionalized biography recounts the life of François Coty (1874-1934), nicknamed the ""Napoleon of Perfumery"", from his greatness to his decadence. This perfumer, a millionaire businessman who was the richest man in France loved adventure, grandeur, and stone before he died ruined. 

Surfing on his literary successes, Duménil delivers in 2012 his third novel, ""15 rue Bassano"" (Fayard) which tells a love story during the Occupation in Paris in this very street where the headquarter of his group is located.
Duménil, Founder of a Literary Prize


In 2007, with a passion for literature, he created the ""Prix Duménil"" which rewards every year in June the work of a French author published between the beginning of January and the end of April. This distinction is accompanied with a sum of 60 000 € which makes it the best awarded literary prize in France. Some of the winners included Philippe Sollers for ""L'Eclaircie"" in 2007, Jérôme Garcin for ""Son excellence Monsieur mon ami"" in 2008 and ""Un très grand amour"" by Franz-Olivier Giesbert in 2010, among others.
Unlike other businessmen who regularly appear in the newspapers, the introverted Duménil does not try to be in the headlines every week, and knows how to remain discreet when he dons the philanthropist's outfit.",paris-ile-de-france,private_equity,,
Alain Falys,Alain Falys is the Founder and Partner of Firestartr and the Co-Founder of Namastay and Qori. He is also a Venture Partner at Fabric Ventures. He earned his bachelor's degree at Middlesex University and NEOMA Business School.,pontresina-graubunden,seed,,
Alain Fontaine,Alain Fontaine is the Co-Founder and CEO at Doctena.,luxembourg,seed,,
Alain Garner,Alain Garner is the Product Director New Innovation at Comtech.Alain Garner attended University of Kent.,united-kingdom,,,
Alain Garnier,,paris-ile-de-france,seed,,
Alain Gavin,,london-england,,"saas-enterprise,fintech,ai-ml,iot-hardware,cloud-infrastructure",
Alain Hanash,"Alain Hanash is a technologist and serial Internet entrepreneur who launched his first company Multicity in 1999. This company was first to introduce instant-language translation in real-time communication tools (chat, IM, etc) and its primary goal was to built a large decentralized online community built around email, chat & auctions. 

His area of focus is online communities, social networking and semantic web.

Alain is an avid kitesurfer and his other hobbies include chess and painting.",london-england,seed,,
Alain Harrus,Alain Harrus is Chairman Of The Board at Kateeva. He attended Executive Education / Stanford Graduate School of Business.,san-francisco-california,,,
Alain Huriez,,france,,healthcare,
Alain Ilhe,"Alain is a multi-contractor, designer including Sidexa SA, Taesa and Auto Club SA sold 2004 group ADP - Automatic Data Processing (Roseland - New Jersey). He is currently co-chair of Investessor (first Business Angels network in France), President of Sibessor 2 (Investment Fund Business Angels Investessor), founding manager of West Fair (Desktop Support anchored in the West) . Alain is also Professor at HEC Entrepreneurs (Enterprise Development) and a member of the SIA (Society of Automotive Engineers).",paris-ile-de-france,,,
Alain le Loux MSc. MBA,"General Partner @ Cottonwood Technology Fund. Venture Capitalist investing in high-tech companies in Northern Europe.

Startup advisor since 2002; coached more than 250 startups.

Keynote speaker about startups, entrepreneurship & disruptive technology.",enschede-overijssel,"seed, early_stage_venture","iot-hardware,robotics-automation,aerospace-defense,construction-industrial,deeptech",
Alain Mandy,Alain Mandy is the Managing Director & Chief Operating Officer Funds at Wellington Management. He Attended Université catholique de Louvain.,london-england,seed,,
Alain Mevellec,"Alain Mevellec is one of the founders of the french startup Easybill, editor of the invoicing service MyFacture.

Previously, he worked 10 years in marketing and advertising. In 2004, he co-founded Cleargay, a gay dating website, sold to the Meetic Group in 2007.",la-rochelle-poitou-charentes,seed,,
Alain Nicod,Alain Nicod is the Co-Founder and Managing Partner of VI Partners. He previously worked at CeQur as a Board Member. Alain  attended INSEAD.,saint-prex-vaud,,,
Alain Raynaud,"Alain Raynaud the founder of Foundrs.com. He also is the organizer of the Startup Conference and the director of the Founder Institute Paris.

He previously co-founded EVE-USA and was their Technical Director, in San Jose.

Alain Raynaud started his career in high-tech as a freelance journalist in the late 80s working for French magazines such as MacWorld.",san-francisco-california,,"saas-enterprise,iot-hardware",
Alain Rodermann,,luxembourg-luxembourg,early_stage_venture,"ai-ml,aerospace-defense",
Al-Ameen Gbolahan Olamilekan,"Early Life and Family Background

Gbolahan Olamilekan was born on 18 May 2007 in Ikirun, Osun State, Nigeria, into the family of Mr. and Mrs. Aminu, natives of Erin, Osun State. Though the family resided in Ikirun, they maintained strong cultural roots in their hometown.

From childhood, Gbolahan’s parents believed strongly in hard work, education, and self-reliance. They often reminded him that combining schooling with practical skills could help him achieve his dreams. With this belief, they encouraged him to learn Graphic Art and Design alongside his studies.

While he gained valuable creative skills through handwork, Gbolahan later discovered that hand skills alone would not fully align with his dream of financial freedom and global impact. He realized that true success required more than a trade — it required a business system and a platform for growth.

This turning point in his life led him to embrace Network Marketing, a system that allowed him not only to earn but also to build, lead, and empower others. He later extended this vision into founding FHG Business, which became the foundation for his entrepreneurial journey.

Education

Gbolahan’s academic journey began at God’s Grace Nursery and Primary School before he moved to Shining Light Nursery and Primary School, where he completed his primary education.

He advanced to Ikeoluwa International School, graduating from Junior Secondary School (JSS), and later attended Onaolapo Memorial High School, Ikirun, where he completed his Senior Secondary School (SSS).

Though his educational journey came with financial challenges, those very challenges sharpened his determination to succeed and fueled his passion for entrepreneurship.

Career and Freelance Journey

During his school years, Gbolahan was introduced to Network Marketing through Neolife, where he began learning the principles of sales, leadership, and business building. This exposure ignited his entrepreneurial spirit, giving him a taste of financial independence while still in school.

At the same time, he explored the digital world and quickly mastered the art of freelancing. He built his profile on multiple international platforms, including:

Fiverr

Upwork

PeoplePerHour

Workana

Latium

Over the years, he has handled projects across:

Digital Marketing – Google Knowledge Panel, TikTok & Instagram promotions, online brand visibility.

Reputation Management – Google review addition/removal, IMDb & Wikipedia page creation, Crunchbase profiles.

Programming & Tech Projects – solving technical challenges for global clients.

Through freelancing, Gbolahan became a recognized digital marketing expert, successfully managing clients and projects worldwide.

FHG Business – The 2-in-1 Transformation Platform

Beyond freelancing, Gbolahan is the visionary behind FHG Business, a unique business model described as 2-in-1 because it combines:

Network Marketing (Business Building) – where individuals learn how to build financial independence through leadership, duplication, and team growth.

Digital Entrepreneurship (Online Services) – offering modern solutions like digital marketing, branding, and online presence building.

Why Not Only Handwork?

While handwork like graphic design is useful, Gbolahan believes it has limits when it comes to achieving financial freedom. A person can only work for the hours they put in, but Network Marketing and Digital Business create systems that grow even beyond one’s personal effort.

Handwork may give skills, but Network Marketing and FHG Business provide vision, leverage, and financial multiplication. This is why Gbolahan chose to build FHG Business—a platform not just to earn money, but to build a life of leadership, empowerment, and legacy.

The Power of Network Marketing and FHG Business

It helps individuals develop communication, leadership, and entrepreneurship skills.

It creates a community of business builders who support one another.

It offers opportunities to earn income while learning real-world business principles.

It transforms ordinary people into leaders capable of building lasting businesses.

FHG Business today represents a movement—helping students, freelancers, and young professionals shift from job seekers to business builders, empowering them with the tools to succeed both online and offline.

Personal Life

Outside business and freelancing, Gbolahan is passionate about personal development, mentorship, and youth empowerment. He enjoys reading motivational books, networking with ambitious individuals, and inspiring others to unlock their potential.

He also lives by the principle that discipline, consistency, and smart work are the keys to success.

Achievements and Vision

Successfully built a freelancing career as a teenager with global reach.

Completed hundreds of digital projects on multiple platforms.

Founded FHG Business, a transformative 2-in-1 business model.

Mentored individuals in Network Marketing and Digital Entrepreneurship.

Developed expertise in online branding and reputation management.

Looking forward, Gbolahan envisions FHG Business becoming a global enterprise, empowering thousands of people worldwide to achieve financial independence, business leadership, and personal growth.",nigeria,venture,,
Al- amin,"Hi there ! As a digital marketer, my role is to develop and execute effective strategies to help businesses achieve their marketing goals in the digital realm.  I am a a highly skilled and experienced digital marketer with a passion for helping businesses thrive in the online world. 

In addition to their technical expertise, i am excels in communication and collaboration. They have a proven track record of building strong relationships with clients, understanding their unique goals and challenges, and tailoring marketing strategies accordingly. They are skilled in translating complex concepts into clear and compelling messages that resonate with target audiences, driving engagement and brand loyalty.",dhaka-dhaka,"private_equity, secondary_market",,
Alamin Sarker,"Hello There, I'm a dedicated and full-time professional freelancer on Fiverr. I have over the last 5 years of experience in B2B Lead Generation, Prospect Listing, Email List Building, Business e-commerce Leads, and WordPress data Entry. So, If you want to build a list of high-quality services in your targeted market don't hesitate to contact me. thank you Alamin",bogra-rajshahi,private_equity,,
Alana Goyal,"Alana started base case while working as a product manager at samsara out of a burning desire to spend more time with earlier-stage founders. During college, she worked at Greylock, General Catalyst's Rough Draft Ventures, and Sequoia's scout program.","San Francisco, California","Seed, Series A","saas-enterprise,ai-ml",
Alan Albert,,vancouver-british-columbia,seed,,
Alan Berkson,"Alan Berkson is a technology pioneer, entrepreneur, angel investor, and startup adviser. He was an  early employee at Freshworks, a SaaS company focused on business software, where has had multiple roles including Director of Community Outreach, building the analyst relations program, and now Director of Thought Leadership. As the first employee hired outside of India, Alan has been a key member of the leadership team helping grow Freshworks from startup to a global public company. Prior to Freshworks he spent over 2 decades in the IT world doing development, service management, and as a pioneer in the Managed Service Provider (MSP) space.  



Alan considers himself to be the leading edge of ""digital natives"" and wrote early on about the impact of pervasive communications on businesses and society. As an adviser to Starlight Runner Entertainment, pioneers of transmedia production techniques for the entertainment industry, he adapted their cutting edge transmedia storytelling techniques to develop corporate narrative as a framework to help businesses tell better stories and deal with the challenges of pervasive communications and pervasive media. 



Alan made an impact in the gaming and storytelling space as editor of the groundbreaking and influential GATEWAYS MAGAZINE. He continues to explore the future of storytelling as co-host of the COSMIC STREETCORNER podcast where he and Jeff Gomez cover the intersection of technology and entertainment, Alan is also a sought-after adviser for global startups looking to raise awareness and tell their story.",new-york-new-york,,,
Alan Braverman,Alan Braverman is a Founder & CEO at Textline. He attended University of Illinois Urbana-Champaign.,san-francisco-california,seed,"saas-enterprise,ai-ml,ecommerce-retail,iot-hardware,gaming",
Alan Brenner,"Alan Brenner's extensive experience building secure global platforms and enterprise-grade products and services makes him uniquely qualified to extend Mocana's lead in the exploding enterprise smart device security market. Brenner will report to Mocana CEO Adrian Turner and lead Mocana's product and engineering development efforts.

Most recently Brenner was senior vice president, BlackBerry Platform Services at RIM, responsible for the development and delivery of RIM's end-to-end services platform. During his tenure, those platforms included BlackBerry Messenger (BBM), BlackBerry Enterprise Software (BES), BlackBerry Internet Software (BIS) and BlackBerry App World among others. Previously, Brenner was a senior vice president at Sun Microsystems, responsible for the J2ME Java Mobile Enterprise Platform, Java Card, Open Office and other Sun software businesses.",great-ayton-redcar-and-cleveland,,,
Alan Burak,"Alan Burak is the Founder - Partner at Never Alone Capital. Alan Burak attended Ibeoamerican University, Complutense University of Madrid.",new-york-new-york,,,
Alan Cabello,Alan Cabello is the Co-Founder and CEO of Sparkademy. He attended École Polytechnique Fédérale de Lausanne.,zürich-zurich,"early_stage_venture, seed",,
Alan Chan,,hong-kong-hong-kong-island,seed,"saas-enterprise,fintech,agtech-food",
Alan Chiu,"Alan Chiu is the CEO of Enya.ai, the only edge-optimized confidential computing API for generating insights from sensitive data while ensuring privacy and reducing data liability. Alan also serves on the Stanford Graduate School of Business Alumni Board, and volunteers as Co-President of Stanford Angels and Entrepreneurs, a Stanford alumni club with over 1,800 members active in the startup ecosystem.",palo-alto-california,,,
Alan Cohen,,,seed,"saas-enterprise,ai-ml,cybersecurity",
Alan Colmenares,Alan Colmenares is the Co-Founder and CEO at Zwapp.,bogotá-distrito-especial,,,
Alan Donenfeld,"Alan Donenfeld has over 25 years of experience investing in, advising and financing companies. He founded Paragon Capital in 2005 and invests growth capital in small cap public companies.  For over 10 years, Mr. Donenfeld has been  President of Bristol Investment Group, Inc., an SEC-registered broker-dealer and member of FINRA. Prior to establishing Bristol and its related entities in 1990, Mr. Donenfeld was a Vice President in the Mergers and Acquisitions Group at Bear, Stearns & Co. Inc. in New York from 1987 to 1990, where he participated in numerous acquisitions, investments, valuations, fairness opinions and exclusive sale representations. Prior to working at Bear Stearns, Mr. Donenfeld was an Assistant Vice President in the Mergers and Acquisitions Group at E.F. Hutton, a predecessor of Lehman Bros., from 1985 to 1987. Prior to joining E.F. Hutton, Mr. Donenfeld helped establish Quadrex Securities Corporation, where he assisted in raising a leveraged buyout fund. Mr. Donenfeld started his career at SG Cowen and then at J. Henry Schroder Bank. Mr. Donenfeld graduated with Honors from Tufts University in 1979 with a B.A. in Economics and received his M.B.A. from the Fuqua School of Business at Duke University in 1981, where he was a member of the Investment Policy Committee.",new-york-new-york,,,
Alan Farcas,Co-Founder at Nazca Venture.,santiago-region-metropolitana,seed,"fintech,agtech-food,edtech",
Alan Feld,"Alan Feld is the Founder and Managing Partner of Vintage Investment Partners. Vintage Investment Partners is Israel’s leading venture fund of funds, secondary fund and late stage co-investment team. The firm today manages $3 billion through 13 funds and a managed account.  Vintage tracks over 500 venture funds and more than  8,500 private technology companies.

Prior to founding Vintage in 2002, Alan Feld was a general partner at Israel Seed Partners and at Vertex Ventures. Prior to Vertex, Alan was the Managing Director of Evergreen Capital Markets/Robertson Stephens Israel. Before moving to Israel in 1994, Alan was at Goodman’s (Toronto), one of Canada’s leading corporate law firms.

Alan is the Founding Chairman of the PowerInDiversityIsrael Initiative (www.powerindiversityisrael.com), focused on bringing more women and minorities into the Israeli high tech industry. He was also Founding Chairman of StartUp Jerusalem, a non-profit organization run by Israeli and Palestinian businesspeople helping to foster job growth in Jerusalem. He served as Chairman of the Steering Committee of the Be’eri project, an initiative of the Hartman Institute, and is also a former board member of the Israel Democracy Institute and the Jewish Funders Network (US). Alan also served as Associate Chairman of the Canadian Jewish Congress, President of the North American Jewish Students Network and a board member of the Canada Israel Committee and Kolot (Jerusalem), a pluralistic adult Jewish education program.

Alan received an MBA from York University in Toronto, an L.L.B. from Osgoode Hall Law School in Toronto and a B.A. in Commerce and Finance from the University of Toronto.",israel,,iot-hardware,
Alan Glennon,,san-francisco-california,"early_stage_venture, seed",,
Alani Kuye,"Alani Kuye is a global technology executive with decades of experiences across defense, logistics, Web3, and Decentralized computing industries, with a focus on rapid application development, change management, and rapid GTM strategy execution. He co-founded a few companies including PDSI (acquired by Hitachi Data Systems), and Phlatbed (CLOSED, exited in 2011). He also helped launch multiple web3 and cryptocurrency projects, including multiple exchange listings, and advisory roles. He has authored multiple papers on web3 validator governance frameworks, scaling ecosystems, strategy execution, financial inclusion, and decentralized protocol growth strategies. Some projects Alani has contributed to include Harvest, Akash Network, Stellar, Rabble Labs, Pistachio finance.",united-states,"early_stage_venture, seed, venture",,
Alan Jones,"Alan Jones is a mentor and entrepreneur-in-residence with many of Australia's tech startup accelerators, specialising in strategy for product development and marketing.Alan draws on hands-on experience founding and co-founding web and mobile startups, as well as senior management experience in larger companies including Yahoo!, News Digital Media and Microsoft. At Yahoo! he was Product Director, South Asia for Yahoo! Inc.

Alan advises and invests in early-stage startups directly and through Startmate and Pollenizer Ventures. His investments include ChromaSun, BugHerd, Grabble (acquired by WalMart in 2011), ScriptRock, Flightfox, Spreets (acquired by Yahoo7 in 2011), OtherLevels and NinjaBlocks.
Alan is a co-founder of digital agency The New Agency, Editor-in-Chief of FromLittleThings.co, is a mentor for Startmate, and is the Social Media and Web Director for TEDxSydney.",sydney-new-south-wales,"seed, convertible_note, early_stage_venture","ai-ml,cybersecurity,hr-future-of-work,aerospace-defense",
Alan Kelley,Alan Kelley is the Managing Director at SJF Ventures.,san-anselmo-california,,,
Alan Levine,"Alan Levine is an experienced and successful leader, organization developer and entrepreneur. His track record includes co-founding ICOM Communications Inc., and developing it into one of North America’s leading information and marketing companies. Before founding ICOM, he spent his early career at Procter & Gamble, and then worked as a senior manager in the telecommunications industry. Alan conceived and led a major fundraising campaign, exceeding its target by 100%, and managed an $8 million construction project on time and on budget. In addition, Alan was elected to an unprecedented second term as chairman of the board for Canada’s largest marketing trade association.

Alan is an expert in clarifying vision, mission, markets and strategy; coaching and mentoring individual leaders; and developing leadership teams to achieve a shared vision. He has a history of implementing disciplined planning, management and organization development approaches. Alan is experienced in sales, marketing, operations, HR, IT and finance, and has developed and implemented complex technical projects. He also has significant experience positioning organizations for investment or sale. 

Alan’s achievements have been recognized in many ways, including:

Lifetime Achievement Award, Canadian Marketing Association, 2005
Best 50 Privately Managed Companies: Arthur Anderson, 1998, 1999 & 2000
Entrepreneur of the Year: Ernst and Young, 1998",toronto-ontario,seed,,
Alan Levy,Alan Levy is the CEO and Founder of Skywire Networks. He attended Boston University Questrom School of Business.,new-york-new-york,seed,,
Alan Lotvin,"Alan Lotvin currently works as a Member Board of Directors for the n-Lorem Foundation. He previously worked at CVS Health as a President, CVS Caremark, and Executive Vice President, CVS Health. Alan Lotvin attended Columbia University Graduate School of Arts and Sciences.",boston-massachusetts,,,
Alan Louie,"Alan has a deep interest in the future of education and learning. 

Prior to Catalyzor he worked at Google managing special projects such as strategic deal development and negotiation, internal cross-functional trouble shooting and managing tricky partners. 

He helped guide Google.org during its formation and made its initial set of grants. Prior to Google he played early roles in sales and business development at startups (at the time) Netscape, Infoseek, Shutterfly and Network Computing Devices, all of which went public, and Kontiki, which was acquired by Verisign. 

In prior lives he was a science researcher and software engineer working on high speed parallel computing, radio astronomy and high energy physics at NASA/Jet Propulsion Lab and the California Institute of Technology; a software analyst for advanced aeronautics at Lockheed for Cray Research; and a systems engineer at Sun Microsystems. 

Alan has a B.A. in Physics from Occidental College.",palo-alto-california,seed,"ai-ml,edtech,gaming,social-community",
Alan Lysne,"Alan Lysne has been a co-founder, CEO, CTO, and COO of a number of technology businesses, and has been working with startups for well over a decade.

Previously, Alan was the CEO of a Canadian venture-backed mobile company that was acquired by Grapple Mobile, an award winning design and development company based out of London. After the acquisition, he served as COO and led the Toronto office.

Prior to that, Alan was co-founder and CTO of Davinci Technologies, one of the first web based bill presentment companies with a global customer base of mobile operators. Davinci was acquired by CSG Systems (now Comverse Technology) where Alan served as an Executive Director and led a global team of over 80 people based in the U.S., Canada, France, India and China.

Alan started his career as a consultant with Accenture, and holds an undergraduate degree in Electrical Engineering from Queen’s University.",toronto-ontario,,,
Alan Mamedi,"Alan Mamedi is the co-founder and CEO of Truecaller. Prior to co-founding Truecaller, Alan co-founded Möbeljakt.se and Jobbigt.se. He also founded Bidding.se in 2006. Mamedi holds a B.Sc. in computer science from The Royal Institute of Technology in Stockholm Sweden.",stockholm-stockholms-lan,,,
Alan Matthew,"Alan Matthew is an Active Angel Investor, investing in over 24 companies in the past year and a half. He has been a member of the Chicago Board of Trade since 1977 and the Chicago Council on Global Affairs for over 30yrs.

As a published photographer in the New York Times, Alan has explored over 85 countries in his life and has been a Shamanic Healer for over 17yrs. His company, Tribal Ventures, LLC invests in a vast array of companies and their core values lie within investing in the people of the company, not just the idea. This has been proven to be very successful for him and Tribal thus far.",chicago-illinois,seed,,
Alan McGlade,"Alan McGlade is a co-Founder of Funding Wonder, Inc. and manages its wholly owned company, seriesOne, LLC. seriesOne.com is a regulatory compliant crowdfunding portal that enables businesses to raise money through securitized ICOs, as well as traditional equity and debt securities.

Mr. McGlade was a founder and Managing Director of Digital Entertainment Ventures (DEV). Mr. McGlade has over two decades of experience in taking companies from early conceptual stage to significant market player in television, and digital media with an emphasis on music.

For the nine years previous to DEV, Mr. McGlade was the Chief Executive and a member of the Board of Directors of MediaNet. The Company was formed with three of the major record companies combining as the majority owner, to respond to the sudden explosion in music downloading. MediaNet powered music and media delivery in five territories in the US and Europe for many of the best known names in the business including AOL, Yahoo, HMV, Virgin, Samsung, Tesco, MTV, Microsoft's Zune and Google.

Prior to running MediaNet, Mr. McGlade worked at MTV Networks. He joined the company after selling them the interactive music video channel, Video Jukebox Network (The Box), where he served as CEO for five years. The Box was a cable music video channel but its unique feature was the ability of the audience to influence the programming by selecting, for a fee, the video that would play next.

Prior to his tenure at The Box, Mr. McGlade was the president of StarNet, which provided targeted cable marketing using a national satellite delivery system tied to smart devices at cable systems. Before that McGlade was the founder and president of Adlink, the largest cable advertising interconnect in the country.

Throughout his career Mr. McGlade has been a presenter and contributor to major news publications.  His commentaries have appeared in Billboard, Forbes and Multichannel News, among others, and he has appeared on CNBC, CNN Business and PBS.",miami-florida,,,
Alan Meaney,Alan Meaney is the CEO and co-founder at Fund Recs. he previously worked as a Co-founder at Task Messenger.,dublin-dublin,seed,,
Alan Meckler,,new-york-new-york,seed,,
Alan Michael Ibrahim,"As President of STYLARC, Alan Michael Ibrahim directly oversees architectural design of all of the firm’s projects. In keeping with STYLARC's philosophy of integrated design, he typically plays a supporting role on interiors projects, offering experience and technical expertise to the team.

A talented Architect with extensive experience in designing, detailing and coordinating with multi disciplinary teams in commercial construction while executing a variety of complex and complicated projects. Having managed and been involved in a diverse range of projects throughout the U.S., Alan Michael Ibrahim offers a complete set of skills for all levels of project development, design and construction and He is ready to assist you in producing creative, quality and cost effective building designs. Excellent working knowledge of computers, highly proficient in the current versions of Revit and Auto CAD software and able to effectively and efficiently produce two and three dimensional drawings, designs and construction documents.

LEED certification with extensive knowledge and experience in sustainable building design and construction. Artistic and creative ability to create professional quality computer renderings, documents and animations using a variety of 3D and 4D software platform in conjunction with Photoshop.
Solid organizational, planning and problem-solving skills.A broad scope of construction management experience.

Exceptional interpersonal skills essential to effectively work with clients, consultants and contractors throughout all phases of the design and construction process. Proficiency at effectively managing and scheduling team members to effectively meet the financial demands and goals set forth for each project by the firm.  Excellent communication skills. Extensive knowledge and understanding of Architectural and Engineering building codes. Ability to delegate tasks through clear and concise communication to junior team members.

Specialties: Architectural Design, Development and Construction, LEED certified Environmental Design, Eco Friendly materials and systems, Cost effective design, 3D Modeling, Architectural Rendering, 2D drafting, Expertise in Revit, Autocad, Professional Artistic Photography, Digital Image Manipulation, Aviation, International Travel.",,,,
Alanna Avalone,"Alanna Avalone is a businesswoman with a degree in architecture, real estate and finance. She have founded and operates several businesses in Florida. She is based in Miami.",miami-florida,,,
Alanna Gregory,Alanna Gregory is a Sr. Director and Global Head of Engagement at Afterpay.,new-york-new-york,,"ecommerce-retail,iot-hardware",
Alan Nicolas,"Alan Nicolas é um especialista em inteligência artificial (IA) generativa aplicada a negócios e fundador da Academia Lendár[IA], uma startup de educação e inovação que já conta com mais de 5.000 alunos. Ele é reconhecido por democratizar o acesso ao conhecimento avançado em IA, capacitando seus alunos a criarem empresas que podem faturar centenas de milhares de reais em poucos meses. Alan também é conhecido por difundir o conceito de ""segundo cérebro"" com IA no Brasil e tem um histórico empresarial com faturamento superior a 200 milhões de reais. Seu trabalho foca em preparar empresas e profissionais para um mundo pós-AGI (inteligência artificial geral), aproveitando oportunidades e mitigando riscos da IA.",santa-catarina-brazil,seed,,
Alan Nieto,COO of CentralMayoreo.com.,monterrey-nuevo-leon,seed,,
Alan Patricof,"In 2006, he founded Greycroft Partners to invest in leading early and expansion stage investments in digital media. Greycroft currently has $2B+ under management. He has helped build and foster the growth of major global companies, including America Online, Office Depot, Cadence Systems, Cellular Communications, Inc., Apple Computer, FORE Systems, NTL, IntraLinks, Audible, Axios, and Wondery.",new-york-new-york,"Pre-Seed, Seed, Series A","saas-enterprise,fintech,ai-ml,ecommerce-retail,healthcare",
Alan Poensgen,"Alan brings extensive experience in building and scaling technology businesses. He was previously MD and Co-Founder at Westwing, a home & living e-commerce company, and one of Europe’s few e-commerce IPOs of the past years. Before Westwing, he built the software development hub at Rocket Internet, and was CEO of a SEA e-commerce company, along with working for a VC and starting his own company in Spain.",berlin-germany,Pre-Seed,"saas-enterprise,fintech,ai-ml,ecommerce-retail,cybersecurity",
Alan Ram,"Alan Ram, President and Founder of Alan Ram’s Proactive Training Solutions, is recognized by most as the best in the automotive industry at increasing individual, as well as dealership, productivity through effective utilization of the telephone, Internet, and client base management. He has worked, and continues to work, with tens of thousands of salespeople, managers, business development and Internet staff from coast to coast as well as internationally. Alan has worked with several manufacturers over the years and his training has been a staple of Chrysler’s certification program at over 2300 dealerships nationwide.

He is an original partner on NADA University. His workshop, “Five Simple Strategies to Sell More Cars Now,” was the number one attended session at the 2012 NADA convention. Alan combines his sharp sense of humor along with a real world approach to convey a strong tactical set of processes that are easy to implement. Alan served proudly in the United States Marine Corps prior to beginning his career in the automotive industry. He currently resides in Scottsdale, Arizona.",phoenix-arizona,seed,,
Alan Renfroe,"Alan Renfroe is national director for Direct to Consumer Insurance at McGriff. His primary responsibility is the growth and expansion of McGriff's direct to consumer business, including digital distribution, product development, and go-to-market strategy. Alan brings over 12 years of insurance industry experience to his role, having previously served as the Digital Strategy Officer for McGriff. He earned his bachelor’s degree from Auburn University and holds the Chartered Property & Casualty Underwriter designation.",charlotte-north-carolina,,,
Alan Rhode,"Hi! I’m Alan Rhode, CFP®, CPWA®, CEPA®, RLP®, the Founder and CEO of Modern. Wealth.

Modern Wealth is an independent fiduciary providing fee-only financial planning and business advisory services for business owners looking to exit within 10 years.

I believe that for our clients to live their best lives, we must align the Personal, Financial, and Business aspects of their lives. Once aligned, our clients can live a complete life full of purpose, passion, and excitement.

We do this by seamlessly integrating Financial Planning, Wealth Management, Value Acceleration, Exit Planning, and Life Planning into a tailored process for every client called EVOKE®.

I've accumulated over a decade of expertise as an active member of several professional institutions like the CFP Board, The Investment and Wealth Institute, The Exit Planning Institute, and the Kinder Institute of Life Planning. I’ve guided countless individuals, families, and businesses to their financial goals during my time at prestigious firms such as Merrill Lynch, Morgan Stanley, and United Capital. My thoughts and insights have been shared and recognized in prominent publications and platforms like The New York Times, MarketWatch, Markets Insider, ABC, NBC, and Fox Business.

I’m a proud Penn State University graduate with a Bachelor of Science degree in Finance. I’ve also completed my CFP education from the American College of Financial Services, the Certified Private Wealth Advisor® from Yale School of Management, the CEPA® credential from the Exit Planning Institute, and the Registered Life Planner designation from the Kinder Institute of Life Planning.

When I’m not helping people optimize their wealth or exit their business, you can find me auto-cross racing, enjoying Philadelphia sports, working out, relaxing on the beach, savoring a rare bourbon or a full-bodied Cabernet, or, most importantly, cherishing moments with my family and friends—they’re my world.",oreland-pennsylvania,,,
Alan Safahi,"Alan Safahi is a serial entrepreneur with 30+ years of experience in the information technology, telecommunications and FinTech segments. Throughout his career Safahi has successfully founded and managed numerous high technology start-ups and has created disruptive innovations in the prepaid card, payment processing, blockchain technologies and global remittances. Alan is Founder of ZED Network Inc., a payments orchestration platform in 200+ countries with a single API integration.",san-francisco-california,seed,,
Alan Schoenbaum,"Alan Schoenbaum is the General Counsel at Rev.com, Inc. He attended The University of Texas School of Law.",austin-texas,seed,,
Alan Sharp-Paul,Alan Sharp-Paul is a former CEO and Co-founder of UpGuard,hobart-tasmania,seed,,
Alan Shusterman,,san-francisco-california,seed,,
Alan S. Knitowski,"Alan is a successful serial entrepreneur with multiple exits over a 15 year period to companies including Cisco Systems (NASDAQ: CSCO), Level 3 Communications (NASDAQ: LVLT) and Internet Security Systems (now NYSE: IBM). He is a 2014 Finalist for the Ernst and Young Entrepreneur Of The Year Award for Central Texas and has been a Founder, Executive, Angel Investor and Fund Manager throughout his career in the private sector after serving in the United States Army as an Airborne, Air Assault and Ranger qualified Captain in the Corps of Engineers. 

He has also created and managed companies that have won both regional and national awards for growth, including the # 36 ranking on the 2014 Forbes list of America’s Most Promising Companies, the # 1 ranking on the ABJ Fast50 list of the 50 Fastest Growing Companies in Central Texas, the # 40 ranking on the 2013 Inc. list of the 500 Fastest Growing Companies in the United States, the # 4 ranking on the 2013 Inc. list of the 500 Fastest Growing Software Companies in the United States, the # 2 ranking on the 2008 Deloitte list of the Technology Fast 50 in Orange County and the # 21 ranking on the 2008 Deloitte list of the Technology Fast 500 in North America. As a mobile and multiscreen industry expert, Alan is frequently quoted in trade publications, serves as a panelist at industry events and writes for the Wall Street Journal’s Accelerators Blog.

Previously, Alan was President of Alternative Investments for Curo Capital LLC and Managing Director for Trymetris Capital Management LLC. In the past, he was a Co-Founder and Director of Telverse Communications, a next-generation advanced services ASP focused on wholesale communications services for carriers and service providers, which was acquired in July 2003 by Level 3 Communications. Before this time, Alan was Director of Marketing for the Voice Technology Group at Cisco Systems and was responsible for business, market and community development, including business planning and strategy for Cisco’s global packet communications initiatives. 

In November 2000, Alan joined Cisco as part of the Vovida Networks acquisition, where he served as Co-Founder, President and Chief Executive Officer and led the company from idea conception through its eventual acquisition by Cisco. Alan holds an MSIE degree from the Georgia Institute of Technology, an MBA degree from the University of California at Berkeley and a BSIE degree from The U. He lives in Austin, Texas, with his wife Kelly and their four children and serves on the President’s Council at the University of Miami (FL).",austin-texas,seed,,
Alan Sokol,"Alan Sokol is based out of Coral Gables, Florida and is the Founder and Chief Executive Officer of Hemisphere Media Group. Alan Sokol attended Stanford University.",coral-gables-florida,,,
Alan Spoon,"Alan Spoon is a General Partner at Polaris and has been part of their team since 1996 as an early advisor and initial investor.  Alan focuses on investments in information technology, with emphasis on revenue-stage companies, digital media, and e-commerce. 

Alan brings more than 20 years of operating, strategy, and investment experience to Polaris. He came to the firm from The Washington Post Company, where he worked for 18 years. 

During his career with The Post Company, he served as President, board member, Chief Financial Officer, President of Newsweek, head of newspaper marketing, and head of corporate business development. The Post Company has significant activities in newspapers, educational markets (Kaplan), television, cable, and magazines. 

At The Post Company, Alan also was responsible for early stage technology investments in cellular (Cellular One and digital PCS), distance learning and educational software, and information and e-commerce services (including Washingtonpost.com, Exchange.com, Junglee, BrassRing, Cars.com, and  WebTV). 

Prior to The Washington Post, Alan was an officer at The Boston Consulting Group, an international management consulting firm specializing in corporate strategy. 

Alan represents Polaris as a director of Art.com, Ice.com/Diamond.com, LegalZoom, LRN, Phreesia, Silicon Optix, Inc.,  The HealthCentral Network, and AWS Convergence Technologies, Inc. (Weatherbug).  Alan was a long-serving director of TechTarget, Inc. (TTGT, NASDAQ).  

He led Polarisâ€™ investment in Matrics, Inc. (RFID) which was sold to Symbol Technologies. Alan also served as director at Cushcraft Corporation (wireless antennae), which was sold to Laird Technologies.

Current outside Board seats include Danaher Corporation (DHR)  and IAC/InterActive Corp (IACI).  In his not-for-profit activities, Alan is a member of the Smithsonian Institution Board of Regents, the Massachusetts Institute of Technology's Corporation, and The Council on Foreign Relations. 

Alan's prior business board service included ARPU, Getty Images, Human Genome Sciences, Inc., International Data Group (IDG), and American Management Systems, Inc.  Prior not-for-profit board service included WETA (Washington, DC public television and radio) and the Norwood School (Bethesda, MD), where Alan served as chairman.

Alan earned his B.S. at Massachusetts Institute of Technology, an M.S. at M.I.T.'s Sloan School of Management, and a J.D., with honors, from Harvard Law School.",boston-massachusetts,,,
Alan Stern,"Alan Stern is the co-author of of the recently released “Chasing New Horizons, Inside the Epic First Mission to Pluto,” and also an engineer and planetary scientist, who has held executive roles at NASA and who leads New Horizons, NASA's mission to the Pluto system and the Kuiper Belt. He has served as a consultant to private space exploration projects, including Jeff Bezos’ Blue Origin and Richard Branson’s Virgin Galactic, and he is a co-founder of Worldview Enterprises, which has raised $42 million to provide an accessible, affordable way to access near-space with high-altitude balloons. 
",boulder-colorado,seed,,
Alan Taetle,Alan Taetle is the General Partner of  Noro-Moseley Partners. He attended Harvard Business School.,atlanta-georgia,,,
Alan Vaksman,"Alan is the Founding partner of Launchbay Capital. He is also Director at a number of fintech startups including YesGrowth and SteadyPay

Alan has over 20 years’ experience in the financial sector, having held senior roles at international banks and leading consulting companies in South Africa and Europe including PWC, KPMG, Goldman Sachs and First National Bank. He has lived and worked in numerous countries around the world, and this experience has made Alan a passionate advocate for immigrant-led businesses.

Alan is also a successful startup co-founder. Alan has built and exited Factorin, a blockchain trade finance platform digitizing processes across buyers, sellers, and banks and Aximetria, a Swiss crypto financial services provider. His experience also includes investing in Monday (IPO), Lemonade (IPO), Market Kurly, Carta, Relativity Space and others.

Alan has an economics and psychology bachelor’s degree, a postgraduate law degree from the University of the Witwatersrand, South Africa and an MBA degree from NYU Stern School of business (USA), LSE (UK), HSE (France) under TRIUM eMBA program.",london-england,,,
Alan Walts,,boston-massachusetts,,,
Alan Warms,"Warms founded Participate Capital in 2016 and has played key roles in acquiring, investing in, and founding more than 10 small businesses over the last 20 years. Recent investments include Yidio, Hydro Flask (exited; sold to Helen of Troy:NASDAQ: HELE), Shiftgig, Direct Commerce Group (owner of Officedesigns.com), Big Blue Swim School, EatStreet, Rewards21, and PushSpring.

Alan also founded BuzzTracker.com and associated technologies and sold to Yahoo! in September 2007 where he subsequently ran Yahoo! News, Technology and Education; was investor in and publisher of RealClearPolitics from 2005-2007; founded Participate Systems in 1994 and sold to Outstart (now part of IBM) in 2004. Alan has an MBA from the J.L.Kellogg School of Management at Northwestern University and a B.S. in Electrical Engineering from Rensselaer Polytechnic Institute.",chicago-illinois,seed,,
Alan White,Alan White is the Founder and Data Enthusiast at C3 Alliance. Alan White attended The Wharton School.,new-york-new-york,seed,,
Alan Wizemann,,portland-oregon,seed,,
Alap Shah,"Alap Shah is a Co-Founder and Chairman of the Board at Sentieo. He is currently Managing Partner at Digital Investments and Co-Founder of Thistle.

Mr. Shah is a former Analyst at Citadel LLC, Viking Global Investors, and Castanea Partners.

Alap received a bachelor of arts in Economics at Harvard University.",san-francisco-california,,,
Alasdair Greig,"Alasdair joined Northstar Ventures in 2006 and is a Director with overall responsibility for the Accelerator Fund.  One of his key areas of focus is on new deals in the technology sector, particularly in IT, telecoms and games development.  Recent investments include Polybox, Zerolight and Newcells.

Prior to Northstar Ventures, Alasdair spent four years with The Cambridge Gateway Fund, an early stage technology and life sciences fund, based in Cambridge, UK

Contact: alasdair@northstarventures.co.uk",newcastle-upon-tyne-newcastle-upon-tyne,,"saas-enterprise,hr-future-of-work",
Alasdair McPherson,Alasdair McPherson is an Investor of Craigie Capital.,london-england,seed,,
Alasdair Munn,"
After studying economics and business administration, I swapped out journalism to study industrial psychology and industrial sociology as I was interested in the human side of work, and I found journalism at that time in Southern African to be stifling. I was at University in South Africa at a time when the focus was about how to integrate different cultures into the workplace. As a white Zimbabwean from a publishing family, Zimbabwe had gone through this already allowing me an active perspective on it. In hindsight I am very grateful for not only having studied this, but having been there at that particular time in history to watch and be a part of a transition. There have since been many transitions around the world, and many crucial ones still have to be undertaken around authentic diversity foundation blocks, equal rights and human rights. Along with these, we are also in a transition of how we are as actively thoughtful about how humans and machines learn to collaborate with one another and choice of industrial psychology and industrial sociology continues to benefit me even more so today.

Specialties: AI; behavioural science, communication intelligence (#CQ) Branded content, VR, Gamification, Film, TV, Digital Content, integrated marketing, multicultural perspectives, process development, mentoring, start-ups, disruptive technologies, social media, publishing, content marketing, consumer markets, e-commerce, mobile content, sustainable approaches, crowdsourcing, e-learning, USA, Europe, Africa

Activism: anything to do with Africa, in particular Zimbabwe; mentoring youths who need a second/third chance; conservation; health; mental health; equal pay and rights.

Hobbies: reading; speaking engagements; hiking; cricket; tennis; writing; travel; music.


",london-england,seed,,
Alasdair Thong,Alasdair Thong is the Founding Partner of Selvedge Venture. He previously worked at Luminous Ventures as a Venture Partner. Alasdair Thong attended the University of Cambridge.,london-england,"late_stage_venture, early_stage_venture",healthcare,
Alasdair Trotter,"Alasdair is a Partner at Innosight where he specializes in innovation strategy & incubation within the healthcare, finance & technology industries. He works with senior level teams of Fortune 500 companies, helping clients identify high potential growth opportunities, develop new business models & launch new growth ventures. After joining Innosight in 2006, Alasdair moved to Singapore to help launch Innosight Ventures, where he focused on the investment and incubation of a portfolio of startups. In 2008, Alasdair founded Guaranteach, a startup focused on creating disruptive instructional solutions for the education market. Alasdair raised seed funding from Innosight Ventures and subsequent rounds of funding from The Bill & Melinda Gates Foundation and the New Schools Venture Fund. Alasdair led Guaranteach as Chief Operating Officer from 2008 until 2011, when it was acquired by Sophia Learning.

Prior to joining Innosight, Alasdair lived and worked in a variety of countries around the world including the United Kingdom, Singapore, Zimbabwe and the United States. In the US, Alasdair was a Business Manager with Capital One where he managed marketing strategy and led innovation efforts for one of Capital One’s domestic credit card businesses.

Alasdair is a frequent speaker and lecturer on the subject of innovation & entrepreneurship, and has taught a variety of classes at Stanford’s d:school, the NYU Stern MBA program and at Dartmouth’s MBA program. He is also a judge for the annual Dell Social Innovation Competition.

Alasdair has a Masters degree in Physics from the University of Oxford and an MBA with Distinction from the Tuck School of Business at Dartmouth, where he was elected an Edward Tuck scholar.",greater-los-angeles-area,,,
Alasdair Whyte,"Alasdair is a financial journalist and co-founcer of Specialist Insight - a digital media and event company. He specialises in aviation and high value value assets and is editor-in-chief of Corporate Jet Investor, Helicopter Investor and Superyacht Investor. Alasdair has moderated and chaired conferences in more than 20 different countries. ",london-england,,,
Alastair Lukies,"Alastair Lukies is based out of London, England, and is the Founder and CEO of Pollinate and also the Chief Engagement Officer of Endava. Alastair previously worked at Monitise as Founder and Co-CEO Plc.",london-england,,,
Alastair Paterson,Alastair Paterson is the Founder and Chief Executive Officer of Harmonic Security. He previously worked at Digital Shadows as a Chief Executive Officer (CEO). Alastair Paterson attended the University of Bristol.,san-francisco-california,,,
Alastair Westgarth,Alastair Westgarth is the current Chief Operating Officer of Xeal. He previously worked at Starship Technologies as a Chief Executive Officer. Alastair Westgarth attended Queen's University.,palo-alto-california,,,
Alayzain Rizavi,Zain Rizavi is a Co-founder & CEO at Stealth. He has done his Bachelor of Science (B.S.) in Political Science from the University of Utah.,salt-lake-city-utah,,"saas-enterprise,fintech,cybersecurity,cloud-infrastructure",
Alban Denoyel,"Alban is a 32-year-old French entrepreneur. He is the 3D Capture at Epic Games. Alban was the Co-Founder and CEO of Sketchfab - the #1 platform to publish and explore 3D content online and in VR.

Prior to Sketchfab, he launched a low cost web agency, and worked for 4 years in the 2D world of photojournalists. He loves making things (usually with wood or in 3D). He graduated from ESSEC Business School (Paris, France).",new-york-new-york,,,
Alban Oudin,Alban Oudin is the Co-Founder & Venture Partner of Resonance. He previously worked at XAnge as a Principal. Alban Oudin attended the ESSEC Business School.,paris-ile-de-france,,"saas-enterprise,fintech",
Alban Wyniecki,"Alban is head of Idinvest Growth Fund.

Before joining Idinvest in November 2016, Alban spent two years at Partech Ventures, where he sourced and executed investments in Europe and the US (Alban was notably board member at Brandwatch and M-Files). Before that, Alban worked at Dassault Systèmes where, from 2008 to 2014 he successively led the CATIA Strategy team and then the 3DS Group Corporate Strategy team. Here he managed the 3DS technical partners' portfolio, the 3DS group and the brand's corporate planning efforts, closing over 10 M&A deals. 

Alban started his career with various Engineering & Research consulting positions at Salomon, EADS and Geonumeric. Alban also co-created some mobile apps and regularly lectures on entrepreneurship at the HEC business school.

Alban holds a Master's Degree in Computer Science from the Ecole Normale Supérieure de Cachan (France) and is an alumnus of HEC Entrepreneurs (France).",paris-ile-de-france,late_stage_venture,,
Alben D Souza,"A final-year student pursuing a dual degree in Economics (M.Sc.) and Computer Science (B.E.) from BITS Pilani, Goa Campus, who received Branch Transfer by securing outstanding CGPA in the first year (~ Top 5 dual degree students in the University). 

I founded a startup in my second year called StuPaid, which aimed to be a neobank for students by being the first access to credit for a student to build a credit history. We were establishing a creditworthiness on the basis of transactions which were fetched from bank account spends via Account aggregator. It failed as I realised I chose the worst possible market for a neobank where the ATVs are very low as it was a student market, which ultimately lead me to shutting it down.

Then I joined as an Investment Analyst at Titan Capital to explore multiple different problem statemnts and find what I truly enjoy. I amplified deal evaluations and cultivated a network instrumental in sourcing diverse investment opportunities. My tenure at Samsung as an Assistant Engineer boosted my technical prowess, enhancing prototype outputs and energy efficiency in AI computing. 
Beyond my core competencies in Python, financial modelling, and data analysis, I actively follow financial markets and the startup ecosystem, monitoring the newest trends and technologies. As a swing trader and investor, I've nurtured an acute financial acumen, with personal investments yielding annual returns of over 50% in 3 years. This hands-on experience in market dynamics and risk management complements my formal education and bolsters my aspirations to start my own business.",bangalore-karnataka,,,
Albert Armengol,Albert Armengol took up his MBA at Esade.,barcelona-catalonia,seed,"fintech,healthcare",
Albert Azout,Albert Azout is a Co-Founder and Managing Partner of Level Ventures as well as a Partner of Cota Capital and a Managing Director in Cota Ventures II. Albert has a B.A. in Finance and Economics from Babson College.,san-francisco-california,seed,,
Albert Bielinko,Albert Bielinko is the current General Partner of Titanium Ventures. He previously worked at CP2 Limited as an Investment Manager. Albert Bielinko attended Australian Institute of Company Directors.,sydney-new-south-wales,,"saas-enterprise,fintech,edtech,hr-future-of-work",
Albert Cheng,"Albert joined Eight Roads in 2005 and leads investment opportunities in the consumer sector in China with a focus on technology, FinTech and FinServ. Albert has over 12 years of investment banking experience focused mainly on the Greater China region and was one of the pioneers in developing China’s “B” share market.",hong-kong-hong-kong-island,"Pre-Seed, Seed","saas-enterprise,fintech",
Albert Chu,"Mr. Chu serves as board member, product marketing advisor and equity investor for startups in financial technology and cryptocurrency, IoT and wearable smart toys, and mobile apps. He is active in angel investment opportunities and mentoring early-stage projects and social entrepreneurs.",menlo-park-california,,,
Albert Colmenero,Albert Colmenero is a co-founder and COO at Kompyte.,austin-texas,seed,,
"Albert Cyprys New York, NY","Albert Cyprys can often be found cruising the five boroughs of New York City, scouring the streets in search of his next big skateboarding adventure. Albert Cyprys New York, NY has developed an intimate knowledge of New York City and its many neighborhoods through skateboarding, and continues to enjoy the sport as an opportunity to avoid traffic and easily traverse the city. 

Albert Cyprys loves to go bicycling. He loves that it is challenging and helps him burn calories. He goes bicycling to stay in shape but also to clear his head. He enjoys bicycling on country roads and also in the city and likes to do it alone or with other cyclists. He encourages anyone trying to get into shape to consider doing so while bicycling. It offers a great workout and plenty of scenery to prevent you from getting bored while you do it.",brooklyn-new-york,,,
Albert Feliu,Albert Feliu Pociello is a Co-Founder at PlayCom. He Attended EADA Business School.,madrid-madrid,seed,,
Albert Hansen,Albert Hansen is the President at ClearLight Biotechnologies. He attended Princeton University.,henderson-nevada,,,
Albert Ho,Albert Ho is the Lead Product Manager of Chime. Albert Ho attended Y Combinator.,boston-massachusetts,,saas-enterprise,
Albert Lai,"Albert Lai is co-founder & CEO at Big Viking Games, his 6th startup to date. Most recently he was co-founder and president at Kontagent, a Facebook-funded viral analytics platform venture.

Albert sold his first internet company, the MyDesktop Network while in his teens to JupiterMedia (JUPM) for 7 digits in cash. He was also the founder/CEO of BubbleShare, a photo-sharing company sold to Kaboose (KAB)/Disney in 2007.

In his spare time, Albert [_blogs_](http://simplyalbert.blogspot.com) about disruptive simplicity and other random thoughts.",toronto-ontario,seed,,
Albert Lee,Albert Lee is the Managing Director at Crescent Capital Group. He attended The Wharton School.,los-angeles-california,seed,"saas-enterprise,fintech,ecommerce-retail,healthcare,consumer-lifestyle",
Albert Marashi,,south-australia-australia,"early_stage_venture, seed",,
Albert Millis,"VR thought-leader. Twitter wizard. Business genius. Bertie is Virtual Umbrella's COO. Responsible for project delivery. client acquisition. business proposals. and VR masterclasses. He's at his happiest introducing people to VR for the first time and testing out the shiniest. newest tech there is. 

As COO of the company, he has worked on immersive technology projects with clients like Nokia, AT&T, OMD, Leo Burnett, Kaleidoscope VR, Mintel, Merge VR, Ruder Finn, Imperial War Museum, BBC, BBC Worldwide, Breaking Fourth, FCB Inferno, Psytec Games, and more.

From supporting national tours of experiences like Unrest VR to helping bring huge domes filled with the very best interactive and VR tech to Edinburgh’s iconic George Street, he’s on a non-stop mission to excite audiences and businesses with the potential of immersive content.

When he’s not client-side, he’s leading virtual reality workshops and talks across the world, including at prestigious industry events like VR Connects, Kaleidoscope London, and Develop:VR.

In 2017, he was selected as one of the 10 foremost immersive technology experts as part of the BIMA Immersive Technologies Think Tank, designed to inspire, provoke and educate the wider BIMA membership on the power of immersive technologies.

As a member of the BAFTA VR subcommittee, and a curator/consultant for a range of immersive technology exhibitions (e.g. Sheffield Doc Fest, FuturePlay, VRUK: VR Studio), Bertie’s work also allows him to take a prominent role in the development of up-and-coming industry talent, using his expertise to help highlight some of the country’s most exciting new VR content.

Outside of Virtual Umbrella, Bertie is the co-founder of #HelloFounder, an online resource and support network for entrepreneurs. He has also been featured on the Yogscast Jingle Jam fundraiser for the past two years, being part of a team that raised $2.6 Million (2016) and 5.2 Million (2017) for charity.",brighton-east-sussex,,,
Alberto Adorini,"Alberto Adorini is based out of Milan, Lombardy and is the CEO and Co-Founder of Brainyware. Alberto previously worked at Polytechnic of Milan as a Lecturer. Alberto Adorini attended UCLA Anderson School of Management.",milan-lombardia,,,
Alberto Arenaza,"I am the co-founder of Transcend Network, the most global network of founders building the future of learning and work. We have supported 180 founders from 40 countries, who have gone on to raise $160M after joining the Transcend Fellowship. I'm also the General Partner at Transcend Fund, where we are first-check investors in global founders building the future of learning and work. I was a part of the Inaugural class at Minerva Schools, which took me on a journey through 6 different countries where I spent my time exploring projects in venture capital and startups, economic development and education.",Spain,"Pre-Seed, Seed",edtech,
Alberto Benbunan,Alberto Benbunan is the Founder at Gelt. He attended Harvard University in 2016.,madrid-spain,seed,,
Alberto Betella,"Entrepreneur, Tech Executive | Co-founder at RSS.com",barcelona-catalonia,"early_stage_venture, seed",,
Alberto DeJesus,Alberto DeJesus is the CEO of DeJesus Industries. He attended Boston University.,new-york-new-york,,,
Alberto Esteban Verra,"Soy contador y licenciado en Economía, con más de 40 años de experiencia en liderar proyectos corporativos.",,private_equity,,
Alberto Garuccio,"Alberto Garuccio is based out of Turin, Piedmont and is the Co-Founder of Aroundrs. Alberto previously worked at Intesa Sanpaolo as a Head of Innovation Discovery and Intesa Sanpaolo Innovation Centre. Alberto Garuccio attended the University of Turin.",turin-piemonte,"crowdfunding, seed",,
Alberto Giusti,,,seed,,
Alberto Gomez,"Alberto is co-founder and Managing Partner of Adara Ventures, a European venture capital firm managing over US$ 130 million in capital, dedicated to investments in technology companies targeting the Digital Enterprise. Adara focuses on companies that use capital efficiently and that target global opportunities, seeking to develop products and validate their offering in Europe, in order to then globalize rapidly, often accelerating and exiting in Silicon Valley.

Alberto is most active in sectors such as data analytics, cybersecurity, and cloud services & infrastructure, working with entrepreneurs from the early to the growth stage of a company and helping with positioning, strategy, and organizational development. He is passionate about company building and likes to work towards large outcomes.

Prior to launching Adara, Alberto was Managing Director of Telefonica’s Venture Capital unit. He has also been an investment banker with Merrill Lynch and Morgan Stanley, and a consultant at McKinsey & Company, and Booz, Allen & Hamilton.

Alberto has a Bachelor of Science degree in Electrical Engineering from M.I.T. and an MBA from Harvard Business School.",madrid-madrid,"Series B+, Seed, Series A","saas-enterprise,ai-ml,cybersecurity,cloud-infrastructure,data-analytics",
Alberto Hospital Marco,Alberto Hospital Marco; COO & CoFounder @íkualo. Former @Lanzadera. Co-Founder at Levels Up Ventures. Former CEO @Freightol. Alberto Hospital Marco attended Pompeu Fabra University.,barcelona-catalonia,"early_stage_venture, seed",,
Alberto Ibargüen,"Alberto Ibargüen is the President  and Chief Executive Officer of the John  S. and James L. Knight Foundation, a private, independent foundation dedicated to the promotion of quality journalism, advancing media innovation and the arts.

Before joining the Foundation in 2005, Ibargüen served in various positions at Knight-Ridder, Inc. from 1995 to 2005, as Chairman & Publisher of The Miami Herald (1998) and as Vice President of International Operations, The Miami Herald and Publisher of El Nuevo Herald. Ibargüen serves on the boards of directors of AMR Corporation and PepsiCo, Inc.

Ibarguen brings to the Board extensive experience, expertise and background with regard to media, journalism, and financial matters gained from his current position as the President and Chief Executive Officer of the John S. and James L. Knight Foundation and from his service in various positions at Knight- Ridder, Inc., in addition to his service on the Audit Committees of PepsiCo, Inc. and AMR Corporation. He also brings public company board experience gained from his service on the boards of directors of PepsiCo, Inc. and AMR Corporation.",miami-florida,seed,,
Alberto Moriondo,"Alberto is an entrepreneur and senior executive with 25+ years of strategy, marketing and business development experience across a number of industries and technologies. Mobile industry pioneer, with over 15 years connecting brands and consumers through mobile devices and interactive marketing programs. Proven leader and strategic thinker who builds strong, collaborative teams that attract A-players. Angel investor and advisor to technology start-ups with a focus on mobile, cloud and digital.",chicago-illinois,seed,"saas-enterprise,ecommerce-retail,cloud-infrastructure",
Alberto Nasciuti,CEO @KPI6.com,milan-lombardia,,,
Alberto Onetti,Alberto Onetti is Chairman at Mind the Bridge.,san-francisco-california,,,
Alberto Osio,Alberto Osio Hernández-Pons is a Founding Member of Angel Ventures Mexico.,san-diego-california,seed,"fintech,ecommerce-retail,agtech-food",
Albert Osiemo,"Entrepreneur, Digital Investor, On-page SEO Professional, Industrial & Textile Engineer, Private sector/ Government Relations Consultant, Father, Husband",,early_stage_venture,,
Alberto Statti,Alberto Statti is the CEO at Alberto Statti. Alberto Statti attended Leeds Infants.,york-york,crowdfunding,,
Alberto Vidiella Suárez,"Alberto Vidiella, experto en tecnología, diseñador y audio-visual con más de 10 años de experiencia, ha trabajado en publicidad y en el cine Norte Americano con proyectos de Disney, Marvel, Warner Bros, entre otros. 

Viviendo en Estados Unidos vio una necesidad en el comportamiento de las personas para mantenerse al día en tecnología y fue así que tuvo la vision de una nueva forma de comprar e informarse; es por eso que decidió crear 5Phants. 

Alberto es el pilar de la empresa, el fundador y quién formula el propósito, la visión y la misión de la compañía. Conecta el negocio con el mercado, es el que tiene la última palabra en cuanto a presupuestos e inversiones y dirige las estrategias de la empresa en función de los objetivos marcados por esta.",madrid-madrid,,,
Alberto Yepez,"Alberto Yépez is the co-founder and managing director of Forgepoint Capital and a managing director of Trident Capital. He joined the firm in 2008. He is an experienced investor and serial entrepreneur, actively investing in IT security, enterprise software, and mobility.

Alberto is Chairman of the Board of AlienVault, Mocana, and Neohapsis, serves on the boards of AirTight Networks, BlueCat Networks, HyTrust, and Mocana, and was an observer on the Qualys (QLYS) Board of Directors. In addition to his board work on behalf of Trident, Alberto is on the Board of Coveo, the Board of Trustees of the University of San Francisco, and is Chairman of the Hispanic IT Executive Council (HITEC).

Alberto’s past directorships include Solera Networks (acquired by Blue Coat Systems), enCommerce (acquired by Entrust), Entrust (ENTU, acquired by Thoma Bravo), Third Brigade (acquired by Trend Micro), Thor Technologies (acquired by Oracle), and Vitria (VITR, taken private).

Prior to Trident, Alberto was a serial entrepreneur with a successful track record of building global businesses and leading them to successful exits. He was the founder, chairman, and CEO of enCommerce, co-CEO and president of Entrust (ENTU), and chairman and CEO of Thor Technologies. He also held senior management positions at Oracle and Apple. He was an angel investor in Securent (acquired by Cisco) and Apigee.

In addition, Alberto worked as an Entrepreneur in Residence at Warburg Pincus, served as Executive Chairman of a Bain Capital portfolio company, and was a consultant to the US Department of Defence as part of the DeVenCI Initiative.

Born and raised in Peru, Alberto earned a B.S. in Computer Engineering, Computer Science, and Electronic Physics from the University of San Francisco and attended the Kellogg School of Management at Northwestern University and the Universidad Nacional de Ingenieria in Lima, Peru.

Outside of Trident, Alberto enjoys traveling with his family and eating Peruvian food.",san-mateo-california,,saas-enterprise,
Alberto Zurano,"As the founder and visionary behind @suitpax, my mission is to transform the travel experience by offering personalized, premium services that enhance how individuals and businesses access airport services. With a deep passion for technology and the travel industry, I aim to redefine convenience and exclusivity, ensuring that every journey is seamless and elevated.

My extensive experience in marketing has fueled my drive to innovate and create transformative solutions. At Suitpax, I am dedicated to developing a suite of premium services that cater to the evolving needs of modern travelers. By combining expertise, creativity, and a commitment to excellence, I strive to create offerings that are both sophisticated and accessible.

What drives me is the pursuit of personalized service that meets the highest standards of luxury and convenience. Our dedicated 24/7 concierge team is committed to delivering exceptional support, ensuring travelers enjoy a seamless and enriching experience. With every new initiative, I remain focused on pushing boundaries and creating a culture of innovation that resonates with today’s discerning travelers.",alicante-comunidad-valenciana,,,
Albert Patajo,,sydney-new-south-wales,"early_stage_venture, seed",,
Albert Poghosyan,Albert Poghosyan is the Co-Founder and CEO at 360 Stories.,new-york-new-york,,,
Albert Prast,Albert Prast is the Chief Technology Officer at AdaptHealth. He attended University of Michigan.,orlando-florida,seed,,
Albert Ribera,"After graduating with a degree in Educational sciences, I worked for three e-learning. While there, I learned a great deal both on a personal and professional level. Eventually opportunity knocked and offered me the chance to advance my career by moving to an Internet company, Emagister (grupo intercom). After I worked at Trovit, I'm SEO/SEM and product manager. I'm partner at Trovit. From October 2011 I'm the CEO and Founder of Link To Media. This company specializes in creating and monetizing content on a wide range of topics covered by its network of experts. Link To Media’s network currently receives over one million monthly users to its two web sites www.uncomo.com and www.uncome.it. Link To Meedia focuses on creating long-lived internet content (focusing on video content) that would likely generate revenue over a long period of time. We are focus on spanish, italian and brasilian markets. Link To Media’s platform uses proprietary technology to analyze trends on social networks and search engines and create optimized content accordingly. The company also offers competitively priced content creation services for companies looking to improve their online presence and user engagement.
Specialties

SEO, SEM, SMO, Prototyping (tools & methods), usability, manage (e-learning & Internet projects), management team (3 - 30 persons).",barcelona-catalonia,seed,,
Albert Roberson,"Albert Roberson, the visionary Founder and CEO of Clerksy, an American software company based in Orange County, CA. Since 2018, Clerksy has been revolutionizing businesses with intuitive AI-powered people operations applications. Their mission is to seamlessly integrate data into operations using cutting-edge AI and machine learning. Discover more at https://www.clerksyhr.com.",irvine-california,,,
Albert Sheu,,san-francisco-california,seed,,
Albert Shyy,"Albert joined Burda in 2017 and heads Burda Principal Investments' Singapore office. Previously he was at GREE Ventures from 2014 to 2017, where he led the fund's investment team in Southeast Asia and India as Principal while working closely with many of its portfolio companies including Kudo, Berrybenka, and Bukalapak. Prior to this, he served as a Director at Lazada Group, Southeast Asia’s largest ecommerce retailer, helping build the company’s Marketplace business across the region. Other professional experience includes co-founding an online menswear company in the US called AlbertMing Inc. and spending 5 years as a consultant at Monitor Group across the US and Asia. He completed his MBA at the University of California, Berkeley and studied at the University of Pennsylvania with dual degrees in economics and systems engineering. He currently sits on the board of Priceza, Zilingo, Carsome, and Hmlet.",singapore-central-region,,fintech,
Albert Wang,Albert Wang is the Founding Partner of Maintrend Capital. He previously worked at SAIF Partners as a Partner. Albert Wang attended The Chinese University of Hong Kong.,beijing-beijing,,,
Albert Wenger,"Albert Wenger is a managing partner at Union Square Ventures. Before joining USV, Albert was the president of del.icio.us through the company’s sale to Yahoo and an angel investor (Etsy, Tumblr). He previously founded or co-founded several companies, including a management consulting firm and an early hosted data analytics company. Albert graduated from Harvard College in economics and computer science and holds a Ph.D. in Information Technology from MIT.",new-york-new-york,"Series B+, Seed, seed, Series A","saas-enterprise,ai-ml,data-analytics","Tumblr, Sift"
Albert Zhang,Current CS undergrad at Stanford,,early_stage_venture,"ai-ml,cybersecurity",
Albi Zhulali,"Albi Zhulali is an Albanian technology entrepreneur. He is the founder and CEO of EU Presence, a platform that makes non-EU businesses achieve regulatory and operational compliance within the European Union. Albi also invests in early-stage startups through Founders Catalyst, a venture studio that supports promising entrepreneurs.

Prior to EU Presence, he was the founder & CEO of Softmogul, a versatile platform for unifying all hotel operations used by hospitality professionals.

Albi's interest in technology and entrepreneurship began at an early age and he pursued his passion by attending Draper University's innovation and entrepreneurship program in Silicon Valley. He excelled and was ranked second in his class, in addition to winning the hackathon competition.

In addition to his role as CEO, Albi is also the host of the Founders Room Podcast, a podcast that features interviews with successful entrepreneurs and business leaders from around the world. Through his podcast, Albi shares his insights and knowledge of entrepreneurship, technology, and business strategy with listeners from all walks of life.

Albi is known for his innovative thinking, his passion for technology, and his commitment to excellence. He is a highly respected leader in the tech industry, and his work has been recognized through awards and accolades.",san-francisco-california,,,
Al Campa,Al Campa is the Founder of Rocket Scale. He attended Stanford University.,san-francisco-california,,,
